[2025-12-28 08:53:32,915][INFO] root: Logging initialized at INFO level. Log file: data/logs/divine_world.log
[2025-12-28 08:53:33,277][INFO] frontend_builder: Using npm at: /usr/bin/npm
[2025-12-28 08:53:34,600][INFO] agent_spawner: AgentClientManager initialized with Minecraft support: /home/devlord/divine-world-core/DWClientBot/build/libs/DWClientBot.jar
[2025-12-28 08:53:34,601][INFO] agent_spawner: AgentSpawner initialized in MINECRAFT mode
[2025-12-28 08:53:34,623][INFO] packager: ✅ Found frontend at: /home/devlord/divine-world-core/dw_agent/electron/react-app
[2025-12-28 08:53:34,637][INFO] auto_packager: 📦 Packaging worker started
[2025-12-28 08:53:34,637][INFO] auto_packager: AutoPackaging system initialized (output: /home/devlord/divine-world-core/npc_applications)
[2025-12-28 08:53:34,638][INFO] auto_packager: Auto-packaging enabled
[2025-12-28 08:53:34,638][INFO] dw_backend: Enhanced Agent Manager initialized with binary protocol
[2025-12-28 08:53:34,638][INFO] auto_connect: AutoConnect System initialized
[2025-12-28 08:53:34,638][INFO] auto_connect:   Agents Folder: npc_applications
[2025-12-28 08:53:34,638][INFO] auto_connect:   Server: 127.0.0.1:25565
[2025-12-28 08:53:34,642][INFO] auto_connect: ✅ Auto-connect system integrated with backend
[2025-12-28 08:53:35,957][INFO] dw_backend: ✅ Chat system imported successfully
[2025-12-28 08:53:35,958][INFO] dw_backend: 🌉 WebSocket Chat Bridge initialized
[2025-12-28 08:53:35,958][INFO] dw_backend: ✅ Chat system bridged to main WebSocket handlers
[2025-12-28 08:53:50,195][WARNING] dw_backend: S3 client initialization failed: Could not connect to the endpoint URL: "http://127.0.0.1:9000/divine-world"
[2025-12-28 08:53:53,687][INFO] root: Logging initialized at INFO level. Log file: data/logs/divine_world.log
[2025-12-28 08:53:53,689][INFO] agent_spawner: AgentClientManager initialized with Minecraft support: /home/devlord/divine-world-core/DWClientBot/build/libs/DWClientBot.jar
[2025-12-28 08:53:53,689][INFO] agent_spawner: AgentSpawner initialized in MINECRAFT mode
[2025-12-28 08:53:53,700][INFO] packager: ✅ Found frontend at: /home/devlord/divine-world-core/dw_agent/electron/react-app
[2025-12-28 08:53:53,700][INFO] auto_packager: 📦 Packaging worker started
[2025-12-28 08:53:53,701][INFO] auto_packager: AutoPackaging system initialized (output: /home/devlord/divine-world-core/npc_applications)
[2025-12-28 08:53:53,701][INFO] auto_packager: Auto-packaging enabled
[2025-12-28 08:53:53,701][INFO] dw_backend: Enhanced Agent Manager initialized with binary protocol
[2025-12-28 08:53:53,702][INFO] auto_connect: AutoConnect System initialized
[2025-12-28 08:53:53,702][INFO] auto_connect:   Agents Folder: npc_applications
[2025-12-28 08:53:53,702][INFO] auto_connect:   Server: 127.0.0.1:25565
[2025-12-28 08:53:53,705][INFO] auto_connect: ✅ Auto-connect system integrated with backend
[2025-12-28 08:53:53,705][INFO] dw_backend: ✅ Chat system imported successfully
[2025-12-28 08:53:53,706][INFO] dw_backend: 🌉 WebSocket Chat Bridge initialized
[2025-12-28 08:53:53,706][INFO] dw_backend: ✅ Chat system bridged to main WebSocket handlers
[2025-12-28 08:54:02,500][WARNING] dw_backend: S3 client initialization failed: Could not connect to the endpoint URL: "http://127.0.0.1:9000/divine-world"
[2025-12-28 09:12:17,213][INFO] root: Logging initialized at INFO level. Log file: data/logs/divine_world.log
[2025-12-28 09:12:17,512][INFO] frontend_builder: Using npm at: /usr/bin/npm
[2025-12-28 09:12:18,675][INFO] agent_spawner: AgentClientManager initialized with Minecraft support: /home/devlord/divine-world-core/DWClientBot/build/libs/DWClientBot.jar
[2025-12-28 09:12:18,675][INFO] agent_spawner: AgentSpawner initialized in MINECRAFT mode
[2025-12-28 09:12:18,691][INFO] packager: ✅ Found frontend at: /home/devlord/divine-world-core/dw_agent/electron/react-app
[2025-12-28 09:12:18,693][INFO] auto_packager: 📦 Packaging worker started
[2025-12-28 09:12:18,693][INFO] auto_packager: AutoPackaging system initialized (output: /home/devlord/divine-world-core/npc_applications)
[2025-12-28 09:12:18,693][INFO] auto_packager: Auto-packaging enabled
[2025-12-28 09:12:18,694][INFO] dw_backend: Enhanced Agent Manager initialized with binary protocol
[2025-12-28 09:12:18,695][INFO] auto_connect: AutoConnect System initialized
[2025-12-28 09:12:18,695][INFO] auto_connect:   Agents Folder: npc_applications
[2025-12-28 09:12:18,696][INFO] auto_connect:   Server: 127.0.0.1:25565
[2025-12-28 09:12:18,706][INFO] auto_connect: ✅ Auto-connect system integrated with backend
[2025-12-28 09:12:19,566][INFO] dw_backend: ✅ Chat system imported successfully
[2025-12-28 09:12:19,567][INFO] dw_backend: 🌉 WebSocket Chat Bridge initialized
[2025-12-28 09:12:19,567][INFO] dw_backend: ✅ Chat system bridged to main WebSocket handlers
[2025-12-28 09:12:27,968][WARNING] dw_backend: S3 client initialization failed: Could not connect to the endpoint URL: "http://127.0.0.1:9000/divine-world"
[2025-12-28 09:12:30,544][INFO] root: Logging initialized at INFO level. Log file: data/logs/divine_world.log
[2025-12-28 09:12:30,547][INFO] agent_spawner: AgentClientManager initialized with Minecraft support: /home/devlord/divine-world-core/DWClientBot/build/libs/DWClientBot.jar
[2025-12-28 09:12:30,547][INFO] agent_spawner: AgentSpawner initialized in MINECRAFT mode
[2025-12-28 09:12:30,548][INFO] packager: ✅ Found frontend at: /home/devlord/divine-world-core/dw_agent/electron/react-app
[2025-12-28 09:12:30,549][INFO] auto_packager: 📦 Packaging worker started
[2025-12-28 09:12:30,550][INFO] auto_packager: AutoPackaging system initialized (output: /home/devlord/divine-world-core/npc_applications)
[2025-12-28 09:12:30,550][INFO] auto_packager: Auto-packaging enabled
[2025-12-28 09:12:30,550][INFO] dw_backend: Enhanced Agent Manager initialized with binary protocol
[2025-12-28 09:12:30,552][INFO] auto_connect: AutoConnect System initialized
[2025-12-28 09:12:30,552][INFO] auto_connect:   Agents Folder: npc_applications
[2025-12-28 09:12:30,553][INFO] auto_connect:   Server: 127.0.0.1:25565
[2025-12-28 09:12:30,558][INFO] auto_connect: ✅ Auto-connect system integrated with backend
[2025-12-28 09:12:30,558][INFO] dw_backend: ✅ Chat system imported successfully
[2025-12-28 09:12:30,560][INFO] dw_backend: 🌉 WebSocket Chat Bridge initialized
[2025-12-28 09:12:30,563][INFO] dw_backend: ✅ Chat system bridged to main WebSocket handlers
[2025-12-28 09:12:38,927][WARNING] dw_backend: S3 client initialization failed: Could not connect to the endpoint URL: "http://127.0.0.1:9000/divine-world"
[2025-12-28 09:13:52,027][INFO] root: Logging initialized at INFO level. Log file: data/logs/divine_world.log
[2025-12-28 09:13:52,269][INFO] frontend_builder: Using npm at: /usr/bin/npm
[2025-12-28 09:13:53,376][INFO] agent_spawner: AgentClientManager initialized with Minecraft support: /home/devlord/divine-world-core/DWClientBot/build/libs/DWClientBot.jar
[2025-12-28 09:13:53,376][INFO] agent_spawner: AgentSpawner initialized in MINECRAFT mode
[2025-12-28 09:13:53,443][INFO] packager: ✅ Found frontend at: /home/devlord/divine-world-core/dw_agent/electron/react-app
[2025-12-28 09:13:53,444][INFO] auto_packager: 📦 Packaging worker started
[2025-12-28 09:13:53,444][INFO] auto_packager: AutoPackaging system initialized (output: /home/devlord/divine-world-core/npc_applications)
[2025-12-28 09:13:53,444][INFO] auto_packager: Auto-packaging enabled
[2025-12-28 09:13:53,445][INFO] dw_backend: Enhanced Agent Manager initialized with binary protocol
[2025-12-28 09:13:53,445][INFO] auto_connect: AutoConnect System initialized
[2025-12-28 09:13:53,445][INFO] auto_connect:   Agents Folder: npc_applications
[2025-12-28 09:13:53,445][INFO] auto_connect:   Server: 127.0.0.1:25565
[2025-12-28 09:13:53,448][INFO] auto_connect: ✅ Auto-connect system integrated with backend
[2025-12-28 09:13:53,795][INFO] dw_backend: ✅ Chat system imported successfully
[2025-12-28 09:13:53,795][INFO] dw_backend: 🌉 WebSocket Chat Bridge initialized
[2025-12-28 09:13:53,795][INFO] dw_backend: ✅ Chat system bridged to main WebSocket handlers
[2025-12-28 09:14:04,530][WARNING] dw_backend: S3 client initialization failed: Could not connect to the endpoint URL: "http://127.0.0.1:9000/divine-world"
[2025-12-28 09:14:05,177][INFO] root: Logging initialized at INFO level. Log file: data/logs/divine_world.log
[2025-12-28 09:14:05,189][INFO] agent_spawner: AgentClientManager initialized with Minecraft support: /home/devlord/divine-world-core/DWClientBot/build/libs/DWClientBot.jar
[2025-12-28 09:14:05,189][INFO] agent_spawner: AgentSpawner initialized in MINECRAFT mode
[2025-12-28 09:14:05,201][INFO] packager: ✅ Found frontend at: /home/devlord/divine-world-core/dw_agent/electron/react-app
[2025-12-28 09:14:05,202][INFO] auto_packager: 📦 Packaging worker started
[2025-12-28 09:14:05,202][INFO] auto_packager: AutoPackaging system initialized (output: /home/devlord/divine-world-core/npc_applications)
[2025-12-28 09:14:05,203][INFO] auto_packager: Auto-packaging enabled
[2025-12-28 09:14:05,203][INFO] dw_backend: Enhanced Agent Manager initialized with binary protocol
[2025-12-28 09:14:05,203][INFO] auto_connect: AutoConnect System initialized
[2025-12-28 09:14:05,203][INFO] auto_connect:   Agents Folder: npc_applications
[2025-12-28 09:14:05,203][INFO] auto_connect:   Server: 127.0.0.1:25565
[2025-12-28 09:14:05,205][INFO] auto_connect: ✅ Auto-connect system integrated with backend
[2025-12-28 09:14:05,205][INFO] dw_backend: ✅ Chat system imported successfully
[2025-12-28 09:14:05,205][INFO] dw_backend: 🌉 WebSocket Chat Bridge initialized
[2025-12-28 09:14:05,205][INFO] dw_backend: ✅ Chat system bridged to main WebSocket handlers
[2025-12-28 09:14:12,513][WARNING] dw_backend: S3 client initialization failed: Could not connect to the endpoint URL: "http://127.0.0.1:9000/divine-world"
[2025-12-28 09:23:06,619][INFO] root: Logging initialized at INFO level. Log file: data/logs/divine_world.log
[2025-12-28 09:23:06,945][INFO] frontend_builder: Using npm at: /usr/bin/npm
[2025-12-28 09:23:11,158][INFO] agent_spawner: AgentClientManager initialized with Minecraft support: /home/devlord/divine-world-core/DWClientBot/build/libs/DWClientBot.jar
[2025-12-28 09:23:11,158][INFO] agent_spawner: AgentSpawner initialized in MINECRAFT mode
[2025-12-28 09:23:11,159][INFO] packager: ✅ Found frontend at: /home/devlord/divine-world-core/dw_agent/electron/react-app
[2025-12-28 09:23:11,160][INFO] auto_packager: 📦 Packaging worker started
[2025-12-28 09:23:11,160][INFO] auto_packager: AutoPackaging system initialized (output: /home/devlord/divine-world-core/npc_applications)
[2025-12-28 09:23:11,161][INFO] auto_packager: Auto-packaging enabled
[2025-12-28 09:23:11,161][INFO] dw_backend: Enhanced Agent Manager initialized with binary protocol
[2025-12-28 09:23:11,161][INFO] auto_connect: AutoConnect System initialized
[2025-12-28 09:23:11,161][INFO] auto_connect:   Agents Folder: npc_applications
[2025-12-28 09:23:11,161][INFO] auto_connect:   Server: 127.0.0.1:25565
[2025-12-28 09:23:11,164][INFO] auto_connect: ✅ Auto-connect system integrated with backend
[2025-12-28 09:23:11,585][INFO] dw_backend: ✅ Chat system imported successfully
[2025-12-28 09:23:11,585][INFO] dw_backend: 🌉 WebSocket Chat Bridge initialized
[2025-12-28 09:23:11,585][INFO] dw_backend: ✅ Chat system bridged to main WebSocket handlers
[2025-12-28 09:23:31,677][WARNING] dw_backend: S3 client initialization failed: Could not connect to the endpoint URL: "http://127.0.0.1:9000/divine-world"
[2025-12-28 09:23:32,530][INFO] root: Logging initialized at INFO level. Log file: data/logs/divine_world.log
[2025-12-28 09:23:32,532][INFO] agent_spawner: AgentClientManager initialized with Minecraft support: /home/devlord/divine-world-core/DWClientBot/build/libs/DWClientBot.jar
[2025-12-28 09:23:32,533][INFO] agent_spawner: AgentSpawner initialized in MINECRAFT mode
[2025-12-28 09:23:32,534][INFO] packager: ✅ Found frontend at: /home/devlord/divine-world-core/dw_agent/electron/react-app
[2025-12-28 09:23:32,537][INFO] auto_packager: 📦 Packaging worker started
[2025-12-28 09:23:32,539][INFO] auto_packager: AutoPackaging system initialized (output: /home/devlord/divine-world-core/npc_applications)
[2025-12-28 09:23:32,539][INFO] auto_packager: Auto-packaging enabled
[2025-12-28 09:23:32,540][INFO] dw_backend: Enhanced Agent Manager initialized with binary protocol
[2025-12-28 09:23:32,540][INFO] auto_connect: AutoConnect System initialized
[2025-12-28 09:23:32,540][INFO] auto_connect:   Agents Folder: npc_applications
[2025-12-28 09:23:32,541][INFO] auto_connect:   Server: 127.0.0.1:25565
[2025-12-28 09:23:32,544][INFO] auto_connect: ✅ Auto-connect system integrated with backend
[2025-12-28 09:23:32,545][INFO] dw_backend: ✅ Chat system imported successfully
[2025-12-28 09:23:32,546][INFO] dw_backend: 🌉 WebSocket Chat Bridge initialized
[2025-12-28 09:23:32,547][INFO] dw_backend: ✅ Chat system bridged to main WebSocket handlers
[2025-12-28 09:23:37,621][WARNING] dw_backend: S3 client initialization failed: Could not connect to the endpoint URL: "http://127.0.0.1:9000/divine-world"
[2025-12-28 16:00:16,902][INFO] root: Logging initialized at INFO level. Log file: data/logs/divine_world.log
[2025-12-28 16:00:17,009][INFO] frontend_builder: Using npm at: /usr/bin/npm
[2025-12-28 16:00:19,228][INFO] agent_spawner: AgentClientManager initialized with Minecraft support: /home/devlord/divine-world-core/DWClientBot/build/libs/DWClientBot.jar
[2025-12-28 16:00:19,232][INFO] agent_spawner: AgentSpawner initialized in MINECRAFT mode
[2025-12-28 16:00:19,233][INFO] packager: ✅ Found frontend at: /home/devlord/divine-world-core/dw_agent/electron/react-app
[2025-12-28 16:00:19,237][INFO] auto_packager: 📦 Packaging worker started
[2025-12-28 16:00:19,238][INFO] auto_packager: AutoPackaging system initialized (output: /home/devlord/divine-world-core/npc_applications)
[2025-12-28 16:00:19,245][INFO] auto_packager: Auto-packaging enabled
[2025-12-28 16:00:19,245][INFO] dw_backend: Enhanced Agent Manager initialized with binary protocol
[2025-12-28 16:00:19,245][INFO] auto_connect: AutoConnect System initialized
[2025-12-28 16:00:19,245][INFO] auto_connect:   Agents Folder: npc_applications
[2025-12-28 16:00:19,246][INFO] auto_connect:   Server: 127.0.0.1:25565
[2025-12-28 16:00:19,260][INFO] auto_connect: ✅ Auto-connect system integrated with backend
[2025-12-28 16:00:19,350][INFO] dw_backend: ✅ Chat system imported successfully
[2025-12-28 16:00:19,353][INFO] dw_backend: 🌉 WebSocket Chat Bridge initialized
[2025-12-28 16:00:19,356][INFO] dw_backend: ✅ Chat system bridged to main WebSocket handlers
[2025-12-28 16:00:28,393][WARNING] dw_backend: S3 client initialization failed: Could not connect to the endpoint URL: "http://127.0.0.1:9000/divine-world"
[2025-12-28 16:00:30,276][INFO] root: Logging initialized at INFO level. Log file: data/logs/divine_world.log
[2025-12-28 16:00:30,277][INFO] agent_spawner: AgentClientManager initialized with Minecraft support: /home/devlord/divine-world-core/DWClientBot/build/libs/DWClientBot.jar
[2025-12-28 16:00:30,277][INFO] agent_spawner: AgentSpawner initialized in MINECRAFT mode
[2025-12-28 16:00:30,278][INFO] packager: ✅ Found frontend at: /home/devlord/divine-world-core/dw_agent/electron/react-app
[2025-12-28 16:00:30,279][INFO] auto_packager: 📦 Packaging worker started
[2025-12-28 16:00:30,279][INFO] auto_packager: AutoPackaging system initialized (output: /home/devlord/divine-world-core/npc_applications)
[2025-12-28 16:00:30,279][INFO] auto_packager: Auto-packaging enabled
[2025-12-28 16:00:30,280][INFO] dw_backend: Enhanced Agent Manager initialized with binary protocol
[2025-12-28 16:00:30,280][INFO] auto_connect: AutoConnect System initialized
[2025-12-28 16:00:30,280][INFO] auto_connect:   Agents Folder: npc_applications
[2025-12-28 16:00:30,280][INFO] auto_connect:   Server: 127.0.0.1:25565
[2025-12-28 16:00:30,282][INFO] auto_connect: ✅ Auto-connect system integrated with backend
[2025-12-28 16:00:30,282][INFO] dw_backend: ✅ Chat system imported successfully
[2025-12-28 16:00:30,282][INFO] dw_backend: 🌉 WebSocket Chat Bridge initialized
[2025-12-28 16:00:30,282][INFO] dw_backend: ✅ Chat system bridged to main WebSocket handlers
[2025-12-28 16:00:32,961][WARNING] dw_backend: S3 client initialization failed: Could not connect to the endpoint URL: "http://127.0.0.1:9000/divine-world"
[2025-12-28 16:05:21,369][INFO] root: Logging initialized at INFO level. Log file: data/logs/divine_world.log
[2025-12-28 16:05:21,521][INFO] frontend_builder: Using npm at: /usr/bin/npm
[2025-12-28 16:05:22,854][INFO] agent_spawner: AgentClientManager initialized with Minecraft support: /home/devlord/divine-world-core/DWClientBot/build/libs/DWClientBot.jar
[2025-12-28 16:05:22,854][INFO] agent_spawner: AgentSpawner initialized in MINECRAFT mode
[2025-12-28 16:05:22,854][INFO] packager: ✅ Found frontend at: /home/devlord/divine-world-core/dw_agent/electron/react-app
[2025-12-28 16:05:22,855][INFO] auto_packager: 📦 Packaging worker started
[2025-12-28 16:05:22,855][INFO] auto_packager: AutoPackaging system initialized (output: /home/devlord/divine-world-core/npc_applications)
[2025-12-28 16:05:22,855][INFO] auto_packager: Auto-packaging enabled
[2025-12-28 16:05:22,855][INFO] dw_backend: Enhanced Agent Manager initialized with binary protocol
[2025-12-28 16:05:22,855][INFO] auto_connect: AutoConnect System initialized
[2025-12-28 16:05:22,856][INFO] auto_connect:   Agents Folder: npc_applications
[2025-12-28 16:05:22,856][INFO] auto_connect:   Server: 127.0.0.1:25565
[2025-12-28 16:05:22,859][INFO] auto_connect: ✅ Auto-connect system integrated with backend
[2025-12-28 16:05:23,063][INFO] dw_backend: ✅ Chat system imported successfully
[2025-12-28 16:05:23,064][INFO] dw_backend: 🌉 WebSocket Chat Bridge initialized
[2025-12-28 16:05:23,064][INFO] dw_backend: ✅ Chat system bridged to main WebSocket handlers
[2025-12-28 16:05:27,707][WARNING] dw_backend: S3 client initialization failed: Could not connect to the endpoint URL: "http://127.0.0.1:9000/divine-world"
[2025-12-28 16:05:28,366][INFO] root: Logging initialized at INFO level. Log file: data/logs/divine_world.log
[2025-12-28 16:05:28,367][INFO] agent_spawner: AgentClientManager initialized with Minecraft support: /home/devlord/divine-world-core/DWClientBot/build/libs/DWClientBot.jar
[2025-12-28 16:05:28,368][INFO] agent_spawner: AgentSpawner initialized in MINECRAFT mode
[2025-12-28 16:05:28,369][INFO] packager: ✅ Found frontend at: /home/devlord/divine-world-core/dw_agent/electron/react-app
[2025-12-28 16:05:28,370][INFO] auto_packager: 📦 Packaging worker started
[2025-12-28 16:05:28,370][INFO] auto_packager: AutoPackaging system initialized (output: /home/devlord/divine-world-core/npc_applications)
[2025-12-28 16:05:28,371][INFO] auto_packager: Auto-packaging enabled
[2025-12-28 16:05:28,371][INFO] dw_backend: Enhanced Agent Manager initialized with binary protocol
[2025-12-28 16:05:28,371][INFO] auto_connect: AutoConnect System initialized
[2025-12-28 16:05:28,371][INFO] auto_connect:   Agents Folder: npc_applications
[2025-12-28 16:05:28,372][INFO] auto_connect:   Server: 127.0.0.1:25565
[2025-12-28 16:05:28,375][INFO] auto_connect: ✅ Auto-connect system integrated with backend
[2025-12-28 16:05:28,375][INFO] dw_backend: ✅ Chat system imported successfully
[2025-12-28 16:05:28,376][INFO] dw_backend: 🌉 WebSocket Chat Bridge initialized
[2025-12-28 16:05:28,376][INFO] dw_backend: ✅ Chat system bridged to main WebSocket handlers
[2025-12-28 16:05:36,073][WARNING] dw_backend: S3 client initialization failed: Could not connect to the endpoint URL: "http://127.0.0.1:9000/divine-world"
[2025-12-28 19:31:07,630][INFO] root: Logging initialized at INFO level. Log file: data/logs/divine_world.log
[2025-12-28 19:31:10,339][INFO] frontend_builder: Using npm at: /usr/bin/npm
[2025-12-28 19:31:14,378][INFO] agent_spawner: AgentClientManager initialized with Minecraft support: /home/devlord/divine-world-core/DWClientBot/build/libs/DWClientBot.jar
[2025-12-28 19:31:14,379][INFO] agent_spawner: AgentSpawner initialized in MINECRAFT mode
[2025-12-28 19:31:14,615][INFO] packager: ✅ Found frontend at: /home/devlord/divine-world-core/dw_agent/electron/react-app
[2025-12-28 19:31:14,791][INFO] auto_packager: 📦 Packaging worker started
[2025-12-28 19:31:14,791][INFO] auto_packager: AutoPackaging system initialized (output: /home/devlord/divine-world-core/npc_applications)
[2025-12-28 19:31:14,792][INFO] auto_packager: Auto-packaging enabled
[2025-12-28 19:31:14,792][INFO] dw_backend: Enhanced Agent Manager initialized with binary protocol
[2025-12-28 19:31:14,792][INFO] auto_connect: AutoConnect System initialized
[2025-12-28 19:31:14,792][INFO] auto_connect:   Agents Folder: npc_applications
[2025-12-28 19:31:14,792][INFO] auto_connect:   Server: 127.0.0.1:25565
[2025-12-28 19:31:14,797][INFO] auto_connect: ✅ Auto-connect system integrated with backend
[2025-12-28 19:31:16,344][INFO] dw_backend: ✅ Chat system imported successfully
[2025-12-28 19:31:16,344][INFO] dw_backend: 🌉 WebSocket Chat Bridge initialized
[2025-12-28 19:31:16,345][INFO] dw_backend: ✅ Chat system bridged to main WebSocket handlers
[2025-12-28 19:31:40,707][WARNING] dw_backend: S3 client initialization failed: Could not connect to the endpoint URL: "http://127.0.0.1:9000/divine-world"
[2025-12-28 19:32:26,005][INFO] root: Logging initialized at INFO level. Log file: data/logs/divine_world.log
[2025-12-28 19:32:26,916][INFO] agent_spawner: AgentClientManager initialized with Minecraft support: /home/devlord/divine-world-core/DWClientBot/build/libs/DWClientBot.jar
[2025-12-28 19:32:26,916][INFO] agent_spawner: AgentSpawner initialized in MINECRAFT mode
[2025-12-28 19:32:27,302][INFO] packager: ✅ Found frontend at: /home/devlord/divine-world-core/dw_agent/electron/react-app
[2025-12-28 19:32:27,419][INFO] auto_packager: 📦 Packaging worker started
[2025-12-28 19:32:27,419][INFO] auto_packager: AutoPackaging system initialized (output: /home/devlord/divine-world-core/npc_applications)
[2025-12-28 19:32:27,420][INFO] auto_packager: Auto-packaging enabled
[2025-12-28 19:32:27,420][INFO] dw_backend: Enhanced Agent Manager initialized with binary protocol
[2025-12-28 19:32:27,420][INFO] auto_connect: AutoConnect System initialized
[2025-12-28 19:32:27,420][INFO] auto_connect:   Agents Folder: npc_applications
[2025-12-28 19:32:27,420][INFO] auto_connect:   Server: 127.0.0.1:25565
[2025-12-28 19:32:28,191][INFO] auto_connect: ✅ Auto-connect system integrated with backend
[2025-12-28 19:32:28,192][INFO] dw_backend: ✅ Chat system imported successfully
[2025-12-28 19:32:28,192][INFO] dw_backend: 🌉 WebSocket Chat Bridge initialized
[2025-12-28 19:32:28,192][INFO] dw_backend: ✅ Chat system bridged to main WebSocket handlers
[2025-12-28 19:32:42,778][WARNING] dw_backend: S3 client initialization failed: Could not connect to the endpoint URL: "http://127.0.0.1:9000/divine-world"
[2025-12-28 19:38:29,419][INFO] root: Logging initialized at INFO level. Log file: data/logs/divine_world.log
[2025-12-28 19:38:31,237][INFO] frontend_builder: Using npm at: /usr/bin/npm
[2025-12-28 19:38:35,521][INFO] agent_spawner: AgentClientManager initialized with Minecraft support: /home/devlord/divine-world-core/DWClientBot/build/libs/DWClientBot.jar
[2025-12-28 19:38:35,551][INFO] agent_spawner: AgentSpawner initialized in MINECRAFT mode
[2025-12-28 19:38:35,586][INFO] packager: ✅ Found frontend at: /home/devlord/divine-world-core/dw_agent/electron/react-app
[2025-12-28 19:38:35,586][INFO] auto_packager: 📦 Packaging worker started
[2025-12-28 19:38:35,587][INFO] auto_packager: AutoPackaging system initialized (output: /home/devlord/divine-world-core/npc_applications)
[2025-12-28 19:38:35,587][INFO] auto_packager: Auto-packaging enabled
[2025-12-28 19:38:35,588][INFO] dw_backend: Enhanced Agent Manager initialized with binary protocol
[2025-12-28 19:38:35,589][INFO] auto_connect: AutoConnect System initialized
[2025-12-28 19:38:35,593][INFO] auto_connect:   Agents Folder: npc_applications
[2025-12-28 19:38:35,597][INFO] auto_connect:   Server: 127.0.0.1:25565
[2025-12-28 19:38:35,627][INFO] auto_connect: ✅ Auto-connect system integrated with backend
[2025-12-28 19:38:35,957][INFO] dw_backend: ✅ Chat system imported successfully
[2025-12-28 19:38:35,957][INFO] dw_backend: 🌉 WebSocket Chat Bridge initialized
[2025-12-28 19:38:35,958][INFO] dw_backend: ✅ Chat system bridged to main WebSocket handlers
[2025-12-28 19:38:47,881][WARNING] dw_backend: S3 client initialization failed: Could not connect to the endpoint URL: "http://127.0.0.1:9000/divine-world"
[2025-12-28 19:38:48,556][INFO] root: Logging initialized at INFO level. Log file: data/logs/divine_world.log
[2025-12-28 19:38:48,557][INFO] agent_spawner: AgentClientManager initialized with Minecraft support: /home/devlord/divine-world-core/DWClientBot/build/libs/DWClientBot.jar
[2025-12-28 19:38:48,558][INFO] agent_spawner: AgentSpawner initialized in MINECRAFT mode
[2025-12-28 19:38:48,559][INFO] packager: ✅ Found frontend at: /home/devlord/divine-world-core/dw_agent/electron/react-app
[2025-12-28 19:38:48,559][INFO] auto_packager: 📦 Packaging worker started
[2025-12-28 19:38:48,561][INFO] auto_packager: AutoPackaging system initialized (output: /home/devlord/divine-world-core/npc_applications)
[2025-12-28 19:38:48,561][INFO] auto_packager: Auto-packaging enabled
[2025-12-28 19:38:48,561][INFO] dw_backend: Enhanced Agent Manager initialized with binary protocol
[2025-12-28 19:38:48,562][INFO] auto_connect: AutoConnect System initialized
[2025-12-28 19:38:48,562][INFO] auto_connect:   Agents Folder: npc_applications
[2025-12-28 19:38:48,562][INFO] auto_connect:   Server: 127.0.0.1:25565
[2025-12-28 19:38:48,568][INFO] auto_connect: ✅ Auto-connect system integrated with backend
[2025-12-28 19:38:48,568][INFO] dw_backend: ✅ Chat system imported successfully
[2025-12-28 19:38:48,568][INFO] dw_backend: 🌉 WebSocket Chat Bridge initialized
[2025-12-28 19:38:48,569][INFO] dw_backend: ✅ Chat system bridged to main WebSocket handlers
[2025-12-28 19:38:59,104][WARNING] dw_backend: S3 client initialization failed: Could not connect to the endpoint URL: "http://127.0.0.1:9000/divine-world"
[2025-12-28 19:39:13,085][INFO] dw_backend: [Divine] Genesis invoked by console
[2025-12-28 19:39:13,086][INFO] dw_backend: Creating demo agent: genesis_1
[2025-12-28 19:39:13,191][ERROR] cassandra.cluster: Compression is enabled, but no compression libraries are available. Disabling compression, consider installing one of the Python packages: lz4 and/or python-snappy.
[2025-12-28 19:39:13,343][WARNING] cassandra.cluster: [control connection] Error connecting to 127.0.0.1:9042:
Traceback (most recent call last):
  File "cassandra/cluster.py", line 3547, in cassandra.cluster.ControlConnection._connect_host_in_lbp
  File "cassandra/cluster.py", line 3593, in cassandra.cluster.ControlConnection._try_connect
  File "cassandra/cluster.py", line 1648, in cassandra.cluster.Cluster.connection_factory
  File "cassandra/connection.py", line 858, in cassandra.connection.Connection.factory
  File "/home/devlord/divine-world-core/py_backend/dw_env/lib/python3.13/site-packages/cassandra/io/libevreactor.py", line 272, in __init__
    self._connect_socket()
    ~~~~~~~~~~~~~~~~~~~~^^
  File "cassandra/connection.py", line 980, in cassandra.connection.Connection._connect_socket
ConnectionRefusedError: [Errno 111] Tried connecting to [('127.0.0.1', 9042)]. Last error: Connection refused
[2025-12-28 19:39:13,358][WARNING] cassandra.cluster: [control connection] Error connecting to 127.0.0.1:9042:
Traceback (most recent call last):
  File "cassandra/cluster.py", line 3547, in cassandra.cluster.ControlConnection._connect_host_in_lbp
  File "cassandra/cluster.py", line 3593, in cassandra.cluster.ControlConnection._try_connect
  File "cassandra/cluster.py", line 1648, in cassandra.cluster.Cluster.connection_factory
  File "cassandra/connection.py", line 858, in cassandra.connection.Connection.factory
  File "/home/devlord/divine-world-core/py_backend/dw_env/lib/python3.13/site-packages/cassandra/io/libevreactor.py", line 272, in __init__
    self._connect_socket()
    ~~~~~~~~~~~~~~~~~~~~^^
  File "cassandra/connection.py", line 980, in cassandra.connection.Connection._connect_socket
ConnectionRefusedError: [Errno 111] Tried connecting to [('127.0.0.1', 9042)]. Last error: Connection refused
[2025-12-28 19:39:13,359][ERROR] cassandra.cluster: Control connection failed to connect, shutting down Cluster:
Traceback (most recent call last):
  File "cassandra/cluster.py", line 1723, in cassandra.cluster.Cluster.connect
  File "cassandra/cluster.py", line 3521, in cassandra.cluster.ControlConnection.connect
  File "cassandra/cluster.py", line 3582, in cassandra.cluster.ControlConnection._reconnect_internal
cassandra.cluster.NoHostAvailable: ('Unable to connect to any servers', {'127.0.0.1:9042': ConnectionRefusedError(111, "Tried connecting to [('127.0.0.1', 9042)]. Last error: Connection refused")})
[2025-12-28 19:39:13,359][ERROR] unified_memory: ScyllaDB initialization failed: ('Unable to connect to any servers', {'127.0.0.1:9042': ConnectionRefusedError(111, "Tried connecting to [('127.0.0.1', 9042)]. Last error: Connection refused")})
[2025-12-28 19:39:13,359][INFO] unified_memory: UnifiedMemoryStore initialized for genesis_1 (In-Memory)
[2025-12-28 19:39:19,702][INFO] brain.language: Language Intelligence initialized on cpu
[2025-12-28 19:39:19,787][INFO] brain.language: Language Intelligence initialized on cpu
[2025-12-28 19:39:19,788][INFO] brain.language: Language capabilities added to BrainCore
[2025-12-28 19:39:19,788][INFO] agent: [genesis_1] Transformer language learning initialized
[2025-12-28 19:39:20,008][INFO] world_model: Integrating WorldModel with agent genesis_1...
[2025-12-28 19:39:22,127][INFO] world_model: WorldModel initialized: 21.29M parameters
[2025-12-28 19:39:22,128][INFO] world_model: WorldModelReplayBuffer initialized: capacity=50000, seq_len=64
[2025-12-28 19:39:22,131][INFO] world_model: WorldModelTrainer initialized
[2025-12-28 19:39:22,131][INFO] world_model: ✅ WorldModel integrated with genesis_1
[2025-12-28 19:39:22,131][INFO] agent: [genesis_1] World model integrated
[2025-12-29 04:16:11,068][INFO] root: Logging initialized at INFO level. Log file: data/logs/divine_world.log
[2025-12-29 04:16:11,103][INFO] frontend_builder: Using npm at: /usr/bin/npm
[2025-12-29 04:16:11,702][INFO] agent_spawner: AgentClientManager initialized with Minecraft support: /home/devlord/divine-world-core/DWClientBot/build/libs/DWClientBot.jar
[2025-12-29 04:16:11,702][INFO] agent_spawner: AgentSpawner initialized in MINECRAFT mode
[2025-12-29 04:16:11,703][INFO] packager: ✅ Found frontend at: /home/devlord/divine-world-core/dw_agent/electron/react-app
[2025-12-29 04:16:11,703][INFO] auto_packager: 📦 Packaging worker started
[2025-12-29 04:16:11,703][INFO] auto_packager: AutoPackaging system initialized (output: /home/devlord/divine-world-core/npc_applications)
[2025-12-29 04:16:11,704][INFO] auto_packager: Auto-packaging enabled
[2025-12-29 04:16:11,704][INFO] dw_backend: Enhanced Agent Manager initialized with binary protocol
[2025-12-29 04:16:11,704][INFO] auto_connect: AutoConnect System initialized
[2025-12-29 04:16:11,704][INFO] auto_connect:   Agents Folder: npc_applications
[2025-12-29 04:16:11,704][INFO] auto_connect:   Server: 127.0.0.1:25565
[2025-12-29 04:16:11,706][INFO] auto_connect: ✅ Auto-connect system integrated with backend
[2025-12-29 04:16:11,747][INFO] dw_backend: ✅ Chat system imported successfully
[2025-12-29 04:16:11,747][INFO] dw_backend: 🌉 WebSocket Chat Bridge initialized
[2025-12-29 04:16:11,748][INFO] dw_backend: ✅ Chat system bridged to main WebSocket handlers
[2025-12-29 04:16:16,508][WARNING] dw_backend: S3 client initialization failed: Could not connect to the endpoint URL: "http://127.0.0.1:9000/divine-world"
[2025-12-29 04:16:17,036][INFO] root: Logging initialized at INFO level. Log file: data/logs/divine_world.log
[2025-12-29 04:16:17,038][INFO] agent_spawner: AgentClientManager initialized with Minecraft support: /home/devlord/divine-world-core/DWClientBot/build/libs/DWClientBot.jar
[2025-12-29 04:16:17,038][INFO] agent_spawner: AgentSpawner initialized in MINECRAFT mode
[2025-12-29 04:16:17,039][INFO] packager: ✅ Found frontend at: /home/devlord/divine-world-core/dw_agent/electron/react-app
[2025-12-29 04:16:17,039][INFO] auto_packager: 📦 Packaging worker started
[2025-12-29 04:16:17,039][INFO] auto_packager: AutoPackaging system initialized (output: /home/devlord/divine-world-core/npc_applications)
[2025-12-29 04:16:17,040][INFO] auto_packager: Auto-packaging enabled
[2025-12-29 04:16:17,040][INFO] dw_backend: Enhanced Agent Manager initialized with binary protocol
[2025-12-29 04:16:17,040][INFO] auto_connect: AutoConnect System initialized
[2025-12-29 04:16:17,040][INFO] auto_connect:   Agents Folder: npc_applications
[2025-12-29 04:16:17,041][INFO] auto_connect:   Server: 127.0.0.1:25565
[2025-12-29 04:16:17,043][INFO] auto_connect: ✅ Auto-connect system integrated with backend
[2025-12-29 04:16:17,043][INFO] dw_backend: ✅ Chat system imported successfully
[2025-12-29 04:16:17,043][INFO] dw_backend: 🌉 WebSocket Chat Bridge initialized
[2025-12-29 04:16:17,043][INFO] dw_backend: ✅ Chat system bridged to main WebSocket handlers
[2025-12-29 04:16:24,599][WARNING] dw_backend: S3 client initialization failed: Could not connect to the endpoint URL: "http://127.0.0.1:9000/divine-world"
[2025-12-29 04:26:11,100][INFO] root: Logging initialized at INFO level. Log file: data/logs/divine_world.log
[2025-12-29 04:26:11,700][INFO] frontend_builder: Using npm at: /usr/bin/npm
[2025-12-29 04:26:16,144][INFO] agent_spawner: AgentClientManager initialized with Minecraft support: /home/devlord/divine-world-core/DWClientBot/build/libs/DWClientBot.jar
[2025-12-29 04:26:16,145][INFO] agent_spawner: AgentSpawner initialized in MINECRAFT mode
[2025-12-29 04:26:16,163][INFO] packager: ✅ Found frontend at: /home/devlord/divine-world-core/dw_agent/electron/react-app
[2025-12-29 04:26:16,164][INFO] auto_packager: 📦 Packaging worker started
[2025-12-29 04:26:16,165][INFO] auto_packager: AutoPackaging system initialized (output: /home/devlord/divine-world-core/npc_applications)
[2025-12-29 04:26:16,165][INFO] auto_packager: Auto-packaging enabled
[2025-12-29 04:26:16,166][INFO] dw_backend: Enhanced Agent Manager initialized with binary protocol
[2025-12-29 04:26:16,166][INFO] auto_connect: AutoConnect System initialized
[2025-12-29 04:26:16,166][INFO] auto_connect:   Agents Folder: npc_applications
[2025-12-29 04:26:16,166][INFO] auto_connect:   Server: 127.0.0.1:25565
[2025-12-29 04:26:16,172][INFO] auto_connect: ✅ Auto-connect system integrated with backend
[2025-12-29 04:26:16,624][INFO] dw_backend: ✅ Chat system imported successfully
[2025-12-29 04:26:16,624][INFO] dw_backend: 🌉 WebSocket Chat Bridge initialized
[2025-12-29 04:26:16,624][INFO] dw_backend: ✅ Chat system bridged to main WebSocket handlers
[2025-12-29 04:26:45,214][WARNING] dw_backend: S3 client initialization failed: Could not connect to the endpoint URL: "http://127.0.0.1:9000/divine-world"
[2025-12-29 04:26:49,894][INFO] root: Logging initialized at INFO level. Log file: data/logs/divine_world.log
[2025-12-29 04:26:49,895][INFO] agent_spawner: AgentClientManager initialized with Minecraft support: /home/devlord/divine-world-core/DWClientBot/build/libs/DWClientBot.jar
[2025-12-29 04:26:49,895][INFO] agent_spawner: AgentSpawner initialized in MINECRAFT mode
[2025-12-29 04:26:49,895][INFO] packager: ✅ Found frontend at: /home/devlord/divine-world-core/dw_agent/electron/react-app
[2025-12-29 04:26:49,896][INFO] auto_packager: 📦 Packaging worker started
[2025-12-29 04:26:49,896][INFO] auto_packager: AutoPackaging system initialized (output: /home/devlord/divine-world-core/npc_applications)
[2025-12-29 04:26:49,897][INFO] auto_packager: Auto-packaging enabled
[2025-12-29 04:26:49,897][INFO] dw_backend: Enhanced Agent Manager initialized with binary protocol
[2025-12-29 04:26:49,898][INFO] auto_connect: AutoConnect System initialized
[2025-12-29 04:26:49,899][INFO] auto_connect:   Agents Folder: npc_applications
[2025-12-29 04:26:49,899][INFO] auto_connect:   Server: 127.0.0.1:25565
[2025-12-29 04:26:49,904][INFO] auto_connect: ✅ Auto-connect system integrated with backend
[2025-12-29 04:26:49,905][INFO] dw_backend: ✅ Chat system imported successfully
[2025-12-29 04:26:49,905][INFO] dw_backend: 🌉 WebSocket Chat Bridge initialized
[2025-12-29 04:26:49,906][INFO] dw_backend: ✅ Chat system bridged to main WebSocket handlers
[2025-12-29 04:27:01,704][WARNING] dw_backend: S3 client initialization failed: Could not connect to the endpoint URL: "http://127.0.0.1:9000/divine-world"
[2025-12-29 04:37:28,555][INFO] dw_backend: [Divine] Genesis invoked by console
[2025-12-29 04:37:28,556][INFO] dw_backend: Creating demo agent: adam
[2025-12-29 04:37:28,677][ERROR] cassandra.cluster: Compression is enabled, but no compression libraries are available. Disabling compression, consider installing one of the Python packages: lz4 and/or python-snappy.
[2025-12-29 04:37:28,824][WARNING] cassandra.cluster: [control connection] Error connecting to 127.0.0.1:9042:
Traceback (most recent call last):
  File "cassandra/cluster.py", line 3547, in cassandra.cluster.ControlConnection._connect_host_in_lbp
  File "cassandra/cluster.py", line 3593, in cassandra.cluster.ControlConnection._try_connect
  File "cassandra/cluster.py", line 1648, in cassandra.cluster.Cluster.connection_factory
  File "cassandra/connection.py", line 858, in cassandra.connection.Connection.factory
  File "/home/devlord/divine-world-core/py_backend/dw_env/lib/python3.13/site-packages/cassandra/io/libevreactor.py", line 272, in __init__
    self._connect_socket()
    ~~~~~~~~~~~~~~~~~~~~^^
  File "cassandra/connection.py", line 980, in cassandra.connection.Connection._connect_socket
ConnectionRefusedError: [Errno 111] Tried connecting to [('127.0.0.1', 9042)]. Last error: Connection refused
[2025-12-29 04:37:28,840][WARNING] cassandra.cluster: [control connection] Error connecting to 127.0.0.1:9042:
Traceback (most recent call last):
  File "cassandra/cluster.py", line 3547, in cassandra.cluster.ControlConnection._connect_host_in_lbp
  File "cassandra/cluster.py", line 3593, in cassandra.cluster.ControlConnection._try_connect
  File "cassandra/cluster.py", line 1648, in cassandra.cluster.Cluster.connection_factory
  File "cassandra/connection.py", line 858, in cassandra.connection.Connection.factory
  File "/home/devlord/divine-world-core/py_backend/dw_env/lib/python3.13/site-packages/cassandra/io/libevreactor.py", line 272, in __init__
    self._connect_socket()
    ~~~~~~~~~~~~~~~~~~~~^^
  File "cassandra/connection.py", line 980, in cassandra.connection.Connection._connect_socket
ConnectionRefusedError: [Errno 111] Tried connecting to [('127.0.0.1', 9042)]. Last error: Connection refused
[2025-12-29 04:37:28,841][ERROR] cassandra.cluster: Control connection failed to connect, shutting down Cluster:
Traceback (most recent call last):
  File "cassandra/cluster.py", line 1723, in cassandra.cluster.Cluster.connect
  File "cassandra/cluster.py", line 3521, in cassandra.cluster.ControlConnection.connect
  File "cassandra/cluster.py", line 3582, in cassandra.cluster.ControlConnection._reconnect_internal
cassandra.cluster.NoHostAvailable: ('Unable to connect to any servers', {'127.0.0.1:9042': ConnectionRefusedError(111, "Tried connecting to [('127.0.0.1', 9042)]. Last error: Connection refused")})
[2025-12-29 04:37:28,850][ERROR] unified_memory: ScyllaDB initialization failed: ('Unable to connect to any servers', {'127.0.0.1:9042': ConnectionRefusedError(111, "Tried connecting to [('127.0.0.1', 9042)]. Last error: Connection refused")})
[2025-12-29 04:37:28,850][INFO] unified_memory: UnifiedMemoryStore initialized for adam (In-Memory)
[2025-12-29 04:37:35,803][INFO] brain.language: Language Intelligence initialized on cpu
[2025-12-29 04:37:35,918][INFO] brain.language: Language Intelligence initialized on cpu
[2025-12-29 04:37:35,919][INFO] brain.language: Language capabilities added to BrainCore
[2025-12-29 04:37:35,919][INFO] agent: [adam] Transformer language learning initialized
[2025-12-29 04:37:35,939][INFO] world_model: Integrating WorldModel with agent adam...
[2025-12-29 04:37:37,409][INFO] world_model: WorldModel initialized: 21.29M parameters
[2025-12-29 04:37:37,410][INFO] world_model: WorldModelReplayBuffer initialized: capacity=50000, seq_len=64
[2025-12-29 04:37:37,410][INFO] world_model: WorldModelTrainer initialized
[2025-12-29 04:37:37,410][INFO] world_model: ✅ WorldModel integrated with adam
[2025-12-29 04:37:37,410][INFO] agent: [adam] World model integrated
[2025-12-29 04:37:38,604][INFO] audio_processor: AudioCapture initialized: 16000Hz, chunk=1024
[2025-12-29 04:37:38,604][INFO] audio_processor: SpeechRecognizer initialized
[2025-12-29 04:37:38,604][INFO] audio_processor: AudioProcessor initialized for adam
[2025-12-29 04:37:38,605][INFO] audio_processor: ✅ Audio processing added to adam
[2025-12-29 04:37:38,605][INFO] agent: [adam] Audio processing initialized
[2025-12-29 04:37:38,605][INFO] cognitive_loop: CognitiveLoop initialized for adam
[2025-12-29 04:37:38,605][INFO] agent: 🧠 Cognitive loop initialized for adam
[2025-12-29 04:37:38,606][INFO] agent: NPCAgent initialized: adam (gender: male, autonomous: True)
[2025-12-29 04:37:38,606][INFO] web_browser: WebBrowser initialized for adam
[2025-12-29 04:37:38,606][INFO] web_browser: ✅ Web browsing added to adam
[2025-12-29 04:37:38,606][INFO] agent: [adam] Web browsing initialized
[2025-12-29 04:37:38,609][ERROR] cassandra.cluster: Compression is enabled, but no compression libraries are available. Disabling compression, consider installing one of the Python packages: lz4 and/or python-snappy.
[2025-12-29 04:37:38,625][WARNING] cassandra.cluster: [control connection] Error connecting to 127.0.0.1:9042:
Traceback (most recent call last):
  File "cassandra/cluster.py", line 3547, in cassandra.cluster.ControlConnection._connect_host_in_lbp
  File "cassandra/cluster.py", line 3593, in cassandra.cluster.ControlConnection._try_connect
  File "cassandra/cluster.py", line 1648, in cassandra.cluster.Cluster.connection_factory
  File "cassandra/connection.py", line 858, in cassandra.connection.Connection.factory
  File "/home/devlord/divine-world-core/py_backend/dw_env/lib/python3.13/site-packages/cassandra/io/libevreactor.py", line 272, in __init__
    self._connect_socket()
    ~~~~~~~~~~~~~~~~~~~~^^
  File "cassandra/connection.py", line 980, in cassandra.connection.Connection._connect_socket
ConnectionRefusedError: [Errno 111] Tried connecting to [('127.0.0.1', 9042)]. Last error: Connection refused
[2025-12-29 04:37:38,627][WARNING] cassandra.cluster: [control connection] Error connecting to 127.0.0.1:9042:
Traceback (most recent call last):
  File "cassandra/cluster.py", line 3547, in cassandra.cluster.ControlConnection._connect_host_in_lbp
  File "cassandra/cluster.py", line 3593, in cassandra.cluster.ControlConnection._try_connect
  File "cassandra/cluster.py", line 1648, in cassandra.cluster.Cluster.connection_factory
  File "cassandra/connection.py", line 858, in cassandra.connection.Connection.factory
  File "/home/devlord/divine-world-core/py_backend/dw_env/lib/python3.13/site-packages/cassandra/io/libevreactor.py", line 272, in __init__
    self._connect_socket()
    ~~~~~~~~~~~~~~~~~~~~^^
  File "cassandra/connection.py", line 980, in cassandra.connection.Connection._connect_socket
ConnectionRefusedError: [Errno 111] Tried connecting to [('127.0.0.1', 9042)]. Last error: Connection refused
[2025-12-29 04:37:38,628][ERROR] cassandra.cluster: Control connection failed to connect, shutting down Cluster:
Traceback (most recent call last):
  File "cassandra/cluster.py", line 1723, in cassandra.cluster.Cluster.connect
  File "cassandra/cluster.py", line 3521, in cassandra.cluster.ControlConnection.connect
  File "cassandra/cluster.py", line 3582, in cassandra.cluster.ControlConnection._reconnect_internal
cassandra.cluster.NoHostAvailable: ('Unable to connect to any servers', {'127.0.0.1:9042': ConnectionRefusedError(111, "Tried connecting to [('127.0.0.1', 9042)]. Last error: Connection refused")})
[2025-12-29 04:37:38,631][ERROR] unified_memory: ScyllaDB initialization failed: ('Unable to connect to any servers', {'127.0.0.1:9042': ConnectionRefusedError(111, "Tried connecting to [('127.0.0.1', 9042)]. Last error: Connection refused")})
[2025-12-29 04:37:38,632][INFO] unified_memory: UnifiedMemoryStore initialized for adam (In-Memory)
[2025-12-29 04:37:38,634][INFO] dw_backend: ✅ UnifiedMemory attached for adam
[2025-12-29 04:37:38,639][INFO] dw_backend: ✅ Language already initialized for adam
[2025-12-29 04:37:38,640][INFO] chat: Agent registered: adam
[2025-12-29 04:37:38,640][INFO] dw_backend: ✅ Agent adam registered with chat system
[2025-12-29 04:37:38,640][INFO] dw_backend: [Genesis] Spawned adam
[2025-12-29 04:37:38,640][INFO] dw_backend: Creating demo agent: eve
[2025-12-29 04:37:38,640][ERROR] cassandra.cluster: Compression is enabled, but no compression libraries are available. Disabling compression, consider installing one of the Python packages: lz4 and/or python-snappy.
[2025-12-29 04:37:38,670][WARNING] cassandra.cluster: [control connection] Error connecting to 127.0.0.1:9042:
Traceback (most recent call last):
  File "cassandra/cluster.py", line 3547, in cassandra.cluster.ControlConnection._connect_host_in_lbp
  File "cassandra/cluster.py", line 3593, in cassandra.cluster.ControlConnection._try_connect
  File "cassandra/cluster.py", line 1648, in cassandra.cluster.Cluster.connection_factory
  File "cassandra/connection.py", line 858, in cassandra.connection.Connection.factory
  File "/home/devlord/divine-world-core/py_backend/dw_env/lib/python3.13/site-packages/cassandra/io/libevreactor.py", line 272, in __init__
    self._connect_socket()
    ~~~~~~~~~~~~~~~~~~~~^^
  File "cassandra/connection.py", line 980, in cassandra.connection.Connection._connect_socket
ConnectionRefusedError: [Errno 111] Tried connecting to [('127.0.0.1', 9042)]. Last error: Connection refused
[2025-12-29 04:37:38,681][WARNING] cassandra.cluster: [control connection] Error connecting to 127.0.0.1:9042:
Traceback (most recent call last):
  File "cassandra/cluster.py", line 3547, in cassandra.cluster.ControlConnection._connect_host_in_lbp
  File "cassandra/cluster.py", line 3593, in cassandra.cluster.ControlConnection._try_connect
  File "cassandra/cluster.py", line 1648, in cassandra.cluster.Cluster.connection_factory
  File "cassandra/connection.py", line 858, in cassandra.connection.Connection.factory
  File "/home/devlord/divine-world-core/py_backend/dw_env/lib/python3.13/site-packages/cassandra/io/libevreactor.py", line 272, in __init__
    self._connect_socket()
    ~~~~~~~~~~~~~~~~~~~~^^
  File "cassandra/connection.py", line 980, in cassandra.connection.Connection._connect_socket
ConnectionRefusedError: [Errno 111] Tried connecting to [('127.0.0.1', 9042)]. Last error: Connection refused
[2025-12-29 04:37:38,686][ERROR] cassandra.cluster: Control connection failed to connect, shutting down Cluster:
Traceback (most recent call last):
  File "cassandra/cluster.py", line 1723, in cassandra.cluster.Cluster.connect
  File "cassandra/cluster.py", line 3521, in cassandra.cluster.ControlConnection.connect
  File "cassandra/cluster.py", line 3582, in cassandra.cluster.ControlConnection._reconnect_internal
cassandra.cluster.NoHostAvailable: ('Unable to connect to any servers', {'127.0.0.1:9042': ConnectionRefusedError(111, "Tried connecting to [('127.0.0.1', 9042)]. Last error: Connection refused")})
[2025-12-29 04:37:38,687][ERROR] unified_memory: ScyllaDB initialization failed: ('Unable to connect to any servers', {'127.0.0.1:9042': ConnectionRefusedError(111, "Tried connecting to [('127.0.0.1', 9042)]. Last error: Connection refused")})
[2025-12-29 04:37:38,687][INFO] unified_memory: UnifiedMemoryStore initialized for eve (In-Memory)
[2025-12-29 04:37:38,832][INFO] brain.language: Language Intelligence initialized on cpu
[2025-12-29 04:37:38,972][INFO] brain.language: Language Intelligence initialized on cpu
[2025-12-29 04:37:38,972][INFO] brain.language: Language capabilities added to BrainCore
[2025-12-29 04:37:38,973][INFO] agent: [eve] Transformer language learning initialized
[2025-12-29 04:37:38,973][INFO] world_model: Integrating WorldModel with agent eve...
[2025-12-29 04:37:39,371][INFO] world_model: WorldModel initialized: 21.29M parameters
[2025-12-29 04:37:39,372][INFO] world_model: WorldModelReplayBuffer initialized: capacity=50000, seq_len=64
[2025-12-29 04:37:39,372][INFO] world_model: WorldModelTrainer initialized
[2025-12-29 04:37:39,372][INFO] world_model: ✅ WorldModel integrated with eve
[2025-12-29 04:37:39,372][INFO] agent: [eve] World model integrated
[2025-12-29 04:37:39,372][INFO] audio_processor: AudioCapture initialized: 16000Hz, chunk=1024
[2025-12-29 04:37:39,372][INFO] audio_processor: SpeechRecognizer initialized
[2025-12-29 04:37:39,372][INFO] audio_processor: AudioProcessor initialized for eve
[2025-12-29 04:37:39,372][INFO] audio_processor: ✅ Audio processing added to eve
[2025-12-29 04:37:39,372][INFO] agent: [eve] Audio processing initialized
[2025-12-29 04:37:39,372][INFO] cognitive_loop: CognitiveLoop initialized for eve
[2025-12-29 04:37:39,373][INFO] agent: 🧠 Cognitive loop initialized for eve
[2025-12-29 04:37:39,373][INFO] agent: NPCAgent initialized: eve (gender: female, autonomous: True)
[2025-12-29 04:37:39,373][INFO] web_browser: WebBrowser initialized for eve
[2025-12-29 04:37:39,373][INFO] web_browser: ✅ Web browsing added to eve
[2025-12-29 04:37:39,373][INFO] agent: [eve] Web browsing initialized
[2025-12-29 04:37:39,373][ERROR] cassandra.cluster: Compression is enabled, but no compression libraries are available. Disabling compression, consider installing one of the Python packages: lz4 and/or python-snappy.
[2025-12-29 04:37:39,462][WARNING] cassandra.cluster: [control connection] Error connecting to 127.0.0.1:9042:
Traceback (most recent call last):
  File "cassandra/cluster.py", line 3547, in cassandra.cluster.ControlConnection._connect_host_in_lbp
  File "cassandra/cluster.py", line 3593, in cassandra.cluster.ControlConnection._try_connect
  File "cassandra/cluster.py", line 1648, in cassandra.cluster.Cluster.connection_factory
  File "cassandra/connection.py", line 858, in cassandra.connection.Connection.factory
  File "/home/devlord/divine-world-core/py_backend/dw_env/lib/python3.13/site-packages/cassandra/io/libevreactor.py", line 272, in __init__
    self._connect_socket()
    ~~~~~~~~~~~~~~~~~~~~^^
  File "cassandra/connection.py", line 980, in cassandra.connection.Connection._connect_socket
ConnectionRefusedError: [Errno 111] Tried connecting to [('127.0.0.1', 9042)]. Last error: Connection refused
[2025-12-29 04:37:39,468][WARNING] cassandra.cluster: [control connection] Error connecting to 127.0.0.1:9042:
Traceback (most recent call last):
  File "cassandra/cluster.py", line 3547, in cassandra.cluster.ControlConnection._connect_host_in_lbp
  File "cassandra/cluster.py", line 3593, in cassandra.cluster.ControlConnection._try_connect
  File "cassandra/cluster.py", line 1648, in cassandra.cluster.Cluster.connection_factory
  File "cassandra/connection.py", line 858, in cassandra.connection.Connection.factory
  File "/home/devlord/divine-world-core/py_backend/dw_env/lib/python3.13/site-packages/cassandra/io/libevreactor.py", line 272, in __init__
    self._connect_socket()
    ~~~~~~~~~~~~~~~~~~~~^^
  File "cassandra/connection.py", line 980, in cassandra.connection.Connection._connect_socket
ConnectionRefusedError: [Errno 111] Tried connecting to [('127.0.0.1', 9042)]. Last error: Connection refused
[2025-12-29 04:37:39,470][ERROR] cassandra.cluster: Control connection failed to connect, shutting down Cluster:
Traceback (most recent call last):
  File "cassandra/cluster.py", line 1723, in cassandra.cluster.Cluster.connect
  File "cassandra/cluster.py", line 3521, in cassandra.cluster.ControlConnection.connect
  File "cassandra/cluster.py", line 3582, in cassandra.cluster.ControlConnection._reconnect_internal
cassandra.cluster.NoHostAvailable: ('Unable to connect to any servers', {'127.0.0.1:9042': ConnectionRefusedError(111, "Tried connecting to [('127.0.0.1', 9042)]. Last error: Connection refused")})
[2025-12-29 04:37:39,471][ERROR] unified_memory: ScyllaDB initialization failed: ('Unable to connect to any servers', {'127.0.0.1:9042': ConnectionRefusedError(111, "Tried connecting to [('127.0.0.1', 9042)]. Last error: Connection refused")})
[2025-12-29 04:37:39,471][INFO] unified_memory: UnifiedMemoryStore initialized for eve (In-Memory)
[2025-12-29 04:37:39,472][INFO] dw_backend: ✅ UnifiedMemory attached for eve
[2025-12-29 04:37:39,472][INFO] dw_backend: ✅ Language already initialized for eve
[2025-12-29 04:37:39,473][INFO] chat: Agent registered: eve
[2025-12-29 04:37:39,473][INFO] dw_backend: ✅ Agent eve registered with chat system
[2025-12-29 04:37:39,473][INFO] dw_backend: [Genesis] Spawned eve
[2025-12-29 04:41:47,658][INFO] dw_backend: [Divine] Genesis invoked by console
[2025-12-29 04:41:47,659][INFO] dw_backend: [Genesis] Spawned adam
[2025-12-29 04:41:47,659][INFO] dw_backend: [Genesis] Spawned eve
[2025-12-29 05:00:59,720][INFO] root: Logging initialized at INFO level. Log file: data/logs/divine_world.log
[2025-12-29 05:01:00,952][INFO] frontend_builder: Using npm at: /usr/bin/npm
[2025-12-29 05:01:05,264][INFO] agent_spawner: AgentClientManager initialized with Minecraft support: /home/devlord/divine-world-core/DWClientBot/build/libs/DWClientBot.jar
[2025-12-29 05:01:05,265][INFO] agent_spawner: AgentSpawner initialized in MINECRAFT mode
[2025-12-29 05:01:05,266][INFO] packager: ✅ Found frontend at: /home/devlord/divine-world-core/dw_agent/electron/react-app
[2025-12-29 05:01:05,271][INFO] auto_packager: 📦 Packaging worker started
[2025-12-29 05:01:05,271][INFO] auto_packager: AutoPackaging system initialized (output: /home/devlord/divine-world-core/npc_applications)
[2025-12-29 05:01:05,271][INFO] auto_packager: Auto-packaging enabled
[2025-12-29 05:01:05,271][INFO] dw_backend: Enhanced Agent Manager initialized with binary protocol
[2025-12-29 05:01:05,272][INFO] auto_connect: AutoConnect System initialized
[2025-12-29 05:01:05,272][INFO] auto_connect:   Agents Folder: npc_applications
[2025-12-29 05:01:05,272][INFO] auto_connect:   Server: 127.0.0.1:25565
[2025-12-29 05:01:05,283][INFO] auto_connect: ✅ Auto-connect system integrated with backend
[2025-12-29 05:01:06,428][INFO] dw_backend: ✅ Chat system imported successfully
[2025-12-29 05:01:06,432][INFO] dw_backend: 🌉 WebSocket Chat Bridge initialized
[2025-12-29 05:01:06,433][INFO] dw_backend: ✅ Chat system bridged to main WebSocket handlers
[2025-12-29 05:01:19,059][WARNING] dw_backend: S3 client initialization failed: Could not connect to the endpoint URL: "http://127.0.0.1:9000/divine-world"
[2025-12-29 05:01:20,230][INFO] root: Logging initialized at INFO level. Log file: data/logs/divine_world.log
[2025-12-29 05:01:20,231][INFO] agent_spawner: AgentClientManager initialized with Minecraft support: /home/devlord/divine-world-core/DWClientBot/build/libs/DWClientBot.jar
[2025-12-29 05:01:20,233][INFO] agent_spawner: AgentSpawner initialized in MINECRAFT mode
[2025-12-29 05:01:20,236][INFO] packager: ✅ Found frontend at: /home/devlord/divine-world-core/dw_agent/electron/react-app
[2025-12-29 05:01:20,237][INFO] auto_packager: 📦 Packaging worker started
[2025-12-29 05:01:20,237][INFO] auto_packager: AutoPackaging system initialized (output: /home/devlord/divine-world-core/npc_applications)
[2025-12-29 05:01:20,238][INFO] auto_packager: Auto-packaging enabled
[2025-12-29 05:01:20,238][INFO] dw_backend: Enhanced Agent Manager initialized with binary protocol
[2025-12-29 05:01:20,238][INFO] auto_connect: AutoConnect System initialized
[2025-12-29 05:01:20,238][INFO] auto_connect:   Agents Folder: npc_applications
[2025-12-29 05:01:20,238][INFO] auto_connect:   Server: 127.0.0.1:25565
[2025-12-29 05:01:20,242][INFO] auto_connect: ✅ Auto-connect system integrated with backend
[2025-12-29 05:01:20,242][INFO] dw_backend: ✅ Chat system imported successfully
[2025-12-29 05:01:20,244][INFO] dw_backend: 🌉 WebSocket Chat Bridge initialized
[2025-12-29 05:01:20,244][INFO] dw_backend: ✅ Chat system bridged to main WebSocket handlers
[2025-12-29 05:01:24,058][WARNING] dw_backend: S3 client initialization failed: Could not connect to the endpoint URL: "http://127.0.0.1:9000/divine-world"
[2025-12-29 05:05:47,680][INFO] dw_backend: [Divine] Genesis invoked by console
[2025-12-29 05:05:47,700][INFO] dw_backend: Creating demo agent: adam
[2025-12-29 05:05:47,903][ERROR] cassandra.cluster: Compression is enabled, but no compression libraries are available. Disabling compression, consider installing one of the Python packages: lz4 and/or python-snappy.
[2025-12-29 05:05:47,938][WARNING] cassandra.cluster: [control connection] Error connecting to 127.0.0.1:9042:
Traceback (most recent call last):
  File "cassandra/cluster.py", line 3547, in cassandra.cluster.ControlConnection._connect_host_in_lbp
  File "cassandra/cluster.py", line 3593, in cassandra.cluster.ControlConnection._try_connect
  File "cassandra/cluster.py", line 1648, in cassandra.cluster.Cluster.connection_factory
  File "cassandra/connection.py", line 858, in cassandra.connection.Connection.factory
  File "/home/devlord/divine-world-core/py_backend/dw_env/lib/python3.13/site-packages/cassandra/io/libevreactor.py", line 272, in __init__
    self._connect_socket()
    ~~~~~~~~~~~~~~~~~~~~^^
  File "cassandra/connection.py", line 980, in cassandra.connection.Connection._connect_socket
ConnectionRefusedError: [Errno 111] Tried connecting to [('127.0.0.1', 9042)]. Last error: Connection refused
[2025-12-29 05:05:47,976][WARNING] cassandra.cluster: [control connection] Error connecting to 127.0.0.1:9042:
Traceback (most recent call last):
  File "cassandra/cluster.py", line 3547, in cassandra.cluster.ControlConnection._connect_host_in_lbp
  File "cassandra/cluster.py", line 3593, in cassandra.cluster.ControlConnection._try_connect
  File "cassandra/cluster.py", line 1648, in cassandra.cluster.Cluster.connection_factory
  File "cassandra/connection.py", line 858, in cassandra.connection.Connection.factory
  File "/home/devlord/divine-world-core/py_backend/dw_env/lib/python3.13/site-packages/cassandra/io/libevreactor.py", line 272, in __init__
    self._connect_socket()
    ~~~~~~~~~~~~~~~~~~~~^^
  File "cassandra/connection.py", line 980, in cassandra.connection.Connection._connect_socket
ConnectionRefusedError: [Errno 111] Tried connecting to [('127.0.0.1', 9042)]. Last error: Connection refused
[2025-12-29 05:05:47,977][ERROR] cassandra.cluster: Control connection failed to connect, shutting down Cluster:
Traceback (most recent call last):
  File "cassandra/cluster.py", line 1723, in cassandra.cluster.Cluster.connect
  File "cassandra/cluster.py", line 3521, in cassandra.cluster.ControlConnection.connect
  File "cassandra/cluster.py", line 3582, in cassandra.cluster.ControlConnection._reconnect_internal
cassandra.cluster.NoHostAvailable: ('Unable to connect to any servers', {'127.0.0.1:9042': ConnectionRefusedError(111, "Tried connecting to [('127.0.0.1', 9042)]. Last error: Connection refused")})
[2025-12-29 05:05:47,994][ERROR] unified_memory: ScyllaDB initialization failed: ('Unable to connect to any servers', {'127.0.0.1:9042': ConnectionRefusedError(111, "Tried connecting to [('127.0.0.1', 9042)]. Last error: Connection refused")})
[2025-12-29 05:05:47,995][INFO] unified_memory: UnifiedMemoryStore initialized for adam (In-Memory)
[2025-12-29 05:05:52,474][INFO] brain.language: Language Intelligence initialized on cpu
[2025-12-29 05:05:52,557][INFO] brain.language: Language Intelligence initialized on cpu
[2025-12-29 05:05:52,558][INFO] brain.language: Language capabilities added to BrainCore
[2025-12-29 05:05:52,558][INFO] agent: [adam] Transformer language learning initialized
[2025-12-29 05:05:52,577][INFO] world_model: Integrating WorldModel with agent adam...
[2025-12-29 05:05:53,070][INFO] world_model: WorldModel initialized: 21.29M parameters
[2025-12-29 05:05:53,071][INFO] world_model: WorldModelReplayBuffer initialized: capacity=50000, seq_len=64
[2025-12-29 05:05:53,071][INFO] world_model: WorldModelTrainer initialized
[2025-12-29 05:05:53,072][INFO] world_model: ✅ WorldModel integrated with adam
[2025-12-29 05:05:53,073][INFO] agent: [adam] World model integrated
[2025-12-29 05:05:56,967][INFO] audio_processor: AudioCapture initialized: 16000Hz, chunk=1024
[2025-12-29 05:05:56,969][INFO] audio_processor: SpeechRecognizer initialized
[2025-12-29 05:05:56,971][INFO] audio_processor: AudioProcessor initialized for adam
[2025-12-29 05:05:56,972][INFO] audio_processor: ✅ Audio processing added to adam
[2025-12-29 05:05:56,973][INFO] agent: [adam] Audio processing initialized
[2025-12-29 05:05:56,974][INFO] cognitive_loop: CognitiveLoop initialized for adam
[2025-12-29 05:05:56,974][INFO] agent: 🧠 Cognitive loop initialized for adam
[2025-12-29 05:05:56,975][INFO] agent: NPCAgent initialized: adam (gender: female, autonomous: True)
[2025-12-29 05:05:56,976][INFO] web_browser: WebBrowser initialized for adam
[2025-12-29 05:05:56,977][INFO] web_browser: ✅ Web browsing added to adam
[2025-12-29 05:05:56,978][INFO] agent: [adam] Web browsing initialized
[2025-12-29 05:05:56,979][ERROR] cassandra.cluster: Compression is enabled, but no compression libraries are available. Disabling compression, consider installing one of the Python packages: lz4 and/or python-snappy.
[2025-12-29 05:05:57,001][WARNING] cassandra.cluster: [control connection] Error connecting to 127.0.0.1:9042:
Traceback (most recent call last):
  File "cassandra/cluster.py", line 3547, in cassandra.cluster.ControlConnection._connect_host_in_lbp
  File "cassandra/cluster.py", line 3593, in cassandra.cluster.ControlConnection._try_connect
  File "cassandra/cluster.py", line 1648, in cassandra.cluster.Cluster.connection_factory
  File "cassandra/connection.py", line 858, in cassandra.connection.Connection.factory
  File "/home/devlord/divine-world-core/py_backend/dw_env/lib/python3.13/site-packages/cassandra/io/libevreactor.py", line 272, in __init__
    self._connect_socket()
    ~~~~~~~~~~~~~~~~~~~~^^
  File "cassandra/connection.py", line 980, in cassandra.connection.Connection._connect_socket
ConnectionRefusedError: [Errno 111] Tried connecting to [('127.0.0.1', 9042)]. Last error: Connection refused
[2025-12-29 05:05:57,002][WARNING] cassandra.cluster: [control connection] Error connecting to 127.0.0.1:9042:
Traceback (most recent call last):
  File "cassandra/cluster.py", line 3547, in cassandra.cluster.ControlConnection._connect_host_in_lbp
  File "cassandra/cluster.py", line 3593, in cassandra.cluster.ControlConnection._try_connect
  File "cassandra/cluster.py", line 1648, in cassandra.cluster.Cluster.connection_factory
  File "cassandra/connection.py", line 858, in cassandra.connection.Connection.factory
  File "/home/devlord/divine-world-core/py_backend/dw_env/lib/python3.13/site-packages/cassandra/io/libevreactor.py", line 272, in __init__
    self._connect_socket()
    ~~~~~~~~~~~~~~~~~~~~^^
  File "cassandra/connection.py", line 980, in cassandra.connection.Connection._connect_socket
ConnectionRefusedError: [Errno 111] Tried connecting to [('127.0.0.1', 9042)]. Last error: Connection refused
[2025-12-29 05:05:57,003][ERROR] cassandra.cluster: Control connection failed to connect, shutting down Cluster:
Traceback (most recent call last):
  File "cassandra/cluster.py", line 1723, in cassandra.cluster.Cluster.connect
  File "cassandra/cluster.py", line 3521, in cassandra.cluster.ControlConnection.connect
  File "cassandra/cluster.py", line 3582, in cassandra.cluster.ControlConnection._reconnect_internal
cassandra.cluster.NoHostAvailable: ('Unable to connect to any servers', {'127.0.0.1:9042': ConnectionRefusedError(111, "Tried connecting to [('127.0.0.1', 9042)]. Last error: Connection refused")})
[2025-12-29 05:05:57,004][ERROR] unified_memory: ScyllaDB initialization failed: ('Unable to connect to any servers', {'127.0.0.1:9042': ConnectionRefusedError(111, "Tried connecting to [('127.0.0.1', 9042)]. Last error: Connection refused")})
[2025-12-29 05:05:57,004][INFO] unified_memory: UnifiedMemoryStore initialized for adam (In-Memory)
[2025-12-29 05:05:57,005][INFO] dw_backend: ✅ UnifiedMemory attached for adam
[2025-12-29 05:05:57,005][INFO] dw_backend: ✅ Language already initialized for adam
[2025-12-29 05:05:57,014][INFO] chat: Agent registered: adam
[2025-12-29 05:05:57,014][INFO] dw_backend: ✅ Agent adam registered with chat system
[2025-12-29 05:05:57,015][INFO] dw_backend: [Genesis] Spawned adam
[2025-12-29 05:05:57,015][INFO] dw_backend: Creating demo agent: eve
[2025-12-29 05:05:57,017][ERROR] cassandra.cluster: Compression is enabled, but no compression libraries are available. Disabling compression, consider installing one of the Python packages: lz4 and/or python-snappy.
[2025-12-29 05:05:57,024][WARNING] cassandra.cluster: [control connection] Error connecting to 127.0.0.1:9042:
Traceback (most recent call last):
  File "cassandra/cluster.py", line 3547, in cassandra.cluster.ControlConnection._connect_host_in_lbp
  File "cassandra/cluster.py", line 3593, in cassandra.cluster.ControlConnection._try_connect
  File "cassandra/cluster.py", line 1648, in cassandra.cluster.Cluster.connection_factory
  File "cassandra/connection.py", line 858, in cassandra.connection.Connection.factory
  File "/home/devlord/divine-world-core/py_backend/dw_env/lib/python3.13/site-packages/cassandra/io/libevreactor.py", line 272, in __init__
    self._connect_socket()
    ~~~~~~~~~~~~~~~~~~~~^^
  File "cassandra/connection.py", line 980, in cassandra.connection.Connection._connect_socket
ConnectionRefusedError: [Errno 111] Tried connecting to [('127.0.0.1', 9042)]. Last error: Connection refused
[2025-12-29 05:05:57,025][WARNING] cassandra.cluster: [control connection] Error connecting to 127.0.0.1:9042:
Traceback (most recent call last):
  File "cassandra/cluster.py", line 3547, in cassandra.cluster.ControlConnection._connect_host_in_lbp
  File "cassandra/cluster.py", line 3593, in cassandra.cluster.ControlConnection._try_connect
  File "cassandra/cluster.py", line 1648, in cassandra.cluster.Cluster.connection_factory
  File "cassandra/connection.py", line 858, in cassandra.connection.Connection.factory
  File "/home/devlord/divine-world-core/py_backend/dw_env/lib/python3.13/site-packages/cassandra/io/libevreactor.py", line 272, in __init__
    self._connect_socket()
    ~~~~~~~~~~~~~~~~~~~~^^
  File "cassandra/connection.py", line 980, in cassandra.connection.Connection._connect_socket
ConnectionRefusedError: [Errno 111] Tried connecting to [('127.0.0.1', 9042)]. Last error: Connection refused
[2025-12-29 05:05:57,027][ERROR] cassandra.cluster: Control connection failed to connect, shutting down Cluster:
Traceback (most recent call last):
  File "cassandra/cluster.py", line 1723, in cassandra.cluster.Cluster.connect
  File "cassandra/cluster.py", line 3521, in cassandra.cluster.ControlConnection.connect
  File "cassandra/cluster.py", line 3582, in cassandra.cluster.ControlConnection._reconnect_internal
cassandra.cluster.NoHostAvailable: ('Unable to connect to any servers', {'127.0.0.1:9042': ConnectionRefusedError(111, "Tried connecting to [('127.0.0.1', 9042)]. Last error: Connection refused")})
[2025-12-29 05:05:57,028][ERROR] unified_memory: ScyllaDB initialization failed: ('Unable to connect to any servers', {'127.0.0.1:9042': ConnectionRefusedError(111, "Tried connecting to [('127.0.0.1', 9042)]. Last error: Connection refused")})
[2025-12-29 05:05:57,028][INFO] unified_memory: UnifiedMemoryStore initialized for eve (In-Memory)
[2025-12-29 05:05:57,624][INFO] brain.language: Language Intelligence initialized on cpu
[2025-12-29 05:05:58,806][INFO] brain.language: Language Intelligence initialized on cpu
[2025-12-29 05:05:58,807][INFO] brain.language: Language capabilities added to BrainCore
[2025-12-29 05:05:58,807][INFO] agent: [eve] Transformer language learning initialized
[2025-12-29 05:05:58,807][INFO] world_model: Integrating WorldModel with agent eve...
[2025-12-29 05:05:59,352][INFO] world_model: WorldModel initialized: 21.29M parameters
[2025-12-29 05:05:59,352][INFO] world_model: WorldModelReplayBuffer initialized: capacity=50000, seq_len=64
[2025-12-29 05:05:59,352][INFO] world_model: WorldModelTrainer initialized
[2025-12-29 05:05:59,352][INFO] world_model: ✅ WorldModel integrated with eve
[2025-12-29 05:05:59,352][INFO] agent: [eve] World model integrated
[2025-12-29 05:05:59,353][INFO] audio_processor: AudioCapture initialized: 16000Hz, chunk=1024
[2025-12-29 05:05:59,354][INFO] audio_processor: SpeechRecognizer initialized
[2025-12-29 05:05:59,354][INFO] audio_processor: AudioProcessor initialized for eve
[2025-12-29 05:05:59,354][INFO] audio_processor: ✅ Audio processing added to eve
[2025-12-29 05:05:59,354][INFO] agent: [eve] Audio processing initialized
[2025-12-29 05:05:59,354][INFO] cognitive_loop: CognitiveLoop initialized for eve
[2025-12-29 05:05:59,355][INFO] agent: 🧠 Cognitive loop initialized for eve
[2025-12-29 05:05:59,355][INFO] agent: NPCAgent initialized: eve (gender: male, autonomous: True)
[2025-12-29 05:05:59,355][INFO] web_browser: WebBrowser initialized for eve
[2025-12-29 05:05:59,355][INFO] web_browser: ✅ Web browsing added to eve
[2025-12-29 05:05:59,355][INFO] agent: [eve] Web browsing initialized
[2025-12-29 05:05:59,355][ERROR] cassandra.cluster: Compression is enabled, but no compression libraries are available. Disabling compression, consider installing one of the Python packages: lz4 and/or python-snappy.
[2025-12-29 05:05:59,542][WARNING] cassandra.cluster: [control connection] Error connecting to 127.0.0.1:9042:
Traceback (most recent call last):
  File "cassandra/cluster.py", line 3547, in cassandra.cluster.ControlConnection._connect_host_in_lbp
  File "cassandra/cluster.py", line 3593, in cassandra.cluster.ControlConnection._try_connect
  File "cassandra/cluster.py", line 1648, in cassandra.cluster.Cluster.connection_factory
  File "cassandra/connection.py", line 858, in cassandra.connection.Connection.factory
  File "/home/devlord/divine-world-core/py_backend/dw_env/lib/python3.13/site-packages/cassandra/io/libevreactor.py", line 272, in __init__
    self._connect_socket()
    ~~~~~~~~~~~~~~~~~~~~^^
  File "cassandra/connection.py", line 980, in cassandra.connection.Connection._connect_socket
ConnectionRefusedError: [Errno 111] Tried connecting to [('127.0.0.1', 9042)]. Last error: Connection refused
[2025-12-29 05:05:59,543][WARNING] cassandra.cluster: [control connection] Error connecting to 127.0.0.1:9042:
Traceback (most recent call last):
  File "cassandra/cluster.py", line 3547, in cassandra.cluster.ControlConnection._connect_host_in_lbp
  File "cassandra/cluster.py", line 3593, in cassandra.cluster.ControlConnection._try_connect
  File "cassandra/cluster.py", line 1648, in cassandra.cluster.Cluster.connection_factory
  File "cassandra/connection.py", line 858, in cassandra.connection.Connection.factory
  File "/home/devlord/divine-world-core/py_backend/dw_env/lib/python3.13/site-packages/cassandra/io/libevreactor.py", line 272, in __init__
    self._connect_socket()
    ~~~~~~~~~~~~~~~~~~~~^^
  File "cassandra/connection.py", line 980, in cassandra.connection.Connection._connect_socket
ConnectionRefusedError: [Errno 111] Tried connecting to [('127.0.0.1', 9042)]. Last error: Connection refused
[2025-12-29 05:05:59,544][ERROR] cassandra.cluster: Control connection failed to connect, shutting down Cluster:
Traceback (most recent call last):
  File "cassandra/cluster.py", line 1723, in cassandra.cluster.Cluster.connect
  File "cassandra/cluster.py", line 3521, in cassandra.cluster.ControlConnection.connect
  File "cassandra/cluster.py", line 3582, in cassandra.cluster.ControlConnection._reconnect_internal
cassandra.cluster.NoHostAvailable: ('Unable to connect to any servers', {'127.0.0.1:9042': ConnectionRefusedError(111, "Tried connecting to [('127.0.0.1', 9042)]. Last error: Connection refused")})
[2025-12-29 05:05:59,544][ERROR] unified_memory: ScyllaDB initialization failed: ('Unable to connect to any servers', {'127.0.0.1:9042': ConnectionRefusedError(111, "Tried connecting to [('127.0.0.1', 9042)]. Last error: Connection refused")})
[2025-12-29 05:05:59,545][INFO] unified_memory: UnifiedMemoryStore initialized for eve (In-Memory)
[2025-12-29 05:05:59,545][INFO] dw_backend: ✅ UnifiedMemory attached for eve
[2025-12-29 05:05:59,545][INFO] dw_backend: ✅ Language already initialized for eve
[2025-12-29 05:05:59,545][INFO] chat: Agent registered: eve
[2025-12-29 05:05:59,545][INFO] dw_backend: ✅ Agent eve registered with chat system
[2025-12-29 05:05:59,546][INFO] dw_backend: [Genesis] Spawned eve
[2025-12-29 05:06:04,711][INFO] dw_backend: [Divine] Genesis invoked by console
[2025-12-29 05:06:04,711][INFO] dw_backend: [Genesis] Spawned adam
[2025-12-29 05:06:04,711][INFO] dw_backend: [Genesis] Spawned eve
[2025-12-29 05:06:21,113][INFO] dw_backend: [Divine] Genesis invoked by console
[2025-12-29 05:06:21,117][INFO] dw_backend: [Genesis] Spawned adam
[2025-12-29 05:06:21,117][INFO] dw_backend: [Genesis] Spawned eve
[2025-12-29 05:07:56,995][INFO] dw_backend: [Divine] Genesis invoked by console
[2025-12-29 05:07:57,006][INFO] dw_backend: [Genesis] Spawned adam
[2025-12-29 05:07:57,006][INFO] dw_backend: [Genesis] Spawned eve
[2025-12-30 06:46:15,929][INFO] root: Logging initialized at INFO level. Log file: data/logs/divine_world.log
[2025-12-30 06:46:16,560][INFO] frontend_builder: Using npm at: /usr/bin/npm
[2025-12-30 06:46:18,392][INFO] agent_spawner: AgentClientManager initialized with Minecraft support: /home/devlord/divine-world-core/DWClientBot/build/libs/DWClientBot.jar
[2025-12-30 06:46:18,393][INFO] agent_spawner: AgentSpawner initialized in MINECRAFT mode
[2025-12-30 06:46:18,406][INFO] packager: ✅ Found frontend at: /home/devlord/divine-world-core/dw_agent/electron/react-app
[2025-12-30 06:46:18,406][INFO] packager: ✅ Found mod jar: /home/devlord/divine-world-core/DivineWorld/build/libs/divineworld-1.0.0-all.jar
[2025-12-30 06:46:18,407][INFO] auto_packager: 📦 Packaging worker started
[2025-12-30 06:46:18,407][INFO] auto_packager: AutoPackaging system initialized (output: /home/devlord/divine-world-core/npc_applications)
[2025-12-30 06:46:18,407][INFO] auto_packager: Auto-packaging enabled
[2025-12-30 06:46:18,408][INFO] dw_backend: Enhanced Agent Manager initialized with binary protocol
[2025-12-30 06:46:18,408][INFO] auto_connect: AutoConnect System initialized
[2025-12-30 06:46:18,408][INFO] auto_connect:   Agents Folder: npc_applications
[2025-12-30 06:46:18,408][INFO] auto_connect:   Server: 127.0.0.1:25565
[2025-12-30 06:46:18,411][INFO] auto_connect: ✅ Auto-connect system integrated with backend
[2025-12-30 06:46:18,495][INFO] dw_backend: ✅ Chat system imported successfully
[2025-12-30 06:46:18,495][INFO] dw_backend: 🌉 WebSocket Chat Bridge initialized
[2025-12-30 06:46:18,495][INFO] dw_backend: ✅ Chat system bridged to main WebSocket handlers
[2025-12-30 06:46:29,069][WARNING] dw_backend: S3 client initialization failed: Could not connect to the endpoint URL: "http://127.0.0.1:9000/divine-world"
[2025-12-30 06:46:30,046][INFO] root: Logging initialized at INFO level. Log file: data/logs/divine_world.log
[2025-12-30 06:46:30,046][INFO] agent_spawner: AgentClientManager initialized with Minecraft support: /home/devlord/divine-world-core/DWClientBot/build/libs/DWClientBot.jar
[2025-12-30 06:46:30,047][INFO] agent_spawner: AgentSpawner initialized in MINECRAFT mode
[2025-12-30 06:46:30,047][INFO] packager: ✅ Found frontend at: /home/devlord/divine-world-core/dw_agent/electron/react-app
[2025-12-30 06:46:30,048][INFO] packager: ✅ Found mod jar: /home/devlord/divine-world-core/DivineWorld/build/libs/divineworld-1.0.0-all.jar
[2025-12-30 06:46:30,048][INFO] auto_packager: 📦 Packaging worker started
[2025-12-30 06:46:30,048][INFO] auto_packager: AutoPackaging system initialized (output: /home/devlord/divine-world-core/npc_applications)
[2025-12-30 06:46:30,049][INFO] auto_packager: Auto-packaging enabled
[2025-12-30 06:46:30,049][INFO] dw_backend: Enhanced Agent Manager initialized with binary protocol
[2025-12-30 06:46:30,049][INFO] auto_connect: AutoConnect System initialized
[2025-12-30 06:46:30,049][INFO] auto_connect:   Agents Folder: npc_applications
[2025-12-30 06:46:30,049][INFO] auto_connect:   Server: 127.0.0.1:25565
[2025-12-30 06:46:30,051][INFO] auto_connect: ✅ Auto-connect system integrated with backend
[2025-12-30 06:46:30,051][INFO] dw_backend: ✅ Chat system imported successfully
[2025-12-30 06:46:30,051][INFO] dw_backend: 🌉 WebSocket Chat Bridge initialized
[2025-12-30 06:46:30,051][INFO] dw_backend: ✅ Chat system bridged to main WebSocket handlers
[2025-12-30 06:46:40,077][WARNING] dw_backend: S3 client initialization failed: Could not connect to the endpoint URL: "http://127.0.0.1:9000/divine-world"
[2025-12-30 06:58:15,112][INFO] root: Logging initialized at INFO level. Log file: data/logs/divine_world.log
[2025-12-30 06:58:15,422][INFO] frontend_builder: Using npm at: /usr/bin/npm
[2025-12-30 06:58:19,549][INFO] agent_spawner: AgentClientManager initialized with Minecraft support: /home/devlord/divine-world-core/DWClientBot/build/libs/DWClientBot.jar
[2025-12-30 06:58:19,549][INFO] agent_spawner: AgentSpawner initialized in MINECRAFT mode
[2025-12-30 06:58:19,550][INFO] packager: ✅ Found frontend at: /home/devlord/divine-world-core/dw_agent/electron/react-app
[2025-12-30 06:58:19,551][INFO] packager: ✅ Found mod jar: /home/devlord/divine-world-core/DivineWorld/build/libs/divineworld-1.0.0-all.jar
[2025-12-30 06:58:19,551][INFO] auto_packager: 📦 Packaging worker started
[2025-12-30 06:58:19,551][INFO] auto_packager: AutoPackaging system initialized (output: /home/devlord/divine-world-core/npc_applications)
[2025-12-30 06:58:19,552][INFO] auto_packager: Auto-packaging enabled
[2025-12-30 06:58:19,552][INFO] dw_backend: Enhanced Agent Manager initialized with binary protocol
[2025-12-30 06:58:19,552][INFO] auto_connect: AutoConnect System initialized
[2025-12-30 06:58:19,552][INFO] auto_connect:   Agents Folder: npc_applications
[2025-12-30 06:58:19,552][INFO] auto_connect:   Server: 127.0.0.1:25565
[2025-12-30 06:58:19,555][INFO] auto_connect: ✅ Auto-connect system integrated with backend
[2025-12-30 06:58:19,896][INFO] dw_backend: ✅ Chat system imported successfully
[2025-12-30 06:58:19,899][INFO] dw_backend: 🌉 WebSocket Chat Bridge initialized
[2025-12-30 06:58:19,900][INFO] dw_backend: ✅ Chat system bridged to main WebSocket handlers
[2025-12-30 06:58:29,135][WARNING] dw_backend: S3 client initialization failed: Could not connect to the endpoint URL: "http://127.0.0.1:9000/divine-world"
[2025-12-30 06:58:30,656][INFO] root: Logging initialized at INFO level. Log file: data/logs/divine_world.log
[2025-12-30 06:58:30,657][INFO] agent_spawner: AgentClientManager initialized with Minecraft support: /home/devlord/divine-world-core/DWClientBot/build/libs/DWClientBot.jar
[2025-12-30 06:58:30,657][INFO] agent_spawner: AgentSpawner initialized in MINECRAFT mode
[2025-12-30 06:58:30,658][INFO] packager: ✅ Found frontend at: /home/devlord/divine-world-core/dw_agent/electron/react-app
[2025-12-30 06:58:30,658][INFO] packager: ✅ Found mod jar: /home/devlord/divine-world-core/DivineWorld/build/libs/divineworld-1.0.0-all.jar
[2025-12-30 06:58:30,658][INFO] auto_packager: 📦 Packaging worker started
[2025-12-30 06:58:30,659][INFO] auto_packager: AutoPackaging system initialized (output: /home/devlord/divine-world-core/npc_applications)
[2025-12-30 06:58:30,659][INFO] auto_packager: Auto-packaging enabled
[2025-12-30 06:58:30,659][INFO] dw_backend: Enhanced Agent Manager initialized with binary protocol
[2025-12-30 06:58:30,659][INFO] auto_connect: AutoConnect System initialized
[2025-12-30 06:58:30,660][INFO] auto_connect:   Agents Folder: npc_applications
[2025-12-30 06:58:30,660][INFO] auto_connect:   Server: 127.0.0.1:25565
[2025-12-30 06:58:30,662][INFO] auto_connect: ✅ Auto-connect system integrated with backend
[2025-12-30 06:58:30,662][INFO] dw_backend: ✅ Chat system imported successfully
[2025-12-30 06:58:30,662][INFO] dw_backend: 🌉 WebSocket Chat Bridge initialized
[2025-12-30 06:58:30,662][INFO] dw_backend: ✅ Chat system bridged to main WebSocket handlers
[2025-12-30 06:58:35,866][WARNING] dw_backend: S3 client initialization failed: Could not connect to the endpoint URL: "http://127.0.0.1:9000/divine-world"
[2025-12-30 07:00:46,853][INFO] dw_backend: [Divine] Genesis invoked by console
[2025-12-30 07:00:47,164][INFO] agent_spawner: Launching client for adam
[2025-12-30 07:00:47,164][INFO] agent_spawner:   Backend: http://127.0.0.1:17170
[2025-12-30 07:00:47,165][INFO] agent_spawner:   Server: 127.0.0.1:25565
[2025-12-30 07:00:47,165][INFO] agent_spawner:   Memory: 2048MB
[2025-12-30 07:00:47,329][ERROR] cassandra.cluster: Compression is enabled, but no compression libraries are available. Disabling compression, consider installing one of the Python packages: lz4 and/or python-snappy.
[2025-12-30 07:00:47,594][WARNING] cassandra.cluster: [control connection] Error connecting to 127.0.0.1:9042:
Traceback (most recent call last):
  File "cassandra/cluster.py", line 3547, in cassandra.cluster.ControlConnection._connect_host_in_lbp
  File "cassandra/cluster.py", line 3593, in cassandra.cluster.ControlConnection._try_connect
  File "cassandra/cluster.py", line 1648, in cassandra.cluster.Cluster.connection_factory
  File "cassandra/connection.py", line 858, in cassandra.connection.Connection.factory
  File "/home/devlord/divine-world-core/py_backend/dw_env/lib/python3.13/site-packages/cassandra/io/libevreactor.py", line 272, in __init__
    self._connect_socket()
    ~~~~~~~~~~~~~~~~~~~~^^
  File "cassandra/connection.py", line 980, in cassandra.connection.Connection._connect_socket
ConnectionRefusedError: [Errno 111] Tried connecting to [('127.0.0.1', 9042)]. Last error: Connection refused
[2025-12-30 07:00:47,611][WARNING] cassandra.cluster: [control connection] Error connecting to 127.0.0.1:9042:
Traceback (most recent call last):
  File "cassandra/cluster.py", line 3547, in cassandra.cluster.ControlConnection._connect_host_in_lbp
  File "cassandra/cluster.py", line 3593, in cassandra.cluster.ControlConnection._try_connect
  File "cassandra/cluster.py", line 1648, in cassandra.cluster.Cluster.connection_factory
  File "cassandra/connection.py", line 858, in cassandra.connection.Connection.factory
  File "/home/devlord/divine-world-core/py_backend/dw_env/lib/python3.13/site-packages/cassandra/io/libevreactor.py", line 272, in __init__
    self._connect_socket()
    ~~~~~~~~~~~~~~~~~~~~^^
  File "cassandra/connection.py", line 980, in cassandra.connection.Connection._connect_socket
ConnectionRefusedError: [Errno 111] Tried connecting to [('127.0.0.1', 9042)]. Last error: Connection refused
[2025-12-30 07:00:47,612][ERROR] cassandra.cluster: Control connection failed to connect, shutting down Cluster:
Traceback (most recent call last):
  File "cassandra/cluster.py", line 1723, in cassandra.cluster.Cluster.connect
  File "cassandra/cluster.py", line 3521, in cassandra.cluster.ControlConnection.connect
  File "cassandra/cluster.py", line 3582, in cassandra.cluster.ControlConnection._reconnect_internal
cassandra.cluster.NoHostAvailable: ('Unable to connect to any servers', {'127.0.0.1:9042': ConnectionRefusedError(111, "Tried connecting to [('127.0.0.1', 9042)]. Last error: Connection refused")})
[2025-12-30 07:00:47,631][ERROR] unified_memory: ScyllaDB initialization failed: ('Unable to connect to any servers', {'127.0.0.1:9042': ConnectionRefusedError(111, "Tried connecting to [('127.0.0.1', 9042)]. Last error: Connection refused")})
[2025-12-30 07:00:47,631][INFO] unified_memory: UnifiedMemoryStore initialized for adam (In-Memory)
[2025-12-30 07:00:52,802][INFO] brain.language: Language Intelligence initialized on cpu
[2025-12-30 07:00:52,889][INFO] brain.language: Language Intelligence initialized on cpu
[2025-12-30 07:00:52,890][INFO] brain.language: Language capabilities added to BrainCore
[2025-12-30 07:00:52,891][INFO] agent: [adam] Transformer language learning initialized
[2025-12-30 07:00:52,902][INFO] world_model: Integrating WorldModel with agent adam...
[2025-12-30 07:00:53,519][INFO] world_model: WorldModel initialized: 21.29M parameters
[2025-12-30 07:00:53,519][INFO] world_model: WorldModelReplayBuffer initialized: capacity=50000, seq_len=64
[2025-12-30 07:00:53,519][INFO] world_model: WorldModelTrainer initialized
[2025-12-30 07:00:53,519][INFO] world_model: ✅ WorldModel integrated with adam
[2025-12-30 07:00:53,519][INFO] agent: [adam] World model integrated
[2025-12-30 07:00:56,663][INFO] audio_processor: AudioCapture initialized: 16000Hz, chunk=1024
[2025-12-30 07:00:56,663][INFO] audio_processor: SpeechRecognizer initialized
[2025-12-30 07:00:56,663][INFO] audio_processor: AudioProcessor initialized for adam
[2025-12-30 07:00:56,664][INFO] audio_processor: ✅ Audio processing added to adam
[2025-12-30 07:00:56,664][INFO] agent: [adam] Audio processing initialized
[2025-12-30 07:00:56,664][INFO] cognitive_loop: CognitiveLoop initialized for adam
[2025-12-30 07:00:56,664][INFO] agent: 🧠 Cognitive loop initialized for adam
[2025-12-30 07:00:56,664][INFO] agent: NPCAgent initialized: adam (gender: male, autonomous: True)
[2025-12-30 07:00:56,664][INFO] web_browser: WebBrowser initialized for adam
[2025-12-30 07:00:56,665][INFO] web_browser: ✅ Web browsing added to adam
[2025-12-30 07:00:56,665][INFO] agent: [adam] Web browsing initialized
[2025-12-30 07:00:57,960][INFO] brain_capsule: ✅ Brain saved: /home/devlord/divine-world-core/npc_applications/data/brains/adam/brain.pcap (99881181 bytes)
[2025-12-30 07:00:57,966][INFO] brain_capsule: ✅ Metadata saved: /home/devlord/divine-world-core/npc_applications/data/brains/adam/brain.pcap.json
[2025-12-30 07:00:57,967][INFO] agent: [adam] Saved to /home/devlord/divine-world-core/npc_applications/data/brains/adam/brain.pcap
[2025-12-30 07:00:57,968][INFO] agent_spawner:   Brain saved: /home/devlord/divine-world-core/npc_applications/data/brains/adam/brain.pcap
[2025-12-30 07:00:57,969][INFO] agent_spawner: Spawned NPC: adam (gender: male)
[2025-12-30 07:00:57,969][INFO] auto_packager: ✅ Queued adam for packaging
[2025-12-30 07:00:57,974][INFO] dw_backend: [Genesis] Spawned adam via spawner
[2025-12-30 07:00:57,970][INFO] auto_packager: 📦 Packaging adam...
[2025-12-30 07:00:57,987][INFO] auto_packager: ⏳ Waiting for brain file: /home/devlord/divine-world-core/npc_applications/data/brains/adam/brain.pcap
[2025-12-30 07:00:57,988][INFO] auto_packager: ✅ Brain file found, verifying stability...
[2025-12-30 07:00:57,988][INFO] agent_spawner: Launching client for eve
[2025-12-30 07:00:57,988][INFO] agent_spawner:   Backend: http://127.0.0.1:18690
[2025-12-30 07:00:57,988][INFO] agent_spawner:   Server: 127.0.0.1:25565
[2025-12-30 07:00:57,989][INFO] agent_spawner:   Memory: 2048MB
[2025-12-30 07:00:58,100][ERROR] cassandra.cluster: Compression is enabled, but no compression libraries are available. Disabling compression, consider installing one of the Python packages: lz4 and/or python-snappy.
[2025-12-30 07:00:58,208][WARNING] cassandra.cluster: [control connection] Error connecting to 127.0.0.1:9042:
Traceback (most recent call last):
  File "cassandra/cluster.py", line 3547, in cassandra.cluster.ControlConnection._connect_host_in_lbp
  File "cassandra/cluster.py", line 3593, in cassandra.cluster.ControlConnection._try_connect
  File "cassandra/cluster.py", line 1648, in cassandra.cluster.Cluster.connection_factory
  File "cassandra/connection.py", line 858, in cassandra.connection.Connection.factory
  File "/home/devlord/divine-world-core/py_backend/dw_env/lib/python3.13/site-packages/cassandra/io/libevreactor.py", line 272, in __init__
    self._connect_socket()
    ~~~~~~~~~~~~~~~~~~~~^^
  File "cassandra/connection.py", line 980, in cassandra.connection.Connection._connect_socket
ConnectionRefusedError: [Errno 111] Tried connecting to [('127.0.0.1', 9042)]. Last error: Connection refused
[2025-12-30 07:00:58,214][WARNING] cassandra.cluster: [control connection] Error connecting to 127.0.0.1:9042:
Traceback (most recent call last):
  File "cassandra/cluster.py", line 3547, in cassandra.cluster.ControlConnection._connect_host_in_lbp
  File "cassandra/cluster.py", line 3593, in cassandra.cluster.ControlConnection._try_connect
  File "cassandra/cluster.py", line 1648, in cassandra.cluster.Cluster.connection_factory
  File "cassandra/connection.py", line 858, in cassandra.connection.Connection.factory
  File "/home/devlord/divine-world-core/py_backend/dw_env/lib/python3.13/site-packages/cassandra/io/libevreactor.py", line 272, in __init__
    self._connect_socket()
    ~~~~~~~~~~~~~~~~~~~~^^
  File "cassandra/connection.py", line 980, in cassandra.connection.Connection._connect_socket
ConnectionRefusedError: [Errno 111] Tried connecting to [('127.0.0.1', 9042)]. Last error: Connection refused
[2025-12-30 07:00:58,216][ERROR] cassandra.cluster: Control connection failed to connect, shutting down Cluster:
Traceback (most recent call last):
  File "cassandra/cluster.py", line 1723, in cassandra.cluster.Cluster.connect
  File "cassandra/cluster.py", line 3521, in cassandra.cluster.ControlConnection.connect
  File "cassandra/cluster.py", line 3582, in cassandra.cluster.ControlConnection._reconnect_internal
cassandra.cluster.NoHostAvailable: ('Unable to connect to any servers', {'127.0.0.1:9042': ConnectionRefusedError(111, "Tried connecting to [('127.0.0.1', 9042)]. Last error: Connection refused")})
[2025-12-30 07:00:58,218][ERROR] unified_memory: ScyllaDB initialization failed: ('Unable to connect to any servers', {'127.0.0.1:9042': ConnectionRefusedError(111, "Tried connecting to [('127.0.0.1', 9042)]. Last error: Connection refused")})
[2025-12-30 07:00:58,218][INFO] unified_memory: UnifiedMemoryStore initialized for eve (In-Memory)
[2025-12-30 07:00:58,754][INFO] brain.language: Language Intelligence initialized on cpu
[2025-12-30 07:00:58,833][INFO] brain.language: Language Intelligence initialized on cpu
[2025-12-30 07:00:58,833][INFO] brain.language: Language capabilities added to BrainCore
[2025-12-30 07:00:58,833][INFO] agent: [eve] Transformer language learning initialized
[2025-12-30 07:00:58,833][INFO] world_model: Integrating WorldModel with agent eve...
[2025-12-30 07:00:59,193][INFO] auto_packager: ✅ Brain file stable: /home/devlord/divine-world-core/npc_applications/data/brains/adam/brain.pcap (99,881,181 bytes)
[2025-12-30 07:00:59,194][INFO] packager: 📦 Packaging agent: adam (gender: male, type: npc)
[2025-12-30 07:00:59,229][INFO] world_model: WorldModel initialized: 21.29M parameters
[2025-12-30 07:00:59,229][INFO] world_model: WorldModelReplayBuffer initialized: capacity=50000, seq_len=64
[2025-12-30 07:00:59,229][INFO] world_model: WorldModelTrainer initialized
[2025-12-30 07:00:59,229][INFO] world_model: ✅ WorldModel integrated with eve
[2025-12-30 07:00:59,230][INFO] agent: [eve] World model integrated
[2025-12-30 07:00:59,230][INFO] audio_processor: AudioCapture initialized: 16000Hz, chunk=1024
[2025-12-30 07:00:59,230][INFO] audio_processor: SpeechRecognizer initialized
[2025-12-30 07:00:59,230][INFO] audio_processor: AudioProcessor initialized for eve
[2025-12-30 07:00:59,230][INFO] audio_processor: ✅ Audio processing added to eve
[2025-12-30 07:00:59,230][INFO] agent: [eve] Audio processing initialized
[2025-12-30 07:00:59,230][INFO] cognitive_loop: CognitiveLoop initialized for eve
[2025-12-30 07:00:59,231][INFO] agent: 🧠 Cognitive loop initialized for eve
[2025-12-30 07:00:59,231][INFO] agent: NPCAgent initialized: eve (gender: female, autonomous: True)
[2025-12-30 07:00:59,250][INFO] web_browser: WebBrowser initialized for eve
[2025-12-30 07:00:59,251][INFO] web_browser: ✅ Web browsing added to eve
[2025-12-30 07:00:59,251][INFO] agent: [eve] Web browsing initialized
[2025-12-30 07:01:01,444][INFO] packager: ✓ Brain capsule copied with metadata
[2025-12-30 07:01:01,902][INFO] frontend_builder: 🔨 Building frontend from: /home/devlord/divine-world-core/dw_agent/electron/react-app
[2025-12-30 07:01:02,232][INFO] frontend_builder: 🗝️ Building frontend...
[2025-12-30 07:01:02,805][INFO] brain_capsule: ✅ Brain saved: /home/devlord/divine-world-core/npc_applications/data/brains/eve/brain.pcap (99881182 bytes)
[2025-12-30 07:01:02,805][INFO] brain_capsule: ✅ Metadata saved: /home/devlord/divine-world-core/npc_applications/data/brains/eve/brain.pcap.json
[2025-12-30 07:01:02,805][INFO] agent: [eve] Saved to /home/devlord/divine-world-core/npc_applications/data/brains/eve/brain.pcap
[2025-12-30 07:01:03,080][INFO] agent_spawner:   Brain saved: /home/devlord/divine-world-core/npc_applications/data/brains/eve/brain.pcap
[2025-12-30 07:01:03,082][INFO] agent_spawner: Spawned NPC: eve (gender: female)
[2025-12-30 07:01:03,082][INFO] auto_packager: ✅ Queued eve for packaging
[2025-12-30 07:01:03,083][INFO] dw_backend: [Genesis] Spawned eve via spawner
[2025-12-30 07:01:24,537][INFO] dw_backend: [Divine] Genesis invoked by console
[2025-12-30 07:01:24,602][ERROR] dw_backend: [Genesis] Failed to spawn adam: Agent adam already exists
[2025-12-30 07:01:24,603][ERROR] dw_backend: [Genesis] Failed to spawn eve: Agent eve already exists
[2025-12-30 07:01:28,274][INFO] frontend_builder: ✅ Frontend built and copied to: /home/devlord/divine-world-core/npc_applications/adam/frontend
[2025-12-30 07:01:28,367][INFO] packager: ✅ Included mod jar: /home/devlord/divine-world-core/DivineWorld/build/libs/divineworld-1.0.0-all.jar
[2025-12-30 07:01:28,388][INFO] packager: ✅ Included client jar: /home/devlord/divine-world-core/DWClientBot/build/libs/DWClientBot.jar
[2025-12-30 07:01:28,389][ERROR] auto_packager: ❌ Failed to package adam: name 'jar' is not defined
[2025-12-30 07:01:28,407][ERROR] auto_packager: Traceback (most recent call last):
  File "/home/devlord/divine-world-core/py_backend/auto_packager.py", line 132, in _packaging_worker
    result = self.packager.package_agent(
        agent_id=agent.agent_id,
    ...<7 lines>...
        backend_port=backend_port  # NEW: Pass unique port
    )
  File "/home/devlord/divine-world-core/py_backend/packager.py", line 193, in package_agent
    launcher_path = self._create_launcher(agent_id, agent_dir, frontend_included, agent_type, backend_port, client_included)
  File "/home/devlord/divine-world-core/py_backend/packager.py", line 352, in _create_launcher
    log.info(f"Attempting to launch Java client: {jar}")
                                                  ^^^
NameError: name 'jar' is not defined

[2025-12-30 07:01:28,408][INFO] auto_packager: 📦 Packaging eve...
[2025-12-30 07:01:28,408][INFO] auto_packager: ⏳ Waiting for brain file: /home/devlord/divine-world-core/npc_applications/data/brains/eve/brain.pcap
[2025-12-30 07:01:28,409][INFO] auto_packager: ✅ Brain file found, verifying stability...
[2025-12-30 07:01:29,610][INFO] auto_packager: ✅ Brain file stable: /home/devlord/divine-world-core/npc_applications/data/brains/eve/brain.pcap (99,881,182 bytes)
[2025-12-30 07:01:29,611][INFO] packager: 📦 Packaging agent: eve (gender: female, type: npc)
[2025-12-30 07:01:31,094][INFO] packager: ✓ Brain capsule copied with metadata
[2025-12-30 07:01:31,096][INFO] frontend_builder: 🔨 Building frontend from: /home/devlord/divine-world-core/dw_agent/electron/react-app
[2025-12-30 07:01:31,097][INFO] frontend_builder: 🗝️ Building frontend...
[2025-12-30 07:01:47,611][INFO] frontend_builder: ✅ Frontend built and copied to: /home/devlord/divine-world-core/npc_applications/eve/frontend
[2025-12-30 07:01:47,779][INFO] packager: ✅ Included mod jar: /home/devlord/divine-world-core/DivineWorld/build/libs/divineworld-1.0.0-all.jar
[2025-12-30 07:01:47,787][INFO] packager: ✅ Included client jar: /home/devlord/divine-world-core/DWClientBot/build/libs/DWClientBot.jar
[2025-12-30 07:01:47,788][ERROR] auto_packager: ❌ Failed to package eve: name 'jar' is not defined
[2025-12-30 07:01:47,790][ERROR] auto_packager: Traceback (most recent call last):
  File "/home/devlord/divine-world-core/py_backend/auto_packager.py", line 132, in _packaging_worker
    result = self.packager.package_agent(
        agent_id=agent.agent_id,
    ...<7 lines>...
        backend_port=backend_port  # NEW: Pass unique port
    )
  File "/home/devlord/divine-world-core/py_backend/packager.py", line 193, in package_agent
    launcher_path = self._create_launcher(agent_id, agent_dir, frontend_included, agent_type, backend_port, client_included)
  File "/home/devlord/divine-world-core/py_backend/packager.py", line 352, in _create_launcher
    log.info(f"Attempting to launch Java client: {jar}")
                                                  ^^^
NameError: name 'jar' is not defined

[2025-12-30 07:02:57,330][INFO] dw_backend: [Divine] Genesis invoked by console
[2025-12-30 07:02:57,356][ERROR] dw_backend: [Genesis] Failed to spawn adam: Agent adam already exists
[2025-12-30 07:02:57,356][ERROR] dw_backend: [Genesis] Failed to spawn eve: Agent eve already exists
[2025-12-30 07:45:41,452][INFO] root: Logging initialized at INFO level. Log file: data/logs/divine_world.log
[2025-12-30 07:45:41,740][INFO] frontend_builder: Using npm at: /usr/bin/npm
[2025-12-30 07:45:42,552][INFO] agent_spawner: AgentClientManager initialized with Minecraft support: /home/devlord/divine-world-core/DWClientBot/build/libs/DWClientBot.jar
[2025-12-30 07:45:42,552][INFO] agent_spawner: AgentSpawner initialized in MINECRAFT mode
[2025-12-30 07:45:42,572][INFO] packager: ✅ Found frontend at: /home/devlord/divine-world-core/dw_agent/electron/react-app
[2025-12-30 07:45:42,596][INFO] packager: ✅ Found mod jar: /home/devlord/divine-world-core/DivineWorld/build/libs/divineworld-1.0.0-all.jar
[2025-12-30 07:45:42,596][INFO] auto_packager: 📦 Packaging worker started
[2025-12-30 07:45:42,596][INFO] auto_packager: AutoPackaging system initialized (output: /home/devlord/divine-world-core/npc_applications)
[2025-12-30 07:45:42,597][INFO] auto_packager: Auto-packaging enabled
[2025-12-30 07:45:42,597][INFO] dw_backend: Enhanced Agent Manager initialized with binary protocol
[2025-12-30 07:45:42,597][INFO] auto_connect: AutoConnect System initialized
[2025-12-30 07:45:42,597][INFO] auto_connect:   Agents Folder: npc_applications
[2025-12-30 07:45:42,597][INFO] auto_connect:   Server: 127.0.0.1:25565
[2025-12-30 07:45:42,599][INFO] auto_connect: ✅ Auto-connect system integrated with backend
[2025-12-30 07:45:42,898][INFO] dw_backend: ✅ Chat system imported successfully
[2025-12-30 07:45:42,898][INFO] dw_backend: 🌉 WebSocket Chat Bridge initialized
[2025-12-30 07:45:42,898][INFO] dw_backend: ✅ Chat system bridged to main WebSocket handlers
[2025-12-30 07:45:50,823][WARNING] dw_backend: S3 client initialization failed: Could not connect to the endpoint URL: "http://127.0.0.1:9000/divine-world"
[2025-12-30 07:45:51,431][INFO] root: Logging initialized at INFO level. Log file: data/logs/divine_world.log
[2025-12-30 07:45:51,432][INFO] agent_spawner: AgentClientManager initialized with Minecraft support: /home/devlord/divine-world-core/DWClientBot/build/libs/DWClientBot.jar
[2025-12-30 07:45:51,432][INFO] agent_spawner: AgentSpawner initialized in MINECRAFT mode
[2025-12-30 07:45:51,432][INFO] packager: ✅ Found frontend at: /home/devlord/divine-world-core/dw_agent/electron/react-app
[2025-12-30 07:45:51,433][INFO] packager: ✅ Found mod jar: /home/devlord/divine-world-core/DivineWorld/build/libs/divineworld-1.0.0-all.jar
[2025-12-30 07:45:51,434][INFO] auto_packager: 📦 Packaging worker started
[2025-12-30 07:45:51,434][INFO] auto_packager: AutoPackaging system initialized (output: /home/devlord/divine-world-core/npc_applications)
[2025-12-30 07:45:51,435][INFO] auto_packager: Auto-packaging enabled
[2025-12-30 07:45:51,435][INFO] dw_backend: Enhanced Agent Manager initialized with binary protocol
[2025-12-30 07:45:51,435][INFO] auto_connect: AutoConnect System initialized
[2025-12-30 07:45:51,435][INFO] auto_connect:   Agents Folder: npc_applications
[2025-12-30 07:45:51,435][INFO] auto_connect:   Server: 127.0.0.1:25565
[2025-12-30 07:45:51,438][INFO] auto_connect: ✅ Auto-connect system integrated with backend
[2025-12-30 07:45:51,438][INFO] dw_backend: ✅ Chat system imported successfully
[2025-12-30 07:45:51,438][INFO] dw_backend: 🌉 WebSocket Chat Bridge initialized
[2025-12-30 07:45:51,438][INFO] dw_backend: ✅ Chat system bridged to main WebSocket handlers
[2025-12-30 07:45:58,794][WARNING] dw_backend: S3 client initialization failed: Could not connect to the endpoint URL: "http://127.0.0.1:9000/divine-world"
[2025-12-30 07:48:06,779][INFO] dw_backend: [Divine] Genesis invoked by console
[2025-12-30 07:48:08,073][INFO] agent_spawner: Launching client for adam
[2025-12-30 07:48:08,073][INFO] agent_spawner:   Backend: http://127.0.0.1:17774
[2025-12-30 07:48:08,078][INFO] agent_spawner:   Server: 127.0.0.1:25565
[2025-12-30 07:48:08,079][INFO] agent_spawner:   Memory: 2048MB
[2025-12-30 07:48:08,232][ERROR] cassandra.cluster: Compression is enabled, but no compression libraries are available. Disabling compression, consider installing one of the Python packages: lz4 and/or python-snappy.
[2025-12-30 07:48:09,084][WARNING] cassandra.cluster: [control connection] Error connecting to 127.0.0.1:9042:
Traceback (most recent call last):
  File "cassandra/cluster.py", line 3547, in cassandra.cluster.ControlConnection._connect_host_in_lbp
  File "cassandra/cluster.py", line 3593, in cassandra.cluster.ControlConnection._try_connect
  File "cassandra/cluster.py", line 1648, in cassandra.cluster.Cluster.connection_factory
  File "cassandra/connection.py", line 858, in cassandra.connection.Connection.factory
  File "/home/devlord/divine-world-core/py_backend/dw_env/lib/python3.13/site-packages/cassandra/io/libevreactor.py", line 272, in __init__
    self._connect_socket()
    ~~~~~~~~~~~~~~~~~~~~^^
  File "cassandra/connection.py", line 980, in cassandra.connection.Connection._connect_socket
ConnectionRefusedError: [Errno 111] Tried connecting to [('127.0.0.1', 9042)]. Last error: Connection refused
[2025-12-30 07:48:09,101][WARNING] cassandra.cluster: [control connection] Error connecting to 127.0.0.1:9042:
Traceback (most recent call last):
  File "cassandra/cluster.py", line 3547, in cassandra.cluster.ControlConnection._connect_host_in_lbp
  File "cassandra/cluster.py", line 3593, in cassandra.cluster.ControlConnection._try_connect
  File "cassandra/cluster.py", line 1648, in cassandra.cluster.Cluster.connection_factory
  File "cassandra/connection.py", line 858, in cassandra.connection.Connection.factory
  File "/home/devlord/divine-world-core/py_backend/dw_env/lib/python3.13/site-packages/cassandra/io/libevreactor.py", line 272, in __init__
    self._connect_socket()
    ~~~~~~~~~~~~~~~~~~~~^^
  File "cassandra/connection.py", line 980, in cassandra.connection.Connection._connect_socket
ConnectionRefusedError: [Errno 111] Tried connecting to [('127.0.0.1', 9042)]. Last error: Connection refused
[2025-12-30 07:48:09,103][ERROR] cassandra.cluster: Control connection failed to connect, shutting down Cluster:
Traceback (most recent call last):
  File "cassandra/cluster.py", line 1723, in cassandra.cluster.Cluster.connect
  File "cassandra/cluster.py", line 3521, in cassandra.cluster.ControlConnection.connect
  File "cassandra/cluster.py", line 3582, in cassandra.cluster.ControlConnection._reconnect_internal
cassandra.cluster.NoHostAvailable: ('Unable to connect to any servers', {'127.0.0.1:9042': ConnectionRefusedError(111, "Tried connecting to [('127.0.0.1', 9042)]. Last error: Connection refused")})
[2025-12-30 07:48:09,117][ERROR] unified_memory: ScyllaDB initialization failed: ('Unable to connect to any servers', {'127.0.0.1:9042': ConnectionRefusedError(111, "Tried connecting to [('127.0.0.1', 9042)]. Last error: Connection refused")})
[2025-12-30 07:48:09,117][INFO] unified_memory: UnifiedMemoryStore initialized for adam (In-Memory)
[2025-12-30 07:48:27,157][INFO] brain.language: Language Intelligence initialized on cpu
[2025-12-30 07:48:27,376][INFO] brain.language: Language Intelligence initialized on cpu
[2025-12-30 07:48:27,377][INFO] brain.language: Language capabilities added to BrainCore
[2025-12-30 07:48:27,377][INFO] agent: [adam] Transformer language learning initialized
[2025-12-30 07:48:27,415][INFO] world_model: Integrating WorldModel with agent adam...
[2025-12-30 07:48:29,182][INFO] world_model: WorldModel initialized: 21.29M parameters
[2025-12-30 07:48:29,182][INFO] world_model: WorldModelReplayBuffer initialized: capacity=50000, seq_len=64
[2025-12-30 07:48:29,183][INFO] world_model: WorldModelTrainer initialized
[2025-12-30 07:48:29,183][INFO] world_model: ✅ WorldModel integrated with adam
[2025-12-30 07:48:29,183][INFO] agent: [adam] World model integrated
[2025-12-30 07:48:33,830][INFO] audio_processor: AudioCapture initialized: 16000Hz, chunk=1024
[2025-12-30 07:48:33,966][INFO] audio_processor: SpeechRecognizer initialized
[2025-12-30 07:48:33,966][INFO] audio_processor: AudioProcessor initialized for adam
[2025-12-30 07:48:33,967][INFO] audio_processor: ✅ Audio processing added to adam
[2025-12-30 07:48:33,967][INFO] agent: [adam] Audio processing initialized
[2025-12-30 07:48:34,967][INFO] cognitive_loop: CognitiveLoop initialized for adam
[2025-12-30 07:48:34,967][INFO] agent: 🧠 Cognitive loop initialized for adam
[2025-12-30 07:48:34,967][INFO] agent: NPCAgent initialized: adam (gender: male, autonomous: True)
[2025-12-30 07:48:34,968][INFO] web_browser: WebBrowser initialized for adam
[2025-12-30 07:48:34,968][INFO] web_browser: ✅ Web browsing added to adam
[2025-12-30 07:48:34,968][INFO] agent: [adam] Web browsing initialized
[2025-12-30 07:48:36,189][INFO] brain_capsule: ✅ Brain saved: /home/devlord/divine-world-core/npc_applications/data/brains/adam/brain.pcap (99881181 bytes)
[2025-12-30 07:48:37,057][INFO] brain_capsule: ✅ Metadata saved: /home/devlord/divine-world-core/npc_applications/data/brains/adam/brain.pcap.json
[2025-12-30 07:48:37,058][INFO] agent: [adam] Saved to /home/devlord/divine-world-core/npc_applications/data/brains/adam/brain.pcap
[2025-12-30 07:48:37,058][INFO] agent_spawner:   Brain saved: /home/devlord/divine-world-core/npc_applications/data/brains/adam/brain.pcap
[2025-12-30 07:48:37,058][INFO] agent_spawner: Spawned NPC: adam (gender: male)
[2025-12-30 07:48:37,058][INFO] auto_packager: ✅ Queued adam for packaging
[2025-12-30 07:48:37,058][INFO] auto_packager: 📦 Packaging adam...
[2025-12-30 07:48:37,418][INFO] dw_backend: [Genesis] Spawned adam via spawner
[2025-12-30 07:48:37,418][INFO] auto_packager: ⏳ Waiting for brain file: /home/devlord/divine-world-core/npc_applications/data/brains/adam/brain.pcap
[2025-12-30 07:48:38,407][INFO] auto_packager: ✅ Brain file found, verifying stability...
[2025-12-30 07:48:38,408][INFO] agent_spawner: Launching client for eve
[2025-12-30 07:48:38,408][INFO] agent_spawner:   Backend: http://127.0.0.1:15264
[2025-12-30 07:48:38,408][INFO] agent_spawner:   Server: 127.0.0.1:25565
[2025-12-30 07:48:38,408][INFO] agent_spawner:   Memory: 2048MB
[2025-12-30 07:48:40,015][ERROR] cassandra.cluster: Compression is enabled, but no compression libraries are available. Disabling compression, consider installing one of the Python packages: lz4 and/or python-snappy.
[2025-12-30 07:48:42,509][INFO] auto_packager: ✅ Brain file stable: /home/devlord/divine-world-core/npc_applications/data/brains/adam/brain.pcap (99,881,181 bytes)
[2025-12-30 07:48:42,762][INFO] packager: 📦 Packaging agent: adam (gender: male, type: npc)
[2025-12-30 07:48:58,372][WARNING] cassandra.cluster: [control connection] Error connecting to 127.0.0.1:9042:
Traceback (most recent call last):
  File "cassandra/cluster.py", line 3547, in cassandra.cluster.ControlConnection._connect_host_in_lbp
  File "cassandra/cluster.py", line 3593, in cassandra.cluster.ControlConnection._try_connect
  File "cassandra/cluster.py", line 1648, in cassandra.cluster.Cluster.connection_factory
  File "cassandra/connection.py", line 858, in cassandra.connection.Connection.factory
  File "/home/devlord/divine-world-core/py_backend/dw_env/lib/python3.13/site-packages/cassandra/io/libevreactor.py", line 272, in __init__
    self._connect_socket()
    ~~~~~~~~~~~~~~~~~~~~^^
  File "cassandra/connection.py", line 980, in cassandra.connection.Connection._connect_socket
ConnectionRefusedError: [Errno 111] Tried connecting to [('127.0.0.1', 9042)]. Last error: Connection refused
[2025-12-30 07:48:58,861][INFO] packager: ✓ Brain capsule copied with metadata
[2025-12-30 07:49:02,207][INFO] frontend_builder: 🔨 Building frontend from: /home/devlord/divine-world-core/dw_agent/electron/react-app
[2025-12-30 07:49:04,175][WARNING] cassandra.cluster: [control connection] Error connecting to 127.0.0.1:9042:
Traceback (most recent call last):
  File "cassandra/cluster.py", line 3547, in cassandra.cluster.ControlConnection._connect_host_in_lbp
  File "cassandra/cluster.py", line 3593, in cassandra.cluster.ControlConnection._try_connect
  File "cassandra/cluster.py", line 1648, in cassandra.cluster.Cluster.connection_factory
  File "cassandra/connection.py", line 858, in cassandra.connection.Connection.factory
  File "/home/devlord/divine-world-core/py_backend/dw_env/lib/python3.13/site-packages/cassandra/io/libevreactor.py", line 272, in __init__
    self._connect_socket()
    ~~~~~~~~~~~~~~~~~~~~^^
  File "cassandra/connection.py", line 980, in cassandra.connection.Connection._connect_socket
ConnectionRefusedError: [Errno 111] Tried connecting to [('127.0.0.1', 9042)]. Last error: Connection refused
[2025-12-30 07:49:04,239][INFO] frontend_builder: 🗝️ Building frontend...
[2025-12-30 07:49:04,259][ERROR] cassandra.cluster: Control connection failed to connect, shutting down Cluster:
Traceback (most recent call last):
  File "cassandra/cluster.py", line 1723, in cassandra.cluster.Cluster.connect
  File "cassandra/cluster.py", line 3521, in cassandra.cluster.ControlConnection.connect
  File "cassandra/cluster.py", line 3582, in cassandra.cluster.ControlConnection._reconnect_internal
cassandra.cluster.NoHostAvailable: ('Unable to connect to any servers', {'127.0.0.1:9042': ConnectionRefusedError(111, "Tried connecting to [('127.0.0.1', 9042)]. Last error: Connection refused")})
[2025-12-30 07:49:04,415][ERROR] unified_memory: ScyllaDB initialization failed: ('Unable to connect to any servers', {'127.0.0.1:9042': ConnectionRefusedError(111, "Tried connecting to [('127.0.0.1', 9042)]. Last error: Connection refused")})
[2025-12-30 07:49:04,415][INFO] unified_memory: UnifiedMemoryStore initialized for eve (In-Memory)
[2025-12-30 07:49:49,540][INFO] brain.language: Language Intelligence initialized on cpu
[2025-12-31 00:09:30,243][INFO] root: Logging initialized at INFO level. Log file: data/logs/divine_world.log
[2025-12-31 00:09:31,252][INFO] frontend_builder: Using npm at: /usr/bin/npm
[2025-12-31 00:09:33,039][INFO] agent_spawner: AgentClientManager initialized with Minecraft support: /home/devlord/divine-world-core/DWClientBot/build/libs/DWClientBot.jar
[2025-12-31 00:09:33,040][INFO] agent_spawner: AgentSpawner initialized in MINECRAFT mode
[2025-12-31 00:09:33,053][INFO] packager: ✅ Found frontend at: /home/devlord/divine-world-core/dw_agent/electron/react-app
[2025-12-31 00:09:33,054][INFO] packager: ✅ Found mod jar: /home/devlord/divine-world-core/DivineWorld/build/libs/divineworld-1.0.0-all.jar
[2025-12-31 00:09:33,055][INFO] auto_packager: 📦 Packaging worker started
[2025-12-31 00:09:33,055][INFO] auto_packager: AutoPackaging system initialized (output: /home/devlord/divine-world-core/npc_applications)
[2025-12-31 00:09:33,056][INFO] auto_packager: Auto-packaging enabled
[2025-12-31 00:09:33,056][INFO] agent_spawner: AgentClientManager initialized with Minecraft support: /home/devlord/divine-world-core/DWClientBot/build/libs/DWClientBot.jar
[2025-12-31 00:09:33,056][INFO] agent_spawner: AgentSpawner initialized in MINECRAFT mode
[2025-12-31 00:09:37,959][WARNING] minecraft_launcher: ⚠️ UltimMC not found - install from https://github.com/UltimMC/Launcher
[2025-12-31 00:09:37,960][INFO] minecraft_launcher: ✅ DWClientBot found at: /home/devlord/divine-world-core/DWClientBot/build/libs/DWClientBot.jar
[2025-12-31 00:09:37,960][WARNING] minecraft_launcher: ⚠️ DivineWorld.jar not found
[2025-12-31 00:09:38,041][WARNING] agent_spawner: ⚠️ UltimMC not found - falling back to legacy client launch
[2025-12-31 00:09:38,042][INFO] auto_packager: ✅ UltimMC automation available
[2025-12-31 00:09:38,042][INFO] dw_backend: Enhanced Agent Manager initialized with binary protocol
[2025-12-31 00:09:38,042][INFO] auto_connect: AutoConnect System initialized
[2025-12-31 00:09:38,042][INFO] auto_connect:   Agents Folder: npc_applications
[2025-12-31 00:09:38,042][INFO] auto_connect:   Server: 127.0.0.1:25565
[2025-12-31 00:09:38,045][INFO] auto_connect: ✅ Auto-connect system integrated with backend
[2025-12-31 00:09:38,194][INFO] dw_backend: ✅ Chat system imported successfully
[2025-12-31 00:09:38,194][INFO] dw_backend: 🌉 WebSocket Chat Bridge initialized
[2025-12-31 00:09:38,195][INFO] dw_backend: ✅ Chat system bridged to main WebSocket handlers
[2025-12-31 00:09:45,029][WARNING] dw_backend: S3 client initialization failed: Could not connect to the endpoint URL: "http://127.0.0.1:9000/divine-world"
[2025-12-31 00:09:45,806][INFO] root: Logging initialized at INFO level. Log file: data/logs/divine_world.log
[2025-12-31 00:09:45,809][INFO] agent_spawner: AgentClientManager initialized with Minecraft support: /home/devlord/divine-world-core/DWClientBot/build/libs/DWClientBot.jar
[2025-12-31 00:09:45,810][INFO] agent_spawner: AgentSpawner initialized in MINECRAFT mode
[2025-12-31 00:09:45,831][INFO] packager: ✅ Found frontend at: /home/devlord/divine-world-core/dw_agent/electron/react-app
[2025-12-31 00:09:45,875][INFO] packager: ✅ Found mod jar: /home/devlord/divine-world-core/DivineWorld/build/libs/divineworld-1.0.0-all.jar
[2025-12-31 00:09:45,876][INFO] auto_packager: 📦 Packaging worker started
[2025-12-31 00:09:45,877][INFO] auto_packager: AutoPackaging system initialized (output: /home/devlord/divine-world-core/npc_applications)
[2025-12-31 00:09:45,878][INFO] auto_packager: Auto-packaging enabled
[2025-12-31 00:09:45,879][INFO] agent_spawner: AgentClientManager initialized with Minecraft support: /home/devlord/divine-world-core/DWClientBot/build/libs/DWClientBot.jar
[2025-12-31 00:09:45,880][INFO] agent_spawner: AgentSpawner initialized in MINECRAFT mode
[2025-12-31 00:09:55,014][WARNING] minecraft_launcher: ⚠️ UltimMC not found - install from https://github.com/UltimMC/Launcher
[2025-12-31 00:09:55,047][INFO] minecraft_launcher: ✅ DWClientBot found at: /home/devlord/divine-world-core/DWClientBot/build/libs/DWClientBot.jar
[2025-12-31 00:09:55,048][WARNING] minecraft_launcher: ⚠️ DivineWorld.jar not found
[2025-12-31 00:09:55,048][WARNING] agent_spawner: ⚠️ UltimMC not found - falling back to legacy client launch
[2025-12-31 00:09:55,048][INFO] auto_packager: ✅ UltimMC automation available
[2025-12-31 00:09:55,048][INFO] dw_backend: Enhanced Agent Manager initialized with binary protocol
[2025-12-31 00:09:55,048][INFO] auto_connect: AutoConnect System initialized
[2025-12-31 00:09:55,049][INFO] auto_connect:   Agents Folder: npc_applications
[2025-12-31 00:09:55,049][INFO] auto_connect:   Server: 127.0.0.1:25565
[2025-12-31 00:09:55,051][INFO] auto_connect: ✅ Auto-connect system integrated with backend
[2025-12-31 00:09:55,051][INFO] dw_backend: ✅ Chat system imported successfully
[2025-12-31 00:09:55,051][INFO] dw_backend: 🌉 WebSocket Chat Bridge initialized
[2025-12-31 00:09:55,051][INFO] dw_backend: ✅ Chat system bridged to main WebSocket handlers
[2025-12-31 00:10:02,316][WARNING] dw_backend: S3 client initialization failed: Could not connect to the endpoint URL: "http://127.0.0.1:9000/divine-world"
[2025-12-31 00:10:41,648][INFO] dw_backend: [Divine] Genesis invoked by console
[2025-12-31 00:10:41,649][INFO] auto_packager: Spawning adam with UltimMC automation...
[2025-12-31 00:10:42,072][INFO] agent_spawner: Launching client for adam
[2025-12-31 00:10:42,072][INFO] agent_spawner:   Backend: http://127.0.0.1:12021
[2025-12-31 00:10:42,073][INFO] agent_spawner:   Server: 127.0.0.1:25565
[2025-12-31 00:10:42,073][INFO] agent_spawner:   Memory: 2048MB
[2025-12-31 00:10:42,292][ERROR] cassandra.cluster: Compression is enabled, but no compression libraries are available. Disabling compression, consider installing one of the Python packages: lz4 and/or python-snappy.
[2025-12-31 00:10:42,536][WARNING] cassandra.cluster: [control connection] Error connecting to 127.0.0.1:9042:
Traceback (most recent call last):
  File "cassandra/cluster.py", line 3547, in cassandra.cluster.ControlConnection._connect_host_in_lbp
  File "cassandra/cluster.py", line 3593, in cassandra.cluster.ControlConnection._try_connect
  File "cassandra/cluster.py", line 1648, in cassandra.cluster.Cluster.connection_factory
  File "cassandra/connection.py", line 858, in cassandra.connection.Connection.factory
  File "/home/devlord/divine-world-core/py_backend/dw_env/lib/python3.13/site-packages/cassandra/io/libevreactor.py", line 272, in __init__
    self._connect_socket()
    ~~~~~~~~~~~~~~~~~~~~^^
  File "cassandra/connection.py", line 980, in cassandra.connection.Connection._connect_socket
ConnectionRefusedError: [Errno 111] Tried connecting to [('127.0.0.1', 9042)]. Last error: Connection refused
[2025-12-31 00:10:42,550][WARNING] cassandra.cluster: [control connection] Error connecting to 127.0.0.1:9042:
Traceback (most recent call last):
  File "cassandra/cluster.py", line 3547, in cassandra.cluster.ControlConnection._connect_host_in_lbp
  File "cassandra/cluster.py", line 3593, in cassandra.cluster.ControlConnection._try_connect
  File "cassandra/cluster.py", line 1648, in cassandra.cluster.Cluster.connection_factory
  File "cassandra/connection.py", line 858, in cassandra.connection.Connection.factory
  File "/home/devlord/divine-world-core/py_backend/dw_env/lib/python3.13/site-packages/cassandra/io/libevreactor.py", line 272, in __init__
    self._connect_socket()
    ~~~~~~~~~~~~~~~~~~~~^^
  File "cassandra/connection.py", line 980, in cassandra.connection.Connection._connect_socket
ConnectionRefusedError: [Errno 111] Tried connecting to [('127.0.0.1', 9042)]. Last error: Connection refused
[2025-12-31 00:10:42,551][ERROR] cassandra.cluster: Control connection failed to connect, shutting down Cluster:
Traceback (most recent call last):
  File "cassandra/cluster.py", line 1723, in cassandra.cluster.Cluster.connect
  File "cassandra/cluster.py", line 3521, in cassandra.cluster.ControlConnection.connect
  File "cassandra/cluster.py", line 3582, in cassandra.cluster.ControlConnection._reconnect_internal
cassandra.cluster.NoHostAvailable: ('Unable to connect to any servers', {'127.0.0.1:9042': ConnectionRefusedError(111, "Tried connecting to [('127.0.0.1', 9042)]. Last error: Connection refused")})
[2025-12-31 00:10:42,571][ERROR] unified_memory: ScyllaDB initialization failed: ('Unable to connect to any servers', {'127.0.0.1:9042': ConnectionRefusedError(111, "Tried connecting to [('127.0.0.1', 9042)]. Last error: Connection refused")})
[2025-12-31 00:10:42,571][INFO] unified_memory: UnifiedMemoryStore initialized for adam (In-Memory)
[2025-12-31 00:10:56,702][INFO] brain.language: Language Intelligence initialized on cpu
[2025-12-31 00:10:57,850][INFO] brain.language: Language Intelligence initialized on cpu
[2025-12-31 00:10:57,851][INFO] brain.language: Language capabilities added to BrainCore
[2025-12-31 00:10:57,851][INFO] agent: [adam] Transformer language learning initialized
[2025-12-31 00:10:57,932][INFO] world_model: Integrating WorldModel with agent adam...
[2025-12-31 00:10:58,927][INFO] world_model: WorldModel initialized: 21.29M parameters
[2025-12-31 00:10:58,927][INFO] world_model: WorldModelReplayBuffer initialized: capacity=50000, seq_len=64
[2025-12-31 00:10:58,927][INFO] world_model: WorldModelTrainer initialized
[2025-12-31 00:10:58,927][INFO] world_model: ✅ WorldModel integrated with adam
[2025-12-31 00:10:58,927][INFO] agent: [adam] World model integrated
[2025-12-31 00:11:08,300][INFO] audio_processor: AudioCapture initialized: 16000Hz, chunk=1024
[2025-12-31 00:11:08,675][INFO] audio_processor: SpeechRecognizer initialized
[2025-12-31 00:11:08,676][INFO] audio_processor: AudioProcessor initialized for adam
[2025-12-31 00:11:08,676][INFO] audio_processor: ✅ Audio processing added to adam
[2025-12-31 00:11:08,676][INFO] agent: [adam] Audio processing initialized
[2025-12-31 00:11:09,204][INFO] cognitive_loop: CognitiveLoop initialized for adam
[2025-12-31 00:11:09,204][INFO] agent: 🧠 Cognitive loop initialized for adam
[2025-12-31 00:11:09,204][INFO] agent: NPCAgent initialized: adam (gender: female, autonomous: True)
[2025-12-31 00:11:09,204][INFO] web_browser: WebBrowser initialized for adam
[2025-12-31 00:11:09,205][INFO] web_browser: ✅ Web browsing added to adam
[2025-12-31 00:11:09,205][INFO] agent: [adam] Web browsing initialized
[2025-12-31 00:11:26,928][INFO] brain_capsule: ✅ Brain saved: /home/devlord/divine-world-core/npc_applications/data/brains/adam/brain.pcap (99881183 bytes)
[2025-12-31 00:11:27,781][INFO] brain_capsule: ✅ Metadata saved: /home/devlord/divine-world-core/npc_applications/data/brains/adam/brain.pcap.json
[2025-12-31 00:11:27,782][INFO] agent: [adam] Saved to /home/devlord/divine-world-core/npc_applications/data/brains/adam/brain.pcap
[2025-12-31 00:11:28,469][INFO] agent_spawner:   Brain saved: /home/devlord/divine-world-core/npc_applications/data/brains/adam/brain.pcap
[2025-12-31 00:11:28,469][INFO] agent_spawner: Spawned NPC: adam (gender: female)
[2025-12-31 00:11:29,141][INFO] auto_packager: ✅ Queued adam for packaging
[2025-12-31 00:11:29,141][INFO] auto_packager: 📦 Packaging adam...
[2025-12-31 00:11:29,505][INFO] dw_backend: [Genesis] Spawned adam via spawner
[2025-12-31 00:11:29,937][INFO] auto_packager: Spawning eve with UltimMC automation...
[2025-12-31 00:11:29,937][INFO] auto_packager: ⏳ Waiting for brain file: /home/devlord/divine-world-core/npc_applications/data/brains/adam/brain.pcap
[2025-12-31 00:11:33,664][INFO] auto_packager: ✅ Brain file found, verifying stability...
[2025-12-31 00:11:35,570][INFO] agent_spawner: Launching client for eve
[2025-12-31 00:11:35,570][INFO] agent_spawner:   Backend: http://127.0.0.1:15738
[2025-12-31 00:11:35,570][INFO] agent_spawner:   Server: 127.0.0.1:25565
[2025-12-31 00:11:35,570][INFO] agent_spawner:   Memory: 2048MB
[2025-12-31 00:11:38,489][INFO] auto_packager: ✅ Brain file stable: /home/devlord/divine-world-core/npc_applications/data/brains/adam/brain.pcap (99,881,183 bytes)
[2025-12-31 00:11:38,490][INFO] packager: 📦 Packaging agent: adam (gender: female, type: npc)
[2025-12-31 00:11:40,309][ERROR] cassandra.cluster: Compression is enabled, but no compression libraries are available. Disabling compression, consider installing one of the Python packages: lz4 and/or python-snappy.
[2025-12-31 00:11:52,479][WARNING] cassandra.cluster: [control connection] Error connecting to 127.0.0.1:9042:
Traceback (most recent call last):
  File "cassandra/cluster.py", line 3547, in cassandra.cluster.ControlConnection._connect_host_in_lbp
  File "cassandra/cluster.py", line 3593, in cassandra.cluster.ControlConnection._try_connect
  File "cassandra/cluster.py", line 1648, in cassandra.cluster.Cluster.connection_factory
  File "cassandra/connection.py", line 858, in cassandra.connection.Connection.factory
  File "/home/devlord/divine-world-core/py_backend/dw_env/lib/python3.13/site-packages/cassandra/io/libevreactor.py", line 272, in __init__
    self._connect_socket()
    ~~~~~~~~~~~~~~~~~~~~^^
  File "cassandra/connection.py", line 980, in cassandra.connection.Connection._connect_socket
ConnectionRefusedError: [Errno 111] Tried connecting to [('127.0.0.1', 9042)]. Last error: Connection refused
[2025-12-31 00:11:55,647][INFO] packager: ✓ Brain capsule copied with metadata
[2025-12-31 00:11:59,210][INFO] frontend_builder: 🔨 Building frontend from: /home/devlord/divine-world-core/dw_agent/electron/react-app
[2025-12-31 00:12:03,803][INFO] frontend_builder: 🗝️ Building frontend...
[2025-12-31 00:12:03,931][WARNING] cassandra.cluster: [control connection] Error connecting to 127.0.0.1:9042:
Traceback (most recent call last):
  File "cassandra/cluster.py", line 3547, in cassandra.cluster.ControlConnection._connect_host_in_lbp
  File "cassandra/cluster.py", line 3593, in cassandra.cluster.ControlConnection._try_connect
  File "cassandra/cluster.py", line 1648, in cassandra.cluster.Cluster.connection_factory
  File "cassandra/connection.py", line 858, in cassandra.connection.Connection.factory
  File "/home/devlord/divine-world-core/py_backend/dw_env/lib/python3.13/site-packages/cassandra/io/libevreactor.py", line 272, in __init__
    self._connect_socket()
    ~~~~~~~~~~~~~~~~~~~~^^
  File "cassandra/connection.py", line 980, in cassandra.connection.Connection._connect_socket
ConnectionRefusedError: [Errno 111] Tried connecting to [('127.0.0.1', 9042)]. Last error: Connection refused
[2025-12-31 00:12:05,136][ERROR] cassandra.cluster: Control connection failed to connect, shutting down Cluster:
Traceback (most recent call last):
  File "cassandra/cluster.py", line 1723, in cassandra.cluster.Cluster.connect
  File "cassandra/cluster.py", line 3521, in cassandra.cluster.ControlConnection.connect
  File "cassandra/cluster.py", line 3582, in cassandra.cluster.ControlConnection._reconnect_internal
cassandra.cluster.NoHostAvailable: ('Unable to connect to any servers', {'127.0.0.1:9042': ConnectionRefusedError(111, "Tried connecting to [('127.0.0.1', 9042)]. Last error: Connection refused")})
[2025-12-31 00:12:09,068][ERROR] unified_memory: ScyllaDB initialization failed: ('Unable to connect to any servers', {'127.0.0.1:9042': ConnectionRefusedError(111, "Tried connecting to [('127.0.0.1', 9042)]. Last error: Connection refused")})
[2025-12-31 00:12:09,500][INFO] unified_memory: UnifiedMemoryStore initialized for eve (In-Memory)
[2025-12-31 19:23:41,748][INFO] root: Logging initialized at INFO level. Log file: data/logs/divine_world.log
[2025-12-31 19:23:41,917][INFO] frontend_builder: Using npm at: /usr/bin/npm
[2025-12-31 19:23:47,236][INFO] agent_spawner: AgentClientManager initialized with Minecraft support: /home/devlord/divine-world-core/DWClientBot/build/libs/DWClientBot.jar
[2025-12-31 19:23:47,236][INFO] agent_spawner: AgentSpawner initialized in MINECRAFT mode
[2025-12-31 19:23:47,237][INFO] packager: ✅ Found frontend at: /home/devlord/divine-world-core/dw_agent/electron/react-app
[2025-12-31 19:23:47,237][INFO] packager: ✅ Found mod jar: /home/devlord/divine-world-core/DivineWorld/build/libs/divineworld-1.0.0-all.jar
[2025-12-31 19:23:47,238][INFO] auto_packager: 📦 Packaging worker started
[2025-12-31 19:23:47,238][INFO] auto_packager: AutoPackaging system initialized (output: /home/devlord/divine-world-core/npc_applications)
[2025-12-31 19:23:47,238][INFO] auto_packager: Auto-packaging enabled
[2025-12-31 19:23:47,238][INFO] agent_spawner: AgentClientManager initialized with Minecraft support: /home/devlord/divine-world-core/DWClientBot/build/libs/DWClientBot.jar
[2025-12-31 19:23:47,238][INFO] agent_spawner: AgentSpawner initialized in MINECRAFT mode
[2025-12-31 19:23:47,971][WARNING] minecraft_launcher: ⚠️ UltimMC not found - install from https://github.com/UltimMC/Launcher
[2025-12-31 19:23:47,971][INFO] minecraft_launcher: ✅ DWClientBot found at: /home/devlord/divine-world-core/DWClientBot/build/libs/DWClientBot.jar
[2025-12-31 19:23:47,971][WARNING] minecraft_launcher: ⚠️ DivineWorld.jar not found
[2025-12-31 19:23:47,973][WARNING] agent_spawner: ⚠️ UltimMC not found - falling back to legacy client launch
[2025-12-31 19:23:47,973][INFO] auto_packager: ✅ UltimMC automation available
[2025-12-31 19:23:47,973][INFO] dw_backend: Enhanced Agent Manager initialized with binary protocol
[2025-12-31 19:23:47,974][INFO] auto_connect: AutoConnect System initialized
[2025-12-31 19:23:47,974][INFO] auto_connect:   Agents Folder: npc_applications
[2025-12-31 19:23:47,974][INFO] auto_connect:   Server: 127.0.0.1:25565
[2025-12-31 19:23:47,977][INFO] auto_connect: ✅ Auto-connect system integrated with backend
[2025-12-31 19:23:48,151][INFO] dw_backend: ✅ Chat system imported successfully
[2025-12-31 19:23:48,152][INFO] dw_backend: 🌉 WebSocket Chat Bridge initialized
[2025-12-31 19:23:48,153][INFO] dw_backend: ✅ Chat system bridged to main WebSocket handlers
[2025-12-31 19:23:58,381][WARNING] dw_backend: S3 client initialization failed: Could not connect to the endpoint URL: "http://127.0.0.1:9000/divine-world"
[2025-12-31 19:24:00,013][INFO] root: Logging initialized at INFO level. Log file: data/logs/divine_world.log
[2025-12-31 19:24:00,019][INFO] agent_spawner: AgentClientManager initialized with Minecraft support: /home/devlord/divine-world-core/DWClientBot/build/libs/DWClientBot.jar
[2025-12-31 19:24:00,020][INFO] agent_spawner: AgentSpawner initialized in MINECRAFT mode
[2025-12-31 19:24:00,024][INFO] packager: ✅ Found frontend at: /home/devlord/divine-world-core/dw_agent/electron/react-app
[2025-12-31 19:24:00,024][INFO] packager: ✅ Found mod jar: /home/devlord/divine-world-core/DivineWorld/build/libs/divineworld-1.0.0-all.jar
[2025-12-31 19:24:00,025][INFO] auto_packager: 📦 Packaging worker started
[2025-12-31 19:24:00,030][INFO] auto_packager: AutoPackaging system initialized (output: /home/devlord/divine-world-core/npc_applications)
[2025-12-31 19:24:00,030][INFO] auto_packager: Auto-packaging enabled
[2025-12-31 19:24:00,030][INFO] agent_spawner: AgentClientManager initialized with Minecraft support: /home/devlord/divine-world-core/DWClientBot/build/libs/DWClientBot.jar
[2025-12-31 19:24:00,030][INFO] agent_spawner: AgentSpawner initialized in MINECRAFT mode
[2025-12-31 19:24:01,144][WARNING] minecraft_launcher: ⚠️ UltimMC not found - install from https://github.com/UltimMC/Launcher
[2025-12-31 19:24:01,145][INFO] minecraft_launcher: ✅ DWClientBot found at: /home/devlord/divine-world-core/DWClientBot/build/libs/DWClientBot.jar
[2025-12-31 19:24:01,146][WARNING] minecraft_launcher: ⚠️ DivineWorld.jar not found
[2025-12-31 19:24:01,149][WARNING] agent_spawner: ⚠️ UltimMC not found - falling back to legacy client launch
[2025-12-31 19:24:01,149][INFO] auto_packager: ✅ UltimMC automation available
[2025-12-31 19:24:01,150][INFO] dw_backend: Enhanced Agent Manager initialized with binary protocol
[2025-12-31 19:24:01,151][INFO] auto_connect: AutoConnect System initialized
[2025-12-31 19:24:01,153][INFO] auto_connect:   Agents Folder: npc_applications
[2025-12-31 19:24:01,157][INFO] auto_connect:   Server: 127.0.0.1:25565
[2025-12-31 19:24:01,161][INFO] auto_connect: ✅ Auto-connect system integrated with backend
[2025-12-31 19:24:01,168][INFO] dw_backend: ✅ Chat system imported successfully
[2025-12-31 19:24:01,169][INFO] dw_backend: 🌉 WebSocket Chat Bridge initialized
[2025-12-31 19:24:01,171][INFO] dw_backend: ✅ Chat system bridged to main WebSocket handlers
[2025-12-31 19:24:06,313][WARNING] dw_backend: S3 client initialization failed: Could not connect to the endpoint URL: "http://127.0.0.1:9000/divine-world"
[2025-12-31 19:27:41,770][INFO] dw_backend: [Divine] Genesis invoked by console
[2025-12-31 19:27:41,831][INFO] auto_packager: Spawning adam with UltimMC automation...
[2025-12-31 19:27:42,954][INFO] agent_spawner: Launching client for adam
[2025-12-31 19:27:42,955][INFO] agent_spawner:   Backend: http://127.0.0.1:16484
[2025-12-31 19:27:42,955][INFO] agent_spawner:   Server: 127.0.0.1:25565
[2025-12-31 19:27:42,955][INFO] agent_spawner:   Memory: 2048MB
[2025-12-31 19:27:43,407][ERROR] cassandra.cluster: Compression is enabled, but no compression libraries are available. Disabling compression, consider installing one of the Python packages: lz4 and/or python-snappy.
[2025-12-31 19:27:43,840][WARNING] cassandra.cluster: [control connection] Error connecting to 127.0.0.1:9042:
Traceback (most recent call last):
  File "cassandra/cluster.py", line 3547, in cassandra.cluster.ControlConnection._connect_host_in_lbp
  File "cassandra/cluster.py", line 3593, in cassandra.cluster.ControlConnection._try_connect
  File "cassandra/cluster.py", line 1648, in cassandra.cluster.Cluster.connection_factory
  File "cassandra/connection.py", line 858, in cassandra.connection.Connection.factory
  File "/home/devlord/divine-world-core/py_backend/dw_env/lib/python3.13/site-packages/cassandra/io/libevreactor.py", line 272, in __init__
    self._connect_socket()
    ~~~~~~~~~~~~~~~~~~~~^^
  File "cassandra/connection.py", line 980, in cassandra.connection.Connection._connect_socket
ConnectionRefusedError: [Errno 111] Tried connecting to [('127.0.0.1', 9042)]. Last error: Connection refused
[2025-12-31 19:27:43,891][WARNING] cassandra.cluster: [control connection] Error connecting to 127.0.0.1:9042:
Traceback (most recent call last):
  File "cassandra/cluster.py", line 3547, in cassandra.cluster.ControlConnection._connect_host_in_lbp
  File "cassandra/cluster.py", line 3593, in cassandra.cluster.ControlConnection._try_connect
  File "cassandra/cluster.py", line 1648, in cassandra.cluster.Cluster.connection_factory
  File "cassandra/connection.py", line 858, in cassandra.connection.Connection.factory
  File "/home/devlord/divine-world-core/py_backend/dw_env/lib/python3.13/site-packages/cassandra/io/libevreactor.py", line 272, in __init__
    self._connect_socket()
    ~~~~~~~~~~~~~~~~~~~~^^
  File "cassandra/connection.py", line 980, in cassandra.connection.Connection._connect_socket
ConnectionRefusedError: [Errno 111] Tried connecting to [('127.0.0.1', 9042)]. Last error: Connection refused
[2025-12-31 19:27:43,893][ERROR] cassandra.cluster: Control connection failed to connect, shutting down Cluster:
Traceback (most recent call last):
  File "cassandra/cluster.py", line 1723, in cassandra.cluster.Cluster.connect
  File "cassandra/cluster.py", line 3521, in cassandra.cluster.ControlConnection.connect
  File "cassandra/cluster.py", line 3582, in cassandra.cluster.ControlConnection._reconnect_internal
cassandra.cluster.NoHostAvailable: ('Unable to connect to any servers', {'127.0.0.1:9042': ConnectionRefusedError(111, "Tried connecting to [('127.0.0.1', 9042)]. Last error: Connection refused")})
[2025-12-31 19:27:43,907][ERROR] unified_memory: ScyllaDB initialization failed: ('Unable to connect to any servers', {'127.0.0.1:9042': ConnectionRefusedError(111, "Tried connecting to [('127.0.0.1', 9042)]. Last error: Connection refused")})
[2025-12-31 19:27:43,909][INFO] unified_memory: UnifiedMemoryStore initialized for adam (In-Memory)
[2025-12-31 19:27:51,650][INFO] brain.language: Language Intelligence initialized on cpu
[2025-12-31 19:27:51,738][INFO] brain.language: Language Intelligence initialized on cpu
[2025-12-31 19:27:51,740][INFO] brain.language: Language capabilities added to BrainCore
[2025-12-31 19:27:51,741][INFO] agent: [adam] Transformer language learning initialized
[2025-12-31 19:27:51,755][INFO] world_model: Integrating WorldModel with agent adam...
[2025-12-31 19:27:52,861][INFO] world_model: WorldModel initialized: 21.29M parameters
[2025-12-31 19:27:52,861][INFO] world_model: WorldModelReplayBuffer initialized: capacity=50000, seq_len=64
[2025-12-31 19:27:52,861][INFO] world_model: WorldModelTrainer initialized
[2025-12-31 19:27:52,866][INFO] world_model: ✅ WorldModel integrated with adam
[2025-12-31 19:27:52,866][INFO] agent: [adam] World model integrated
[2025-12-31 19:27:55,642][INFO] audio_processor: AudioCapture initialized: 16000Hz, chunk=1024
[2025-12-31 19:27:55,643][INFO] audio_processor: SpeechRecognizer initialized
[2025-12-31 19:27:55,643][INFO] audio_processor: AudioProcessor initialized for adam
[2025-12-31 19:27:55,643][INFO] audio_processor: ✅ Audio processing added to adam
[2025-12-31 19:27:55,643][INFO] agent: [adam] Audio processing initialized
[2025-12-31 19:27:55,643][INFO] cognitive_loop: CognitiveLoop initialized for adam
[2025-12-31 19:27:55,644][INFO] agent: 🧠 Cognitive loop initialized for adam
[2025-12-31 19:27:55,644][INFO] agent: NPCAgent initialized: adam (gender: female, autonomous: True)
[2025-12-31 19:27:55,644][INFO] web_browser: WebBrowser initialized for adam
[2025-12-31 19:27:55,644][INFO] web_browser: ✅ Web browsing added to adam
[2025-12-31 19:27:55,644][INFO] agent: [adam] Web browsing initialized
[2025-12-31 19:27:56,484][INFO] brain_capsule: ✅ Brain saved: /home/devlord/divine-world-core/npc_applications/data/brains/adam/brain.pcap (99881183 bytes)
[2025-12-31 19:27:56,524][INFO] brain_capsule: ✅ Metadata saved: /home/devlord/divine-world-core/npc_applications/data/brains/adam/brain.pcap.json
[2025-12-31 19:27:56,525][INFO] agent: [adam] Saved to /home/devlord/divine-world-core/npc_applications/data/brains/adam/brain.pcap
[2025-12-31 19:27:56,525][INFO] agent_spawner:   Brain saved: /home/devlord/divine-world-core/npc_applications/data/brains/adam/brain.pcap
[2025-12-31 19:27:56,526][INFO] agent_spawner: Spawned NPC: adam (gender: female)
[2025-12-31 19:27:56,537][INFO] auto_packager: ✅ Queued adam for packaging
[2025-12-31 19:27:56,538][INFO] dw_backend: [Genesis] Spawned adam via spawner
[2025-12-31 19:27:56,538][INFO] auto_packager: 📦 Packaging adam...
[2025-12-31 19:27:56,540][INFO] auto_packager: Spawning eve with UltimMC automation...
[2025-12-31 19:27:56,541][INFO] auto_packager: ⏳ Waiting for brain file: /home/devlord/divine-world-core/npc_applications/data/brains/adam/brain.pcap
[2025-12-31 19:27:56,543][INFO] agent_spawner: Launching client for eve
[2025-12-31 19:27:56,544][INFO] auto_packager: ✅ Brain file found, verifying stability...
[2025-12-31 19:27:56,544][INFO] agent_spawner:   Backend: http://127.0.0.1:11720
[2025-12-31 19:27:56,546][INFO] agent_spawner:   Server: 127.0.0.1:25565
[2025-12-31 19:27:56,548][INFO] agent_spawner:   Memory: 2048MB
[2025-12-31 19:27:57,347][ERROR] cassandra.cluster: Compression is enabled, but no compression libraries are available. Disabling compression, consider installing one of the Python packages: lz4 and/or python-snappy.
[2025-12-31 19:27:57,411][WARNING] cassandra.cluster: [control connection] Error connecting to 127.0.0.1:9042:
Traceback (most recent call last):
  File "cassandra/cluster.py", line 3547, in cassandra.cluster.ControlConnection._connect_host_in_lbp
  File "cassandra/cluster.py", line 3593, in cassandra.cluster.ControlConnection._try_connect
  File "cassandra/cluster.py", line 1648, in cassandra.cluster.Cluster.connection_factory
  File "cassandra/connection.py", line 858, in cassandra.connection.Connection.factory
  File "/home/devlord/divine-world-core/py_backend/dw_env/lib/python3.13/site-packages/cassandra/io/libevreactor.py", line 272, in __init__
    self._connect_socket()
    ~~~~~~~~~~~~~~~~~~~~^^
  File "cassandra/connection.py", line 980, in cassandra.connection.Connection._connect_socket
ConnectionRefusedError: [Errno 111] Tried connecting to [('127.0.0.1', 9042)]. Last error: Connection refused
[2025-12-31 19:27:57,413][WARNING] cassandra.cluster: [control connection] Error connecting to 127.0.0.1:9042:
Traceback (most recent call last):
  File "cassandra/cluster.py", line 3547, in cassandra.cluster.ControlConnection._connect_host_in_lbp
  File "cassandra/cluster.py", line 3593, in cassandra.cluster.ControlConnection._try_connect
  File "cassandra/cluster.py", line 1648, in cassandra.cluster.Cluster.connection_factory
  File "cassandra/connection.py", line 858, in cassandra.connection.Connection.factory
  File "/home/devlord/divine-world-core/py_backend/dw_env/lib/python3.13/site-packages/cassandra/io/libevreactor.py", line 272, in __init__
    self._connect_socket()
    ~~~~~~~~~~~~~~~~~~~~^^
  File "cassandra/connection.py", line 980, in cassandra.connection.Connection._connect_socket
ConnectionRefusedError: [Errno 111] Tried connecting to [('127.0.0.1', 9042)]. Last error: Connection refused
[2025-12-31 19:27:57,414][ERROR] cassandra.cluster: Control connection failed to connect, shutting down Cluster:
Traceback (most recent call last):
  File "cassandra/cluster.py", line 1723, in cassandra.cluster.Cluster.connect
  File "cassandra/cluster.py", line 3521, in cassandra.cluster.ControlConnection.connect
  File "cassandra/cluster.py", line 3582, in cassandra.cluster.ControlConnection._reconnect_internal
cassandra.cluster.NoHostAvailable: ('Unable to connect to any servers', {'127.0.0.1:9042': ConnectionRefusedError(111, "Tried connecting to [('127.0.0.1', 9042)]. Last error: Connection refused")})
[2025-12-31 19:27:57,414][ERROR] unified_memory: ScyllaDB initialization failed: ('Unable to connect to any servers', {'127.0.0.1:9042': ConnectionRefusedError(111, "Tried connecting to [('127.0.0.1', 9042)]. Last error: Connection refused")})
[2025-12-31 19:27:57,415][INFO] unified_memory: UnifiedMemoryStore initialized for eve (In-Memory)
[2025-12-31 19:27:57,554][INFO] brain.language: Language Intelligence initialized on cpu
[2025-12-31 19:27:57,650][INFO] brain.language: Language Intelligence initialized on cpu
[2025-12-31 19:27:57,652][INFO] brain.language: Language capabilities added to BrainCore
[2025-12-31 19:27:57,652][INFO] agent: [eve] Transformer language learning initialized
[2025-12-31 19:27:57,652][INFO] world_model: Integrating WorldModel with agent eve...
[2025-12-31 19:27:57,769][INFO] auto_packager: ✅ Brain file stable: /home/devlord/divine-world-core/npc_applications/data/brains/adam/brain.pcap (99,881,183 bytes)
[2025-12-31 19:27:57,769][INFO] packager: 📦 Packaging agent: adam (gender: female, type: npc)
[2025-12-31 19:27:57,902][INFO] world_model: WorldModel initialized: 21.29M parameters
[2025-12-31 19:27:57,903][INFO] world_model: WorldModelReplayBuffer initialized: capacity=50000, seq_len=64
[2025-12-31 19:27:57,903][INFO] world_model: WorldModelTrainer initialized
[2025-12-31 19:27:57,903][INFO] world_model: ✅ WorldModel integrated with eve
[2025-12-31 19:27:57,903][INFO] agent: [eve] World model integrated
[2025-12-31 19:27:57,903][INFO] audio_processor: AudioCapture initialized: 16000Hz, chunk=1024
[2025-12-31 19:27:57,903][INFO] audio_processor: SpeechRecognizer initialized
[2025-12-31 19:27:57,903][INFO] audio_processor: AudioProcessor initialized for eve
[2025-12-31 19:27:57,903][INFO] audio_processor: ✅ Audio processing added to eve
[2025-12-31 19:27:57,904][INFO] agent: [eve] Audio processing initialized
[2025-12-31 19:27:57,905][INFO] cognitive_loop: CognitiveLoop initialized for eve
[2025-12-31 19:27:57,905][INFO] agent: 🧠 Cognitive loop initialized for eve
[2025-12-31 19:27:57,905][INFO] agent: NPCAgent initialized: eve (gender: female, autonomous: True)
[2025-12-31 19:27:57,905][INFO] web_browser: WebBrowser initialized for eve
[2025-12-31 19:27:57,905][INFO] web_browser: ✅ Web browsing added to eve
[2025-12-31 19:27:57,905][INFO] agent: [eve] Web browsing initialized
[2025-12-31 19:28:03,522][INFO] packager: ✓ Brain capsule copied with metadata
[2025-12-31 19:28:03,613][INFO] brain_capsule: ✅ Brain saved: /home/devlord/divine-world-core/npc_applications/data/brains/eve/brain.pcap (99881182 bytes)
[2025-12-31 19:28:03,699][INFO] frontend_builder: 🔨 Building frontend from: /home/devlord/divine-world-core/dw_agent/electron/react-app
[2025-12-31 19:28:03,699][INFO] brain_capsule: ✅ Metadata saved: /home/devlord/divine-world-core/npc_applications/data/brains/eve/brain.pcap.json
[2025-12-31 19:28:03,699][INFO] agent: [eve] Saved to /home/devlord/divine-world-core/npc_applications/data/brains/eve/brain.pcap
[2025-12-31 19:28:03,700][INFO] agent_spawner:   Brain saved: /home/devlord/divine-world-core/npc_applications/data/brains/eve/brain.pcap
[2025-12-31 19:28:03,700][INFO] agent_spawner: Spawned NPC: eve (gender: female)
[2025-12-31 19:28:03,700][INFO] auto_packager: ✅ Queued eve for packaging
[2025-12-31 19:28:03,700][INFO] dw_backend: [Genesis] Spawned eve via spawner
[2025-12-31 19:28:03,962][INFO] frontend_builder: 🗝️ Building frontend...
[2025-12-31 19:28:28,277][INFO] frontend_builder: ✅ Frontend built and copied to: /home/devlord/divine-world-core/npc_applications/adam/frontend
[2025-12-31 19:28:28,564][INFO] packager: ✅ Included DivineWorld mod: /home/devlord/divine-world-core/DivineWorld/build/libs/divineworld-1.0.0-all.jar
[2025-12-31 19:28:28,596][INFO] packager: ✅ Included DWClientBot mod: /home/devlord/divine-world-core/DWClientBot/build/libs/DWClientBot.jar
[2025-12-31 19:28:28,597][INFO] packager: ✓ Launcher created with fixed imports
[2025-12-31 19:28:28,599][INFO] packager: 🔨 Building executable for adam...
[2025-12-31 19:28:28,600][ERROR] auto_packager: ❌ Failed to package adam: ai_core directory not found: /home/devlord/divine-world-core/ai_core
[2025-12-31 19:28:28,941][ERROR] auto_packager: Traceback (most recent call last):
  File "/home/devlord/divine-world-core/py_backend/auto_packager.py", line 132, in _packaging_worker
    result = self.packager.package_agent(
        agent_id=agent.agent_id,
    ...<7 lines>...
        backend_port=backend_port  # NEW: Pass unique port
    )
  File "/home/devlord/divine-world-core/py_backend/packager.py", line 202, in package_agent
    exe_path = self._build_executable(agent_id, launcher_path, agent_dir, icon_path, frontend_included)
  File "/home/devlord/divine-world-core/py_backend/packager.py", line 589, in _build_executable
    raise FileNotFoundError(f"ai_core directory not found: {ai_core_path}")
FileNotFoundError: ai_core directory not found: /home/devlord/divine-world-core/ai_core

[2025-12-31 19:28:28,942][INFO] auto_packager: 📦 Packaging eve...
[2025-12-31 19:28:28,942][INFO] auto_packager: ⏳ Waiting for brain file: /home/devlord/divine-world-core/npc_applications/data/brains/eve/brain.pcap
[2025-12-31 19:28:29,212][INFO] auto_packager: ✅ Brain file found, verifying stability...
[2025-12-31 19:28:30,412][INFO] auto_packager: ✅ Brain file stable: /home/devlord/divine-world-core/npc_applications/data/brains/eve/brain.pcap (99,881,182 bytes)
[2025-12-31 19:28:30,413][INFO] packager: 📦 Packaging agent: eve (gender: female, type: npc)
[2025-12-31 19:28:31,204][INFO] packager: ✓ Brain capsule copied with metadata
[2025-12-31 19:28:31,204][INFO] frontend_builder: 🔨 Building frontend from: /home/devlord/divine-world-core/dw_agent/electron/react-app
[2025-12-31 19:28:31,205][INFO] frontend_builder: 🗝️ Building frontend...
[2025-12-31 19:29:09,888][INFO] frontend_builder: ✅ Frontend built and copied to: /home/devlord/divine-world-core/npc_applications/eve/frontend
[2025-12-31 19:29:10,282][INFO] packager: ✅ Included DivineWorld mod: /home/devlord/divine-world-core/DivineWorld/build/libs/divineworld-1.0.0-all.jar
[2025-12-31 19:29:10,374][INFO] packager: ✅ Included DWClientBot mod: /home/devlord/divine-world-core/DWClientBot/build/libs/DWClientBot.jar
[2025-12-31 19:29:10,380][INFO] packager: ✓ Launcher created with fixed imports
[2025-12-31 19:29:10,394][INFO] packager: 🔨 Building executable for eve...
[2025-12-31 19:29:10,394][ERROR] auto_packager: ❌ Failed to package eve: ai_core directory not found: /home/devlord/divine-world-core/ai_core
[2025-12-31 19:29:10,409][ERROR] auto_packager: Traceback (most recent call last):
  File "/home/devlord/divine-world-core/py_backend/auto_packager.py", line 132, in _packaging_worker
    result = self.packager.package_agent(
        agent_id=agent.agent_id,
    ...<7 lines>...
        backend_port=backend_port  # NEW: Pass unique port
    )
  File "/home/devlord/divine-world-core/py_backend/packager.py", line 202, in package_agent
    exe_path = self._build_executable(agent_id, launcher_path, agent_dir, icon_path, frontend_included)
  File "/home/devlord/divine-world-core/py_backend/packager.py", line 589, in _build_executable
    raise FileNotFoundError(f"ai_core directory not found: {ai_core_path}")
FileNotFoundError: ai_core directory not found: /home/devlord/divine-world-core/ai_core

[2025-12-31 19:42:04,208][INFO] root: Logging initialized at INFO level. Log file: data/logs/divine_world.log
[2025-12-31 19:42:05,271][INFO] frontend_builder: Using npm at: /usr/bin/npm
[2025-12-31 19:42:13,770][INFO] agent_spawner: AgentClientManager initialized with Minecraft support: /home/devlord/divine-world-core/DWClientBot/build/libs/DWClientBot.jar
[2025-12-31 19:42:13,770][INFO] agent_spawner: AgentSpawner initialized in MINECRAFT mode
[2025-12-31 19:42:13,803][INFO] packager: ✅ Found frontend at: /home/devlord/divine-world-core/dw_agent/electron/react-app
[2025-12-31 19:42:13,804][INFO] packager: ✅ Found mod jar: /home/devlord/divine-world-core/DivineWorld/build/libs/divineworld-1.0.0-all.jar
[2025-12-31 19:42:13,804][INFO] auto_packager: 📦 Packaging worker started
[2025-12-31 19:42:13,805][INFO] auto_packager: AutoPackaging system initialized (output: /home/devlord/divine-world-core/npc_applications)
[2025-12-31 19:42:13,805][INFO] auto_packager: Auto-packaging enabled
[2025-12-31 19:42:13,805][INFO] agent_spawner: AgentClientManager initialized with Minecraft support: /home/devlord/divine-world-core/DWClientBot/build/libs/DWClientBot.jar
[2025-12-31 19:42:13,805][INFO] agent_spawner: AgentSpawner initialized in MINECRAFT mode
[2025-12-31 19:42:23,803][WARNING] minecraft_launcher: ⚠️ UltimMC not found - install from https://github.com/UltimMC/Launcher
[2025-12-31 19:42:23,805][INFO] minecraft_launcher: ✅ DWClientBot found at: /home/devlord/divine-world-core/DWClientBot/build/libs/DWClientBot.jar
[2025-12-31 19:42:23,805][WARNING] minecraft_launcher: ⚠️ DivineWorld.jar not found
[2025-12-31 19:42:23,819][WARNING] agent_spawner: ⚠️ UltimMC not found - falling back to legacy client launch
[2025-12-31 19:42:23,819][INFO] auto_packager: ✅ UltimMC automation available
[2025-12-31 19:42:23,819][INFO] dw_backend: Enhanced Agent Manager initialized with binary protocol
[2025-12-31 19:42:23,820][INFO] auto_connect: AutoConnect System initialized
[2025-12-31 19:42:23,821][INFO] auto_connect:   Agents Folder: npc_applications
[2025-12-31 19:42:23,821][INFO] auto_connect:   Server: 127.0.0.1:25565
[2025-12-31 19:42:23,829][INFO] auto_connect: ✅ Auto-connect system integrated with backend
[2025-12-31 19:42:24,078][INFO] dw_backend: ✅ Chat system imported successfully
[2025-12-31 19:42:24,078][INFO] dw_backend: 🌉 WebSocket Chat Bridge initialized
[2025-12-31 19:42:24,078][INFO] dw_backend: ✅ Chat system bridged to main WebSocket handlers
[2025-12-31 19:42:31,408][WARNING] dw_backend: S3 client initialization failed: Could not connect to the endpoint URL: "http://127.0.0.1:9000/divine-world"
[2025-12-31 19:42:31,938][INFO] root: Logging initialized at INFO level. Log file: data/logs/divine_world.log
[2025-12-31 19:42:31,940][INFO] agent_spawner: AgentClientManager initialized with Minecraft support: /home/devlord/divine-world-core/DWClientBot/build/libs/DWClientBot.jar
[2025-12-31 19:42:31,940][INFO] agent_spawner: AgentSpawner initialized in MINECRAFT mode
[2025-12-31 19:42:31,941][INFO] packager: ✅ Found frontend at: /home/devlord/divine-world-core/dw_agent/electron/react-app
[2025-12-31 19:42:31,944][INFO] packager: ✅ Found mod jar: /home/devlord/divine-world-core/DivineWorld/build/libs/divineworld-1.0.0-all.jar
[2025-12-31 19:42:31,945][INFO] auto_packager: 📦 Packaging worker started
[2025-12-31 19:42:31,945][INFO] auto_packager: AutoPackaging system initialized (output: /home/devlord/divine-world-core/npc_applications)
[2025-12-31 19:42:31,950][INFO] auto_packager: Auto-packaging enabled
[2025-12-31 19:42:31,950][INFO] agent_spawner: AgentClientManager initialized with Minecraft support: /home/devlord/divine-world-core/DWClientBot/build/libs/DWClientBot.jar
[2025-12-31 19:42:31,950][INFO] agent_spawner: AgentSpawner initialized in MINECRAFT mode
[2025-12-31 19:42:32,765][WARNING] minecraft_launcher: ⚠️ UltimMC not found - install from https://github.com/UltimMC/Launcher
[2025-12-31 19:42:32,765][INFO] minecraft_launcher: ✅ DWClientBot found at: /home/devlord/divine-world-core/DWClientBot/build/libs/DWClientBot.jar
[2025-12-31 19:42:32,766][WARNING] minecraft_launcher: ⚠️ DivineWorld.jar not found
[2025-12-31 19:42:32,766][WARNING] agent_spawner: ⚠️ UltimMC not found - falling back to legacy client launch
[2025-12-31 19:42:32,766][INFO] auto_packager: ✅ UltimMC automation available
[2025-12-31 19:42:32,766][INFO] dw_backend: Enhanced Agent Manager initialized with binary protocol
[2025-12-31 19:42:32,767][INFO] auto_connect: AutoConnect System initialized
[2025-12-31 19:42:32,768][INFO] auto_connect:   Agents Folder: npc_applications
[2025-12-31 19:42:32,768][INFO] auto_connect:   Server: 127.0.0.1:25565
[2025-12-31 19:42:32,776][INFO] auto_connect: ✅ Auto-connect system integrated with backend
[2025-12-31 19:42:32,776][INFO] dw_backend: ✅ Chat system imported successfully
[2025-12-31 19:42:32,776][INFO] dw_backend: 🌉 WebSocket Chat Bridge initialized
[2025-12-31 19:42:32,777][INFO] dw_backend: ✅ Chat system bridged to main WebSocket handlers
[2025-12-31 19:42:38,626][WARNING] dw_backend: S3 client initialization failed: Could not connect to the endpoint URL: "http://127.0.0.1:9000/divine-world"
[2025-12-31 19:43:17,334][INFO] dw_backend: [Divine] Genesis invoked by console
[2025-12-31 19:43:17,335][INFO] auto_packager: Spawning adam with UltimMC automation...
[2025-12-31 19:43:18,064][INFO] agent_spawner: Launching client for adam
[2025-12-31 19:43:18,064][INFO] agent_spawner:   Backend: http://127.0.0.1:16999
[2025-12-31 19:43:18,065][INFO] agent_spawner:   Server: 127.0.0.1:25565
[2025-12-31 19:43:18,065][INFO] agent_spawner:   Memory: 2048MB
[2025-12-31 19:43:18,210][ERROR] cassandra.cluster: Compression is enabled, but no compression libraries are available. Disabling compression, consider installing one of the Python packages: lz4 and/or python-snappy.
[2025-12-31 19:43:18,458][WARNING] cassandra.cluster: [control connection] Error connecting to 127.0.0.1:9042:
Traceback (most recent call last):
  File "cassandra/cluster.py", line 3547, in cassandra.cluster.ControlConnection._connect_host_in_lbp
  File "cassandra/cluster.py", line 3593, in cassandra.cluster.ControlConnection._try_connect
  File "cassandra/cluster.py", line 1648, in cassandra.cluster.Cluster.connection_factory
  File "cassandra/connection.py", line 858, in cassandra.connection.Connection.factory
  File "/home/devlord/divine-world-core/py_backend/dw_env/lib/python3.13/site-packages/cassandra/io/libevreactor.py", line 272, in __init__
    self._connect_socket()
    ~~~~~~~~~~~~~~~~~~~~^^
  File "cassandra/connection.py", line 980, in cassandra.connection.Connection._connect_socket
ConnectionRefusedError: [Errno 111] Tried connecting to [('127.0.0.1', 9042)]. Last error: Connection refused
[2025-12-31 19:43:18,478][WARNING] cassandra.cluster: [control connection] Error connecting to 127.0.0.1:9042:
Traceback (most recent call last):
  File "cassandra/cluster.py", line 3547, in cassandra.cluster.ControlConnection._connect_host_in_lbp
  File "cassandra/cluster.py", line 3593, in cassandra.cluster.ControlConnection._try_connect
  File "cassandra/cluster.py", line 1648, in cassandra.cluster.Cluster.connection_factory
  File "cassandra/connection.py", line 858, in cassandra.connection.Connection.factory
  File "/home/devlord/divine-world-core/py_backend/dw_env/lib/python3.13/site-packages/cassandra/io/libevreactor.py", line 272, in __init__
    self._connect_socket()
    ~~~~~~~~~~~~~~~~~~~~^^
  File "cassandra/connection.py", line 980, in cassandra.connection.Connection._connect_socket
ConnectionRefusedError: [Errno 111] Tried connecting to [('127.0.0.1', 9042)]. Last error: Connection refused
[2025-12-31 19:43:18,479][ERROR] cassandra.cluster: Control connection failed to connect, shutting down Cluster:
Traceback (most recent call last):
  File "cassandra/cluster.py", line 1723, in cassandra.cluster.Cluster.connect
  File "cassandra/cluster.py", line 3521, in cassandra.cluster.ControlConnection.connect
  File "cassandra/cluster.py", line 3582, in cassandra.cluster.ControlConnection._reconnect_internal
cassandra.cluster.NoHostAvailable: ('Unable to connect to any servers', {'127.0.0.1:9042': ConnectionRefusedError(111, "Tried connecting to [('127.0.0.1', 9042)]. Last error: Connection refused")})
[2025-12-31 19:43:18,482][ERROR] unified_memory: ScyllaDB initialization failed: ('Unable to connect to any servers', {'127.0.0.1:9042': ConnectionRefusedError(111, "Tried connecting to [('127.0.0.1', 9042)]. Last error: Connection refused")})
[2025-12-31 19:43:18,482][INFO] unified_memory: UnifiedMemoryStore initialized for adam (In-Memory)
[2025-12-31 19:43:23,557][INFO] brain.language: Language Intelligence initialized on cpu
[2025-12-31 19:43:23,645][INFO] brain.language: Language Intelligence initialized on cpu
[2025-12-31 19:43:23,646][INFO] brain.language: Language capabilities added to BrainCore
[2025-12-31 19:43:23,646][INFO] agent: [adam] Transformer language learning initialized
[2025-12-31 19:43:23,660][INFO] world_model: Integrating WorldModel with agent adam...
[2025-12-31 19:43:24,140][INFO] world_model: WorldModel initialized: 21.29M parameters
[2025-12-31 19:43:24,140][INFO] world_model: WorldModelReplayBuffer initialized: capacity=50000, seq_len=64
[2025-12-31 19:43:24,140][INFO] world_model: WorldModelTrainer initialized
[2025-12-31 19:43:24,140][INFO] world_model: ✅ WorldModel integrated with adam
[2025-12-31 19:43:24,141][INFO] agent: [adam] World model integrated
[2025-12-31 19:43:27,144][INFO] audio_processor: AudioCapture initialized: 16000Hz, chunk=1024
[2025-12-31 19:43:27,144][INFO] audio_processor: SpeechRecognizer initialized
[2025-12-31 19:43:27,144][INFO] audio_processor: AudioProcessor initialized for adam
[2025-12-31 19:43:27,144][INFO] audio_processor: ✅ Audio processing added to adam
[2025-12-31 19:43:27,144][INFO] agent: [adam] Audio processing initialized
[2025-12-31 19:43:27,153][INFO] cognitive_loop: CognitiveLoop initialized for adam
[2025-12-31 19:43:27,153][INFO] agent: 🧠 Cognitive loop initialized for adam
[2025-12-31 19:43:27,154][INFO] agent: NPCAgent initialized: adam (gender: female, autonomous: True)
[2025-12-31 19:43:27,154][INFO] web_browser: WebBrowser initialized for adam
[2025-12-31 19:43:27,154][INFO] web_browser: ✅ Web browsing added to adam
[2025-12-31 19:43:27,154][INFO] agent: [adam] Web browsing initialized
[2025-12-31 19:43:27,958][INFO] brain_capsule: ✅ Brain saved: /home/devlord/divine-world-core/npc_applications/data/brains/adam/brain.pcap (99881183 bytes)
[2025-12-31 19:43:27,963][INFO] brain_capsule: ✅ Metadata saved: /home/devlord/divine-world-core/npc_applications/data/brains/adam/brain.pcap.json
[2025-12-31 19:43:27,963][INFO] agent: [adam] Saved to /home/devlord/divine-world-core/npc_applications/data/brains/adam/brain.pcap
[2025-12-31 19:43:27,965][INFO] agent_spawner:   Brain saved: /home/devlord/divine-world-core/npc_applications/data/brains/adam/brain.pcap
[2025-12-31 19:43:27,967][INFO] agent_spawner: Spawned NPC: adam (gender: female)
[2025-12-31 19:43:27,968][INFO] auto_packager: ✅ Queued adam for packaging
[2025-12-31 19:43:27,968][INFO] auto_packager: 📦 Packaging adam...
[2025-12-31 19:43:27,972][INFO] dw_backend: [Genesis] Spawned adam via spawner
[2025-12-31 19:43:27,972][INFO] auto_packager: ⏳ Waiting for brain file: /home/devlord/divine-world-core/npc_applications/data/brains/adam/brain.pcap
[2025-12-31 19:43:27,973][INFO] auto_packager: Spawning eve with UltimMC automation...
[2025-12-31 19:43:27,973][INFO] auto_packager: ✅ Brain file found, verifying stability...
[2025-12-31 19:43:27,998][INFO] agent_spawner: Launching client for eve
[2025-12-31 19:43:27,999][INFO] agent_spawner:   Backend: http://127.0.0.1:14643
[2025-12-31 19:43:27,999][INFO] agent_spawner:   Server: 127.0.0.1:25565
[2025-12-31 19:43:28,002][INFO] agent_spawner:   Memory: 2048MB
[2025-12-31 19:43:28,122][ERROR] cassandra.cluster: Compression is enabled, but no compression libraries are available. Disabling compression, consider installing one of the Python packages: lz4 and/or python-snappy.
[2025-12-31 19:43:29,073][WARNING] cassandra.cluster: [control connection] Error connecting to 127.0.0.1:9042:
Traceback (most recent call last):
  File "cassandra/cluster.py", line 3547, in cassandra.cluster.ControlConnection._connect_host_in_lbp
  File "cassandra/cluster.py", line 3593, in cassandra.cluster.ControlConnection._try_connect
  File "cassandra/cluster.py", line 1648, in cassandra.cluster.Cluster.connection_factory
  File "cassandra/connection.py", line 858, in cassandra.connection.Connection.factory
  File "/home/devlord/divine-world-core/py_backend/dw_env/lib/python3.13/site-packages/cassandra/io/libevreactor.py", line 272, in __init__
    self._connect_socket()
    ~~~~~~~~~~~~~~~~~~~~^^
  File "cassandra/connection.py", line 980, in cassandra.connection.Connection._connect_socket
ConnectionRefusedError: [Errno 111] Tried connecting to [('127.0.0.1', 9042)]. Last error: Connection refused
[2025-12-31 19:43:29,074][WARNING] cassandra.cluster: [control connection] Error connecting to 127.0.0.1:9042:
Traceback (most recent call last):
  File "cassandra/cluster.py", line 3547, in cassandra.cluster.ControlConnection._connect_host_in_lbp
  File "cassandra/cluster.py", line 3593, in cassandra.cluster.ControlConnection._try_connect
  File "cassandra/cluster.py", line 1648, in cassandra.cluster.Cluster.connection_factory
  File "cassandra/connection.py", line 858, in cassandra.connection.Connection.factory
  File "/home/devlord/divine-world-core/py_backend/dw_env/lib/python3.13/site-packages/cassandra/io/libevreactor.py", line 272, in __init__
    self._connect_socket()
    ~~~~~~~~~~~~~~~~~~~~^^
  File "cassandra/connection.py", line 980, in cassandra.connection.Connection._connect_socket
ConnectionRefusedError: [Errno 111] Tried connecting to [('127.0.0.1', 9042)]. Last error: Connection refused
[2025-12-31 19:43:29,075][ERROR] cassandra.cluster: Control connection failed to connect, shutting down Cluster:
Traceback (most recent call last):
  File "cassandra/cluster.py", line 1723, in cassandra.cluster.Cluster.connect
  File "cassandra/cluster.py", line 3521, in cassandra.cluster.ControlConnection.connect
  File "cassandra/cluster.py", line 3582, in cassandra.cluster.ControlConnection._reconnect_internal
cassandra.cluster.NoHostAvailable: ('Unable to connect to any servers', {'127.0.0.1:9042': ConnectionRefusedError(111, "Tried connecting to [('127.0.0.1', 9042)]. Last error: Connection refused")})
[2025-12-31 19:43:29,076][ERROR] unified_memory: ScyllaDB initialization failed: ('Unable to connect to any servers', {'127.0.0.1:9042': ConnectionRefusedError(111, "Tried connecting to [('127.0.0.1', 9042)]. Last error: Connection refused")})
[2025-12-31 19:43:29,076][INFO] unified_memory: UnifiedMemoryStore initialized for eve (In-Memory)
[2025-12-31 19:43:29,776][INFO] auto_packager: ✅ Brain file stable: /home/devlord/divine-world-core/npc_applications/data/brains/adam/brain.pcap (99,881,183 bytes)
[2025-12-31 19:43:29,777][INFO] packager: 📦 Packaging agent: adam (gender: female, type: npc)
[2025-12-31 19:43:29,800][INFO] brain.language: Language Intelligence initialized on cpu
[2025-12-31 19:43:29,865][INFO] brain.language: Language Intelligence initialized on cpu
[2025-12-31 19:43:29,866][INFO] brain.language: Language capabilities added to BrainCore
[2025-12-31 19:43:29,866][INFO] agent: [eve] Transformer language learning initialized
[2025-12-31 19:43:29,866][INFO] world_model: Integrating WorldModel with agent eve...
[2025-12-31 19:43:30,275][INFO] world_model: WorldModel initialized: 21.29M parameters
[2025-12-31 19:43:30,275][INFO] world_model: WorldModelReplayBuffer initialized: capacity=50000, seq_len=64
[2025-12-31 19:43:30,276][INFO] world_model: WorldModelTrainer initialized
[2025-12-31 19:43:30,276][INFO] world_model: ✅ WorldModel integrated with eve
[2025-12-31 19:43:30,276][INFO] agent: [eve] World model integrated
[2025-12-31 19:43:30,276][INFO] audio_processor: AudioCapture initialized: 16000Hz, chunk=1024
[2025-12-31 19:43:30,276][INFO] audio_processor: SpeechRecognizer initialized
[2025-12-31 19:43:30,276][INFO] audio_processor: AudioProcessor initialized for eve
[2025-12-31 19:43:30,277][INFO] audio_processor: ✅ Audio processing added to eve
[2025-12-31 19:43:30,277][INFO] agent: [eve] Audio processing initialized
[2025-12-31 19:43:30,277][INFO] cognitive_loop: CognitiveLoop initialized for eve
[2025-12-31 19:43:30,277][INFO] agent: 🧠 Cognitive loop initialized for eve
[2025-12-31 19:43:30,277][INFO] agent: NPCAgent initialized: eve (gender: male, autonomous: True)
[2025-12-31 19:43:30,277][INFO] web_browser: WebBrowser initialized for eve
[2025-12-31 19:43:30,277][INFO] web_browser: ✅ Web browsing added to eve
[2025-12-31 19:43:30,277][INFO] agent: [eve] Web browsing initialized
[2025-12-31 19:43:33,584][INFO] brain_capsule: ✅ Brain saved: /home/devlord/divine-world-core/npc_applications/data/brains/eve/brain.pcap (99881180 bytes)
[2025-12-31 19:43:33,817][INFO] brain_capsule: ✅ Metadata saved: /home/devlord/divine-world-core/npc_applications/data/brains/eve/brain.pcap.json
[2025-12-31 19:43:33,817][INFO] agent: [eve] Saved to /home/devlord/divine-world-core/npc_applications/data/brains/eve/brain.pcap
[2025-12-31 19:43:33,817][INFO] agent_spawner:   Brain saved: /home/devlord/divine-world-core/npc_applications/data/brains/eve/brain.pcap
[2025-12-31 19:43:33,817][INFO] agent_spawner: Spawned NPC: eve (gender: male)
[2025-12-31 19:43:33,818][INFO] auto_packager: ✅ Queued eve for packaging
[2025-12-31 19:43:33,818][INFO] dw_backend: [Genesis] Spawned eve via spawner
[2025-12-31 19:43:36,209][INFO] packager: ✓ Brain capsule copied with metadata
[2025-12-31 19:43:36,210][INFO] frontend_builder: 🔨 Building frontend from: /home/devlord/divine-world-core/dw_agent/electron/react-app
[2025-12-31 19:43:36,443][INFO] frontend_builder: 🗝️ Building frontend...
[2025-12-31 19:44:01,465][INFO] frontend_builder: ✅ Frontend built and copied to: /home/devlord/divine-world-core/npc_applications/adam/frontend
[2025-12-31 19:44:02,193][INFO] packager: ✅ Included DivineWorld mod: /home/devlord/divine-world-core/DivineWorld/build/libs/divineworld-1.0.0-all.jar
[2025-12-31 19:44:02,289][INFO] packager: ✅ Included DWClientBot mod: /home/devlord/divine-world-core/DWClientBot/build/libs/DWClientBot.jar
[2025-12-31 19:44:02,290][INFO] packager: ✓ Launcher created with fixed imports
[2025-12-31 19:44:02,290][INFO] packager: 🔨 Building executable for adam...
[2025-12-31 19:44:02,291][INFO] packager: ✅ Frontend will be bundled
[2025-12-31 19:44:02,291][INFO] packager: 📦 Adding py_backend from: /home/devlord/divine-world-core/py_backend
[2025-12-31 19:44:02,291][INFO] packager: 📦 Adding ai_core from: /home/devlord/divine-world-core/py_backend/ai_core
[2025-12-31 19:44:02,291][INFO] packager: PyInstaller command:
[2025-12-31 19:44:02,291][INFO] packager: pyinstaller --name DW_Agent_adam --onefile --clean --noconfirm --console --paths /home/devlord/divine-world-core --paths /home/devlord/divine-world-core/py_backend/ai_core --paths /home/devlord/divine-world-core/py_backend --hidden-import uvicorn --hidden-import fastapi --hidden-import websockets --hidden-import numpy --hidden-import torch --hidden-import pydantic --hidden-import uvicorn --hidden-import fastapi --hidden-import websockets --hidden-import numpy --hidden-import torch --hidden-import ai_core --hidden-import ai_core.agent --hidden-import ai_core.brain_core --hidden-import ai_core.brain_language --hidden-import ai_core.brain_capsule --hidden-import ai_core.personality --hidden-import ai_core.emotion --hidden-import ai_core.memory --hidden-import ai_core.reward_system --hidden-import ai_core.planner --hidden-import ai_core.actuators --hidden-import ai_core.vision --hidden-import py_backend --hidden-import py_backend.main --add-data /home/devlord/divine-world-core/npc_applications/adam/brain.pcap:. --add-data /home/devlord/divine-world-core/npc_applications/adam/config.json:. --add-data /home/devlord/divine-world-core/npc_applications/adam/brain.pcap.json:. --add-data /home/devlord/divine-world-core/npc_applications/adam/frontend:frontend --add-data /home/devlord/divine-world-core/py_backend:py_backend --add-data /home/devlord/divine-world-core/py_backend/ai_core:ai_core /home/devlord/divine-world-core/npc_applications/adam/launcher.py
[2025-12-31 19:44:02,292][INFO] packager: Running PyInstaller...
[2025-12-31 19:44:02,292][INFO] packager: ⏳ This will take 30-60 seconds. Please wait...
[2025-12-31 19:44:36,165][ERROR] packager: ❌ PyInstaller failed:
[2025-12-31 19:44:36,204][ERROR] packager: STDOUT: 
[2025-12-31 19:44:36,204][ERROR] packager: STDERR: 1594 INFO: PyInstaller: 6.17.0, contrib hooks: 2025.10
1594 INFO: Python: 3.13.11
1606 INFO: Platform: Linux-6.18.2-arch2-1-x86_64-with-glibc2.42
1606 INFO: Python environment: /home/devlord/divine-world-core/py_backend/dw_env
1619 INFO: wrote /home/devlord/divine-world-core/DW_Agent_adam.spec
1799 INFO: Removing temporary files and cleaning cache in /home/devlord/.cache/pyinstaller
1820 INFO: Module search paths (PYTHONPATH):
['/usr/lib/python313.zip',
 '/usr/lib/python3.13',
 '/usr/lib/python3.13/lib-dynload',
 '/home/devlord/divine-world-core/py_backend/dw_env/lib/python3.13/site-packages',
 '/home/devlord/divine-world-core/py_backend/dw_env/lib/python3.13/site-packages/cmeel.prefix/lib/python3.13/site-packages',
 '/home/devlord/divine-world-core/npc_applications/adam',
 '/home/devlord/divine-world-core',
 '/home/devlord/divine-world-core/py_backend/ai_core',
 '/home/devlord/divine-world-core/py_backend']
5147 INFO: Appending 'datas' from .spec
12468 INFO: checking Analysis
12468 INFO: Building Analysis because Analysis-00.toc is non existent
12468 INFO: Looking for Python shared library...
12984 INFO: Using Python shared library: /usr/lib/libpython3.13.so.1.0
12984 INFO: Running Analysis Analysis-00.toc
12984 INFO: Target bytecode optimization level: 0
12984 INFO: Initializing module dependency graph...
13045 INFO: Initializing module graph hook caches...
13161 INFO: Analyzing modules for base_library.zip ...
16704 INFO: Processing standard module hook 'hook-encodings.py' from '/home/devlord/divine-world-core/py_backend/dw_env/lib/python3.13/site-packages/PyInstaller/hooks'
18345 INFO: Processing standard module hook 'hook-heapq.py' from '/home/devlord/divine-world-core/py_backend/dw_env/lib/python3.13/site-packages/PyInstaller/hooks'
21377 INFO: Processing standard module hook 'hook-pickle.py' from '/home/devlord/divine-world-core/py_backend/dw_env/lib/python3.13/site-packages/PyInstaller/hooks'
25270 INFO: Caching module dependency graph...
25728 INFO: Analyzing /home/devlord/divine-world-core/npc_applications/adam/launcher.py

Syntax error in /home/devlord/divine-world-core/npc_applications/adam/launcher.py
  File "/home/devlord/divine-world-core/npc_applications/adam/launcher.py", line 180
     log.info(f"  Memory: {len(agent.memory.events)}} events")
                                                    ^
 SyntaxError: f-string: single '}' is not allowed


[2025-12-31 19:44:36,204][ERROR] auto_packager: ❌ Failed to package adam: Command '['pyinstaller', '--name', 'DW_Agent_adam', '--onefile', '--clean', '--noconfirm', '--console', '--paths', '/home/devlord/divine-world-core', '--paths', '/home/devlord/divine-world-core/py_backend/ai_core', '--paths', '/home/devlord/divine-world-core/py_backend', '--hidden-import', 'uvicorn', '--hidden-import', 'fastapi', '--hidden-import', 'websockets', '--hidden-import', 'numpy', '--hidden-import', 'torch', '--hidden-import', 'pydantic', '--hidden-import', 'uvicorn', '--hidden-import', 'fastapi', '--hidden-import', 'websockets', '--hidden-import', 'numpy', '--hidden-import', 'torch', '--hidden-import', 'ai_core', '--hidden-import', 'ai_core.agent', '--hidden-import', 'ai_core.brain_core', '--hidden-import', 'ai_core.brain_language', '--hidden-import', 'ai_core.brain_capsule', '--hidden-import', 'ai_core.personality', '--hidden-import', 'ai_core.emotion', '--hidden-import', 'ai_core.memory', '--hidden-import', 'ai_core.reward_system', '--hidden-import', 'ai_core.planner', '--hidden-import', 'ai_core.actuators', '--hidden-import', 'ai_core.vision', '--hidden-import', 'py_backend', '--hidden-import', 'py_backend.main', '--add-data', '/home/devlord/divine-world-core/npc_applications/adam/brain.pcap:.', '--add-data', '/home/devlord/divine-world-core/npc_applications/adam/config.json:.', '--add-data', '/home/devlord/divine-world-core/npc_applications/adam/brain.pcap.json:.', '--add-data', '/home/devlord/divine-world-core/npc_applications/adam/frontend:frontend', '--add-data', '/home/devlord/divine-world-core/py_backend:py_backend', '--add-data', '/home/devlord/divine-world-core/py_backend/ai_core:ai_core', '/home/devlord/divine-world-core/npc_applications/adam/launcher.py']' returned non-zero exit status 1.
[2025-12-31 19:44:36,336][ERROR] auto_packager: Traceback (most recent call last):
  File "/home/devlord/divine-world-core/py_backend/auto_packager.py", line 132, in _packaging_worker
    result = self.packager.package_agent(
        agent_id=agent.agent_id,
    ...<7 lines>...
        backend_port=backend_port  # NEW: Pass unique port
    )
  File "/home/devlord/divine-world-core/py_backend/packager.py", line 202, in package_agent
    exe_path = self._build_executable(agent_id, launcher_path, agent_dir, icon_path, frontend_included)
  File "/home/devlord/divine-world-core/py_backend/packager.py", line 671, in _build_executable
    result = subprocess.run(
        args,
    ...<3 lines>...
        timeout=300  # 5 minute timeout
    )
  File "/usr/lib/python3.13/subprocess.py", line 577, in run
    raise CalledProcessError(retcode, process.args,
                             output=stdout, stderr=stderr)
subprocess.CalledProcessError: Command '['pyinstaller', '--name', 'DW_Agent_adam', '--onefile', '--clean', '--noconfirm', '--console', '--paths', '/home/devlord/divine-world-core', '--paths', '/home/devlord/divine-world-core/py_backend/ai_core', '--paths', '/home/devlord/divine-world-core/py_backend', '--hidden-import', 'uvicorn', '--hidden-import', 'fastapi', '--hidden-import', 'websockets', '--hidden-import', 'numpy', '--hidden-import', 'torch', '--hidden-import', 'pydantic', '--hidden-import', 'uvicorn', '--hidden-import', 'fastapi', '--hidden-import', 'websockets', '--hidden-import', 'numpy', '--hidden-import', 'torch', '--hidden-import', 'ai_core', '--hidden-import', 'ai_core.agent', '--hidden-import', 'ai_core.brain_core', '--hidden-import', 'ai_core.brain_language', '--hidden-import', 'ai_core.brain_capsule', '--hidden-import', 'ai_core.personality', '--hidden-import', 'ai_core.emotion', '--hidden-import', 'ai_core.memory', '--hidden-import', 'ai_core.reward_system', '--hidden-import', 'ai_core.planner', '--hidden-import', 'ai_core.actuators', '--hidden-import', 'ai_core.vision', '--hidden-import', 'py_backend', '--hidden-import', 'py_backend.main', '--add-data', '/home/devlord/divine-world-core/npc_applications/adam/brain.pcap:.', '--add-data', '/home/devlord/divine-world-core/npc_applications/adam/config.json:.', '--add-data', '/home/devlord/divine-world-core/npc_applications/adam/brain.pcap.json:.', '--add-data', '/home/devlord/divine-world-core/npc_applications/adam/frontend:frontend', '--add-data', '/home/devlord/divine-world-core/py_backend:py_backend', '--add-data', '/home/devlord/divine-world-core/py_backend/ai_core:ai_core', '/home/devlord/divine-world-core/npc_applications/adam/launcher.py']' returned non-zero exit status 1.

[2025-12-31 19:44:36,337][INFO] auto_packager: 📦 Packaging eve...
[2025-12-31 19:44:36,337][INFO] auto_packager: ⏳ Waiting for brain file: /home/devlord/divine-world-core/npc_applications/data/brains/eve/brain.pcap
[2025-12-31 19:44:36,704][INFO] auto_packager: ✅ Brain file found, verifying stability...
[2025-12-31 19:44:37,906][INFO] auto_packager: ✅ Brain file stable: /home/devlord/divine-world-core/npc_applications/data/brains/eve/brain.pcap (99,881,180 bytes)
[2025-12-31 19:44:37,906][INFO] packager: 📦 Packaging agent: eve (gender: male, type: npc)
[2025-12-31 19:44:39,803][INFO] packager: ✓ Brain capsule copied with metadata
[2025-12-31 19:44:39,834][INFO] frontend_builder: 🔨 Building frontend from: /home/devlord/divine-world-core/dw_agent/electron/react-app
[2025-12-31 19:44:40,320][INFO] frontend_builder: 🗝️ Building frontend...
[2025-12-31 19:45:02,597][INFO] frontend_builder: ✅ Frontend built and copied to: /home/devlord/divine-world-core/npc_applications/eve/frontend
[2025-12-31 19:45:03,383][INFO] packager: ✅ Included DivineWorld mod: /home/devlord/divine-world-core/DivineWorld/build/libs/divineworld-1.0.0-all.jar
[2025-12-31 19:45:03,566][INFO] packager: ✅ Included DWClientBot mod: /home/devlord/divine-world-core/DWClientBot/build/libs/DWClientBot.jar
[2025-12-31 19:45:03,566][INFO] packager: ✓ Launcher created with fixed imports
[2025-12-31 19:45:03,567][INFO] packager: 🔨 Building executable for eve...
[2025-12-31 19:45:03,617][INFO] packager: ✅ Frontend will be bundled
[2025-12-31 19:45:03,618][INFO] packager: 📦 Adding py_backend from: /home/devlord/divine-world-core/py_backend
[2025-12-31 19:45:03,618][INFO] packager: 📦 Adding ai_core from: /home/devlord/divine-world-core/py_backend/ai_core
[2025-12-31 19:45:03,618][INFO] packager: PyInstaller command:
[2025-12-31 19:45:03,618][INFO] packager: pyinstaller --name DW_Agent_eve --onefile --clean --noconfirm --console --paths /home/devlord/divine-world-core --paths /home/devlord/divine-world-core/py_backend/ai_core --paths /home/devlord/divine-world-core/py_backend --hidden-import uvicorn --hidden-import fastapi --hidden-import websockets --hidden-import numpy --hidden-import torch --hidden-import pydantic --hidden-import uvicorn --hidden-import fastapi --hidden-import websockets --hidden-import numpy --hidden-import torch --hidden-import ai_core --hidden-import ai_core.agent --hidden-import ai_core.brain_core --hidden-import ai_core.brain_language --hidden-import ai_core.brain_capsule --hidden-import ai_core.personality --hidden-import ai_core.emotion --hidden-import ai_core.memory --hidden-import ai_core.reward_system --hidden-import ai_core.planner --hidden-import ai_core.actuators --hidden-import ai_core.vision --hidden-import py_backend --hidden-import py_backend.main --add-data /home/devlord/divine-world-core/npc_applications/eve/brain.pcap:. --add-data /home/devlord/divine-world-core/npc_applications/eve/config.json:. --add-data /home/devlord/divine-world-core/npc_applications/eve/brain.pcap.json:. --add-data /home/devlord/divine-world-core/npc_applications/eve/frontend:frontend --add-data /home/devlord/divine-world-core/py_backend:py_backend --add-data /home/devlord/divine-world-core/py_backend/ai_core:ai_core /home/devlord/divine-world-core/npc_applications/eve/launcher.py
[2025-12-31 19:45:03,618][INFO] packager: Running PyInstaller...
[2025-12-31 19:45:03,619][INFO] packager: ⏳ This will take 30-60 seconds. Please wait...
[2025-12-31 19:45:41,334][ERROR] packager: ❌ PyInstaller failed:
[2025-12-31 19:45:41,359][ERROR] packager: STDOUT: 
[2025-12-31 19:45:41,359][ERROR] packager: STDERR: 1903 INFO: PyInstaller: 6.17.0, contrib hooks: 2025.10
1904 INFO: Python: 3.13.11
1931 INFO: Platform: Linux-6.18.2-arch2-1-x86_64-with-glibc2.42
1931 INFO: Python environment: /home/devlord/divine-world-core/py_backend/dw_env
1956 INFO: wrote /home/devlord/divine-world-core/DW_Agent_eve.spec
2378 INFO: Removing temporary files and cleaning cache in /home/devlord/.cache/pyinstaller
2405 INFO: Module search paths (PYTHONPATH):
['/usr/lib/python313.zip',
 '/usr/lib/python3.13',
 '/usr/lib/python3.13/lib-dynload',
 '/home/devlord/divine-world-core/py_backend/dw_env/lib/python3.13/site-packages',
 '/home/devlord/divine-world-core/py_backend/dw_env/lib/python3.13/site-packages/cmeel.prefix/lib/python3.13/site-packages',
 '/home/devlord/divine-world-core/npc_applications/eve',
 '/home/devlord/divine-world-core',
 '/home/devlord/divine-world-core/py_backend/ai_core',
 '/home/devlord/divine-world-core/py_backend']
6360 INFO: Appending 'datas' from .spec
14532 INFO: checking Analysis
14532 INFO: Building Analysis because Analysis-00.toc is non existent
14532 INFO: Looking for Python shared library...
14690 INFO: Using Python shared library: /usr/lib/libpython3.13.so.1.0
14690 INFO: Running Analysis Analysis-00.toc
14690 INFO: Target bytecode optimization level: 0
14690 INFO: Initializing module dependency graph...
14732 INFO: Initializing module graph hook caches...
14860 INFO: Analyzing modules for base_library.zip ...
17810 INFO: Processing standard module hook 'hook-heapq.py' from '/home/devlord/divine-world-core/py_backend/dw_env/lib/python3.13/site-packages/PyInstaller/hooks'
20376 INFO: Processing standard module hook 'hook-encodings.py' from '/home/devlord/divine-world-core/py_backend/dw_env/lib/python3.13/site-packages/PyInstaller/hooks'
26881 INFO: Processing standard module hook 'hook-pickle.py' from '/home/devlord/divine-world-core/py_backend/dw_env/lib/python3.13/site-packages/PyInstaller/hooks'
30952 INFO: Caching module dependency graph...
31056 INFO: Analyzing /home/devlord/divine-world-core/npc_applications/eve/launcher.py

Syntax error in /home/devlord/divine-world-core/npc_applications/eve/launcher.py
  File "/home/devlord/divine-world-core/npc_applications/eve/launcher.py", line 180
     log.info(f"  Memory: {len(agent.memory.events)}} events")
                                                    ^
 SyntaxError: f-string: single '}' is not allowed


[2025-12-31 19:45:41,359][ERROR] auto_packager: ❌ Failed to package eve: Command '['pyinstaller', '--name', 'DW_Agent_eve', '--onefile', '--clean', '--noconfirm', '--console', '--paths', '/home/devlord/divine-world-core', '--paths', '/home/devlord/divine-world-core/py_backend/ai_core', '--paths', '/home/devlord/divine-world-core/py_backend', '--hidden-import', 'uvicorn', '--hidden-import', 'fastapi', '--hidden-import', 'websockets', '--hidden-import', 'numpy', '--hidden-import', 'torch', '--hidden-import', 'pydantic', '--hidden-import', 'uvicorn', '--hidden-import', 'fastapi', '--hidden-import', 'websockets', '--hidden-import', 'numpy', '--hidden-import', 'torch', '--hidden-import', 'ai_core', '--hidden-import', 'ai_core.agent', '--hidden-import', 'ai_core.brain_core', '--hidden-import', 'ai_core.brain_language', '--hidden-import', 'ai_core.brain_capsule', '--hidden-import', 'ai_core.personality', '--hidden-import', 'ai_core.emotion', '--hidden-import', 'ai_core.memory', '--hidden-import', 'ai_core.reward_system', '--hidden-import', 'ai_core.planner', '--hidden-import', 'ai_core.actuators', '--hidden-import', 'ai_core.vision', '--hidden-import', 'py_backend', '--hidden-import', 'py_backend.main', '--add-data', '/home/devlord/divine-world-core/npc_applications/eve/brain.pcap:.', '--add-data', '/home/devlord/divine-world-core/npc_applications/eve/config.json:.', '--add-data', '/home/devlord/divine-world-core/npc_applications/eve/brain.pcap.json:.', '--add-data', '/home/devlord/divine-world-core/npc_applications/eve/frontend:frontend', '--add-data', '/home/devlord/divine-world-core/py_backend:py_backend', '--add-data', '/home/devlord/divine-world-core/py_backend/ai_core:ai_core', '/home/devlord/divine-world-core/npc_applications/eve/launcher.py']' returned non-zero exit status 1.
[2025-12-31 19:45:41,361][ERROR] auto_packager: Traceback (most recent call last):
  File "/home/devlord/divine-world-core/py_backend/auto_packager.py", line 132, in _packaging_worker
    result = self.packager.package_agent(
        agent_id=agent.agent_id,
    ...<7 lines>...
        backend_port=backend_port  # NEW: Pass unique port
    )
  File "/home/devlord/divine-world-core/py_backend/packager.py", line 202, in package_agent
    exe_path = self._build_executable(agent_id, launcher_path, agent_dir, icon_path, frontend_included)
  File "/home/devlord/divine-world-core/py_backend/packager.py", line 671, in _build_executable
    result = subprocess.run(
        args,
    ...<3 lines>...
        timeout=300  # 5 minute timeout
    )
  File "/usr/lib/python3.13/subprocess.py", line 577, in run
    raise CalledProcessError(retcode, process.args,
                             output=stdout, stderr=stderr)
subprocess.CalledProcessError: Command '['pyinstaller', '--name', 'DW_Agent_eve', '--onefile', '--clean', '--noconfirm', '--console', '--paths', '/home/devlord/divine-world-core', '--paths', '/home/devlord/divine-world-core/py_backend/ai_core', '--paths', '/home/devlord/divine-world-core/py_backend', '--hidden-import', 'uvicorn', '--hidden-import', 'fastapi', '--hidden-import', 'websockets', '--hidden-import', 'numpy', '--hidden-import', 'torch', '--hidden-import', 'pydantic', '--hidden-import', 'uvicorn', '--hidden-import', 'fastapi', '--hidden-import', 'websockets', '--hidden-import', 'numpy', '--hidden-import', 'torch', '--hidden-import', 'ai_core', '--hidden-import', 'ai_core.agent', '--hidden-import', 'ai_core.brain_core', '--hidden-import', 'ai_core.brain_language', '--hidden-import', 'ai_core.brain_capsule', '--hidden-import', 'ai_core.personality', '--hidden-import', 'ai_core.emotion', '--hidden-import', 'ai_core.memory', '--hidden-import', 'ai_core.reward_system', '--hidden-import', 'ai_core.planner', '--hidden-import', 'ai_core.actuators', '--hidden-import', 'ai_core.vision', '--hidden-import', 'py_backend', '--hidden-import', 'py_backend.main', '--add-data', '/home/devlord/divine-world-core/npc_applications/eve/brain.pcap:.', '--add-data', '/home/devlord/divine-world-core/npc_applications/eve/config.json:.', '--add-data', '/home/devlord/divine-world-core/npc_applications/eve/brain.pcap.json:.', '--add-data', '/home/devlord/divine-world-core/npc_applications/eve/frontend:frontend', '--add-data', '/home/devlord/divine-world-core/py_backend:py_backend', '--add-data', '/home/devlord/divine-world-core/py_backend/ai_core:ai_core', '/home/devlord/divine-world-core/npc_applications/eve/launcher.py']' returned non-zero exit status 1.

[2026-01-01 15:12:41,144][INFO] root: Logging initialized at INFO level. Log file: data/logs/divine_world.log
[2026-01-01 15:12:41,385][INFO] frontend_builder: Using npm at: /usr/bin/npm
[2026-01-01 15:12:42,112][INFO] agent_spawner: AgentClientManager initialized with Minecraft support: /home/devlord/divine-world-core/DWClientBot/build/libs/DWClientBot.jar
[2026-01-01 15:12:42,112][INFO] agent_spawner: AgentSpawner initialized in MINECRAFT mode
[2026-01-01 15:12:42,118][INFO] packager: ✅ Found frontend at: /home/devlord/divine-world-core/dw_agent/electron/react-app
[2026-01-01 15:12:42,120][INFO] packager: ✅ Found mod jar: /home/devlord/divine-world-core/DivineWorld/build/libs/divineworld-1.0.0-all.jar
[2026-01-01 15:12:42,120][INFO] auto_packager: 📦 Packaging worker started
[2026-01-01 15:12:42,120][INFO] auto_packager: AutoPackaging system initialized (output: /home/devlord/divine-world-core/npc_applications)
[2026-01-01 15:12:42,121][INFO] auto_packager: Auto-packaging enabled
[2026-01-01 15:12:42,121][INFO] agent_spawner: AgentClientManager initialized with Minecraft support: /home/devlord/divine-world-core/DWClientBot/build/libs/DWClientBot.jar
[2026-01-01 15:12:42,121][INFO] agent_spawner: AgentSpawner initialized in MINECRAFT mode
[2026-01-01 15:12:46,558][WARNING] minecraft_launcher: ⚠️ UltimMC not found - install from https://github.com/UltimMC/Launcher
[2026-01-01 15:12:46,558][INFO] minecraft_launcher: ✅ DWClientBot found at: /home/devlord/divine-world-core/DWClientBot/build/libs/DWClientBot.jar
[2026-01-01 15:12:46,558][WARNING] minecraft_launcher: ⚠️ DivineWorld.jar not found
[2026-01-01 15:12:46,586][WARNING] agent_spawner: ⚠️ UltimMC not found - falling back to legacy client launch
[2026-01-01 15:12:46,586][INFO] auto_packager: ✅ UltimMC automation available
[2026-01-01 15:12:46,586][INFO] dw_backend: Enhanced Agent Manager initialized with binary protocol
[2026-01-01 15:12:46,586][INFO] auto_connect: AutoConnect System initialized
[2026-01-01 15:12:46,586][INFO] auto_connect:   Agents Folder: npc_applications
[2026-01-01 15:12:46,586][INFO] auto_connect:   Server: 127.0.0.1:25565
[2026-01-01 15:12:46,591][INFO] auto_connect: ✅ Auto-connect system integrated with backend
[2026-01-01 15:12:46,658][INFO] dw_backend: ✅ Chat system imported successfully
[2026-01-01 15:12:46,659][INFO] dw_backend: 🌉 WebSocket Chat Bridge initialized
[2026-01-01 15:12:46,659][INFO] dw_backend: ✅ Chat system bridged to main WebSocket handlers
[2026-01-01 15:12:51,330][WARNING] dw_backend: S3 client initialization failed: Could not connect to the endpoint URL: "http://127.0.0.1:9000/divine-world"
[2026-01-01 15:12:52,037][INFO] root: Logging initialized at INFO level. Log file: data/logs/divine_world.log
[2026-01-01 15:12:52,039][INFO] agent_spawner: AgentClientManager initialized with Minecraft support: /home/devlord/divine-world-core/DWClientBot/build/libs/DWClientBot.jar
[2026-01-01 15:12:52,039][INFO] agent_spawner: AgentSpawner initialized in MINECRAFT mode
[2026-01-01 15:12:52,039][INFO] packager: ✅ Found frontend at: /home/devlord/divine-world-core/dw_agent/electron/react-app
[2026-01-01 15:12:52,040][INFO] packager: ✅ Found mod jar: /home/devlord/divine-world-core/DivineWorld/build/libs/divineworld-1.0.0-all.jar
[2026-01-01 15:12:52,041][INFO] auto_packager: 📦 Packaging worker started
[2026-01-01 15:12:52,041][INFO] auto_packager: AutoPackaging system initialized (output: /home/devlord/divine-world-core/npc_applications)
[2026-01-01 15:12:52,041][INFO] auto_packager: Auto-packaging enabled
[2026-01-01 15:12:52,042][INFO] agent_spawner: AgentClientManager initialized with Minecraft support: /home/devlord/divine-world-core/DWClientBot/build/libs/DWClientBot.jar
[2026-01-01 15:12:52,042][INFO] agent_spawner: AgentSpawner initialized in MINECRAFT mode
[2026-01-01 15:12:52,837][WARNING] minecraft_launcher: ⚠️ UltimMC not found - install from https://github.com/UltimMC/Launcher
[2026-01-01 15:12:52,838][INFO] minecraft_launcher: ✅ DWClientBot found at: /home/devlord/divine-world-core/DWClientBot/build/libs/DWClientBot.jar
[2026-01-01 15:12:52,839][WARNING] minecraft_launcher: ⚠️ DivineWorld.jar not found
[2026-01-01 15:12:52,840][WARNING] agent_spawner: ⚠️ UltimMC not found - falling back to legacy client launch
[2026-01-01 15:12:52,840][INFO] auto_packager: ✅ UltimMC automation available
[2026-01-01 15:12:52,841][INFO] dw_backend: Enhanced Agent Manager initialized with binary protocol
[2026-01-01 15:12:52,841][INFO] auto_connect: AutoConnect System initialized
[2026-01-01 15:12:52,841][INFO] auto_connect:   Agents Folder: npc_applications
[2026-01-01 15:12:52,841][INFO] auto_connect:   Server: 127.0.0.1:25565
[2026-01-01 15:12:52,844][INFO] auto_connect: ✅ Auto-connect system integrated with backend
[2026-01-01 15:12:52,845][INFO] dw_backend: ✅ Chat system imported successfully
[2026-01-01 15:12:52,845][INFO] dw_backend: 🌉 WebSocket Chat Bridge initialized
[2026-01-01 15:12:52,845][INFO] dw_backend: ✅ Chat system bridged to main WebSocket handlers
[2026-01-01 15:13:00,382][WARNING] dw_backend: S3 client initialization failed: Could not connect to the endpoint URL: "http://127.0.0.1:9000/divine-world"
[2026-01-01 15:14:57,867][INFO] dw_backend: [Divine] Genesis invoked by console
[2026-01-01 15:14:57,881][INFO] auto_packager: Spawning adam with UltimMC automation...
[2026-01-01 15:14:58,215][INFO] agent_spawner: Launching client for adam
[2026-01-01 15:14:58,215][INFO] agent_spawner:   Backend: http://127.0.0.1:21388
[2026-01-01 15:14:58,215][INFO] agent_spawner:   Server: 127.0.0.1:25565
[2026-01-01 15:14:58,215][INFO] agent_spawner:   Memory: 2048MB
[2026-01-01 15:14:58,330][ERROR] cassandra.cluster: Compression is enabled, but no compression libraries are available. Disabling compression, consider installing one of the Python packages: lz4 and/or python-snappy.
[2026-01-01 15:14:58,691][WARNING] cassandra.cluster: [control connection] Error connecting to 127.0.0.1:9042:
Traceback (most recent call last):
  File "cassandra/cluster.py", line 3547, in cassandra.cluster.ControlConnection._connect_host_in_lbp
  File "cassandra/cluster.py", line 3593, in cassandra.cluster.ControlConnection._try_connect
  File "cassandra/cluster.py", line 1648, in cassandra.cluster.Cluster.connection_factory
  File "cassandra/connection.py", line 858, in cassandra.connection.Connection.factory
  File "/home/devlord/divine-world-core/py_backend/dw_env/lib/python3.13/site-packages/cassandra/io/libevreactor.py", line 272, in __init__
    self._connect_socket()
    ~~~~~~~~~~~~~~~~~~~~^^
  File "cassandra/connection.py", line 980, in cassandra.connection.Connection._connect_socket
ConnectionRefusedError: [Errno 111] Tried connecting to [('127.0.0.1', 9042)]. Last error: Connection refused
[2026-01-01 15:14:58,719][WARNING] cassandra.cluster: [control connection] Error connecting to 127.0.0.1:9042:
Traceback (most recent call last):
  File "cassandra/cluster.py", line 3547, in cassandra.cluster.ControlConnection._connect_host_in_lbp
  File "cassandra/cluster.py", line 3593, in cassandra.cluster.ControlConnection._try_connect
  File "cassandra/cluster.py", line 1648, in cassandra.cluster.Cluster.connection_factory
  File "cassandra/connection.py", line 858, in cassandra.connection.Connection.factory
  File "/home/devlord/divine-world-core/py_backend/dw_env/lib/python3.13/site-packages/cassandra/io/libevreactor.py", line 272, in __init__
    self._connect_socket()
    ~~~~~~~~~~~~~~~~~~~~^^
  File "cassandra/connection.py", line 980, in cassandra.connection.Connection._connect_socket
ConnectionRefusedError: [Errno 111] Tried connecting to [('127.0.0.1', 9042)]. Last error: Connection refused
[2026-01-01 15:14:58,749][ERROR] cassandra.cluster: Control connection failed to connect, shutting down Cluster:
Traceback (most recent call last):
  File "cassandra/cluster.py", line 1723, in cassandra.cluster.Cluster.connect
  File "cassandra/cluster.py", line 3521, in cassandra.cluster.ControlConnection.connect
  File "cassandra/cluster.py", line 3582, in cassandra.cluster.ControlConnection._reconnect_internal
cassandra.cluster.NoHostAvailable: ('Unable to connect to any servers', {'127.0.0.1:9042': ConnectionRefusedError(111, "Tried connecting to [('127.0.0.1', 9042)]. Last error: Connection refused")})
[2026-01-01 15:14:58,775][ERROR] unified_memory: ScyllaDB initialization failed: ('Unable to connect to any servers', {'127.0.0.1:9042': ConnectionRefusedError(111, "Tried connecting to [('127.0.0.1', 9042)]. Last error: Connection refused")})
[2026-01-01 15:14:58,775][INFO] unified_memory: UnifiedMemoryStore initialized for adam (In-Memory)
[2026-01-01 15:15:03,321][INFO] brain.language: Language Intelligence initialized on cpu
[2026-01-01 15:15:03,462][INFO] brain.language: Language Intelligence initialized on cpu
[2026-01-01 15:15:03,463][INFO] brain.language: Language capabilities added to BrainCore
[2026-01-01 15:15:03,464][INFO] agent: [adam] Transformer language learning initialized
[2026-01-01 15:15:03,480][INFO] world_model: Integrating WorldModel with agent adam...
[2026-01-01 15:15:04,675][INFO] world_model: WorldModel initialized: 21.29M parameters
[2026-01-01 15:15:04,676][INFO] world_model: WorldModelReplayBuffer initialized: capacity=50000, seq_len=64
[2026-01-01 15:15:04,676][INFO] world_model: WorldModelTrainer initialized
[2026-01-01 15:15:04,677][INFO] world_model: ✅ WorldModel integrated with adam
[2026-01-01 15:15:04,677][INFO] agent: [adam] World model integrated
[2026-01-01 15:15:08,663][INFO] audio_processor: AudioCapture initialized: 16000Hz, chunk=1024
[2026-01-01 15:15:08,664][INFO] audio_processor: SpeechRecognizer initialized
[2026-01-01 15:15:08,664][INFO] audio_processor: AudioProcessor initialized for adam
[2026-01-01 15:15:08,665][INFO] audio_processor: ✅ Audio processing added to adam
[2026-01-01 15:15:08,665][INFO] agent: [adam] Audio processing initialized
[2026-01-01 15:15:08,699][INFO] cognitive_loop: CognitiveLoop initialized for adam
[2026-01-01 15:15:08,704][INFO] agent: 🧠 Cognitive loop initialized for adam
[2026-01-01 15:15:08,704][INFO] agent: NPCAgent initialized: adam (gender: male, autonomous: True)
[2026-01-01 15:15:08,704][INFO] web_browser: WebBrowser initialized for adam
[2026-01-01 15:15:08,704][INFO] web_browser: ✅ Web browsing added to adam
[2026-01-01 15:15:08,704][INFO] agent: [adam] Web browsing initialized
[2026-01-01 15:15:10,389][INFO] brain_capsule: ✅ Brain saved: /home/devlord/divine-world-core/npc_applications/data/brains/adam/brain.pcap (99881181 bytes)
[2026-01-01 15:15:10,519][INFO] brain_capsule: ✅ Metadata saved: /home/devlord/divine-world-core/npc_applications/data/brains/adam/brain.pcap.json
[2026-01-01 15:15:10,519][INFO] agent: [adam] Saved to /home/devlord/divine-world-core/npc_applications/data/brains/adam/brain.pcap
[2026-01-01 15:15:10,519][INFO] agent_spawner:   Brain saved: /home/devlord/divine-world-core/npc_applications/data/brains/adam/brain.pcap
[2026-01-01 15:15:10,520][INFO] agent_spawner: Spawned NPC: adam (gender: male)
[2026-01-01 15:15:10,520][INFO] auto_packager: ✅ Queued adam for packaging
[2026-01-01 15:15:10,520][INFO] auto_packager: 📦 Packaging adam...
[2026-01-01 15:15:10,637][INFO] dw_backend: [Genesis] Spawned adam via spawner
[2026-01-01 15:15:10,637][INFO] auto_packager: ⏳ Waiting for brain file: /home/devlord/divine-world-core/npc_applications/data/brains/adam/brain.pcap
[2026-01-01 15:15:10,637][INFO] auto_packager: Spawning eve with UltimMC automation...
[2026-01-01 15:15:10,638][INFO] auto_packager: ✅ Brain file found, verifying stability...
[2026-01-01 15:15:11,167][INFO] agent_spawner: Launching client for eve
[2026-01-01 15:15:11,167][INFO] agent_spawner:   Backend: http://127.0.0.1:18065
[2026-01-01 15:15:11,167][INFO] agent_spawner:   Server: 127.0.0.1:25565
[2026-01-01 15:15:11,167][INFO] agent_spawner:   Memory: 2048MB
[2026-01-01 15:15:11,343][ERROR] cassandra.cluster: Compression is enabled, but no compression libraries are available. Disabling compression, consider installing one of the Python packages: lz4 and/or python-snappy.
[2026-01-01 15:15:12,285][WARNING] cassandra.cluster: [control connection] Error connecting to 127.0.0.1:9042:
Traceback (most recent call last):
  File "cassandra/cluster.py", line 3547, in cassandra.cluster.ControlConnection._connect_host_in_lbp
  File "cassandra/cluster.py", line 3593, in cassandra.cluster.ControlConnection._try_connect
  File "cassandra/cluster.py", line 1648, in cassandra.cluster.Cluster.connection_factory
  File "cassandra/connection.py", line 858, in cassandra.connection.Connection.factory
  File "/home/devlord/divine-world-core/py_backend/dw_env/lib/python3.13/site-packages/cassandra/io/libevreactor.py", line 272, in __init__
    self._connect_socket()
    ~~~~~~~~~~~~~~~~~~~~^^
  File "cassandra/connection.py", line 980, in cassandra.connection.Connection._connect_socket
ConnectionRefusedError: [Errno 111] Tried connecting to [('127.0.0.1', 9042)]. Last error: Connection refused
[2026-01-01 15:15:12,287][WARNING] cassandra.cluster: [control connection] Error connecting to 127.0.0.1:9042:
Traceback (most recent call last):
  File "cassandra/cluster.py", line 3547, in cassandra.cluster.ControlConnection._connect_host_in_lbp
  File "cassandra/cluster.py", line 3593, in cassandra.cluster.ControlConnection._try_connect
  File "cassandra/cluster.py", line 1648, in cassandra.cluster.Cluster.connection_factory
  File "cassandra/connection.py", line 858, in cassandra.connection.Connection.factory
  File "/home/devlord/divine-world-core/py_backend/dw_env/lib/python3.13/site-packages/cassandra/io/libevreactor.py", line 272, in __init__
    self._connect_socket()
    ~~~~~~~~~~~~~~~~~~~~^^
  File "cassandra/connection.py", line 980, in cassandra.connection.Connection._connect_socket
ConnectionRefusedError: [Errno 111] Tried connecting to [('127.0.0.1', 9042)]. Last error: Connection refused
[2026-01-01 15:15:12,287][ERROR] cassandra.cluster: Control connection failed to connect, shutting down Cluster:
Traceback (most recent call last):
  File "cassandra/cluster.py", line 1723, in cassandra.cluster.Cluster.connect
  File "cassandra/cluster.py", line 3521, in cassandra.cluster.ControlConnection.connect
  File "cassandra/cluster.py", line 3582, in cassandra.cluster.ControlConnection._reconnect_internal
cassandra.cluster.NoHostAvailable: ('Unable to connect to any servers', {'127.0.0.1:9042': ConnectionRefusedError(111, "Tried connecting to [('127.0.0.1', 9042)]. Last error: Connection refused")})
[2026-01-01 15:15:12,317][ERROR] unified_memory: ScyllaDB initialization failed: ('Unable to connect to any servers', {'127.0.0.1:9042': ConnectionRefusedError(111, "Tried connecting to [('127.0.0.1', 9042)]. Last error: Connection refused")})
[2026-01-01 15:15:12,318][INFO] unified_memory: UnifiedMemoryStore initialized for eve (In-Memory)
[2026-01-01 15:15:12,809][INFO] auto_packager: ✅ Brain file stable: /home/devlord/divine-world-core/npc_applications/data/brains/adam/brain.pcap (99,881,181 bytes)
[2026-01-01 15:15:12,809][INFO] packager: 📦 Packaging agent: adam (gender: male, type: npc)
[2026-01-01 15:15:14,932][INFO] brain.language: Language Intelligence initialized on cpu
[2026-01-01 15:15:14,978][INFO] brain.language: Language Intelligence initialized on cpu
[2026-01-01 15:15:14,978][INFO] brain.language: Language capabilities added to BrainCore
[2026-01-01 15:15:14,978][INFO] agent: [eve] Transformer language learning initialized
[2026-01-01 15:15:14,978][INFO] world_model: Integrating WorldModel with agent eve...
[2026-01-01 15:15:15,283][INFO] world_model: WorldModel initialized: 21.29M parameters
[2026-01-01 15:15:15,284][INFO] world_model: WorldModelReplayBuffer initialized: capacity=50000, seq_len=64
[2026-01-01 15:15:15,284][INFO] world_model: WorldModelTrainer initialized
[2026-01-01 15:15:15,284][INFO] world_model: ✅ WorldModel integrated with eve
[2026-01-01 15:15:15,284][INFO] agent: [eve] World model integrated
[2026-01-01 15:15:15,284][INFO] audio_processor: AudioCapture initialized: 16000Hz, chunk=1024
[2026-01-01 15:15:15,284][INFO] audio_processor: SpeechRecognizer initialized
[2026-01-01 15:15:15,284][INFO] audio_processor: AudioProcessor initialized for eve
[2026-01-01 15:15:15,284][INFO] audio_processor: ✅ Audio processing added to eve
[2026-01-01 15:15:15,284][INFO] agent: [eve] Audio processing initialized
[2026-01-01 15:15:15,284][INFO] cognitive_loop: CognitiveLoop initialized for eve
[2026-01-01 15:15:15,284][INFO] agent: 🧠 Cognitive loop initialized for eve
[2026-01-01 15:15:15,284][INFO] agent: NPCAgent initialized: eve (gender: female, autonomous: True)
[2026-01-01 15:15:15,284][INFO] web_browser: WebBrowser initialized for eve
[2026-01-01 15:15:15,284][INFO] web_browser: ✅ Web browsing added to eve
[2026-01-01 15:15:15,285][INFO] agent: [eve] Web browsing initialized
[2026-01-01 15:15:16,518][INFO] brain_capsule: ✅ Brain saved: /home/devlord/divine-world-core/npc_applications/data/brains/eve/brain.pcap (99881182 bytes)
[2026-01-01 15:15:16,524][INFO] brain_capsule: ✅ Metadata saved: /home/devlord/divine-world-core/npc_applications/data/brains/eve/brain.pcap.json
[2026-01-01 15:15:16,528][INFO] agent: [eve] Saved to /home/devlord/divine-world-core/npc_applications/data/brains/eve/brain.pcap
[2026-01-01 15:15:16,528][INFO] agent_spawner:   Brain saved: /home/devlord/divine-world-core/npc_applications/data/brains/eve/brain.pcap
[2026-01-01 15:15:16,528][INFO] agent_spawner: Spawned NPC: eve (gender: female)
[2026-01-01 15:15:16,529][INFO] auto_packager: ✅ Queued eve for packaging
[2026-01-01 15:15:16,529][INFO] dw_backend: [Genesis] Spawned eve via spawner
[2026-01-01 15:15:18,709][INFO] packager: ✓ Brain capsule copied with metadata
[2026-01-01 15:15:18,709][INFO] frontend_builder: 🔨 Building frontend from: /home/devlord/divine-world-core/dw_agent/electron/react-app
[2026-01-01 15:15:18,727][INFO] frontend_builder: 🗝️ Building frontend...
[2026-01-09 04:11:55,570][INFO] root: Logging initialized at INFO level. Log file: data/logs/divine_world.log
[2026-01-09 04:11:55,586][INFO] agent_spawner: AgentClientManager initialized with Minecraft support: /home/devlord/divine-world-core/DWClientBot/build/libs/DWClientBot.jar
[2026-01-09 04:11:55,586][INFO] agent_spawner: AgentSpawner initialized in MINECRAFT mode
[2026-01-09 04:11:55,586][INFO] packager: ✅ Found frontend at: /home/devlord/divine-world-core/dw_agent/electron/react-app
[2026-01-09 04:11:55,587][INFO] packager: ✅ Found mod jar: /home/devlord/divine-world-core/DivineWorld/build/libs/divineworld-1.0.0-all.jar
[2026-01-09 04:11:55,587][INFO] auto_packager: 📦 Packaging worker started
[2026-01-09 04:11:55,587][INFO] auto_packager: AutoPackaging system initialized (output: /home/devlord/divine-world-core/npc_applications)
[2026-01-09 04:11:55,587][INFO] auto_packager: Auto-packaging enabled
[2026-01-09 04:11:55,587][INFO] agent_spawner: AgentClientManager initialized with Minecraft support: /home/devlord/divine-world-core/DWClientBot/build/libs/DWClientBot.jar
[2026-01-09 04:11:55,587][INFO] agent_spawner: AgentSpawner initialized in MINECRAFT mode
[2026-01-09 04:11:56,288][WARNING] minecraft_launcher: ⚠️ UltimMC not found - install from https://github.com/UltimMC/Launcher
[2026-01-09 04:11:56,289][INFO] minecraft_launcher: ✅ DWClientBot found at: /home/devlord/divine-world-core/DWClientBot/build/libs/DWClientBot.jar
[2026-01-09 04:11:56,289][WARNING] minecraft_launcher: ⚠️ DivineWorld.jar not found
[2026-01-09 04:11:56,290][WARNING] agent_spawner: ⚠️ UltimMC not found - falling back to legacy client launch
[2026-01-09 04:11:56,291][INFO] auto_packager: ✅ UltimMC automation available
[2026-01-09 04:11:56,291][INFO] management_server: AgentProcessManager initialized
[2026-01-09 04:11:56,291][INFO] auto_connect: AutoConnect System initialized
[2026-01-09 04:11:56,292][INFO] auto_connect:   Agents Folder: npc_applications
[2026-01-09 04:11:56,292][INFO] auto_connect:   Server: 127.0.0.1:25565
[2026-01-09 04:11:56,294][INFO] auto_connect: ✅ Auto-connect system integrated with backend
[2026-01-09 04:11:56,499][INFO] management_server: Starting management server on 0.0.0.0:11400
[2026-01-09 04:11:56,765][INFO] root: Logging initialized at INFO level. Log file: data/logs/divine_world.log
[2026-01-09 04:11:56,766][INFO] agent_spawner: AgentClientManager initialized with Minecraft support: /home/devlord/divine-world-core/DWClientBot/build/libs/DWClientBot.jar
[2026-01-09 04:11:56,766][INFO] agent_spawner: AgentSpawner initialized in MINECRAFT mode
[2026-01-09 04:11:56,766][INFO] packager: ✅ Found frontend at: /home/devlord/divine-world-core/dw_agent/electron/react-app
[2026-01-09 04:11:56,767][INFO] packager: ✅ Found mod jar: /home/devlord/divine-world-core/DivineWorld/build/libs/divineworld-1.0.0-all.jar
[2026-01-09 04:11:56,767][INFO] auto_packager: 📦 Packaging worker started
[2026-01-09 04:11:56,767][INFO] auto_packager: AutoPackaging system initialized (output: /home/devlord/divine-world-core/npc_applications)
[2026-01-09 04:11:56,768][INFO] auto_packager: Auto-packaging enabled
[2026-01-09 04:11:56,768][INFO] agent_spawner: AgentClientManager initialized with Minecraft support: /home/devlord/divine-world-core/DWClientBot/build/libs/DWClientBot.jar
[2026-01-09 04:11:56,768][INFO] agent_spawner: AgentSpawner initialized in MINECRAFT mode
[2026-01-09 04:11:57,130][WARNING] minecraft_launcher: ⚠️ UltimMC not found - install from https://github.com/UltimMC/Launcher
[2026-01-09 04:11:57,130][INFO] minecraft_launcher: ✅ DWClientBot found at: /home/devlord/divine-world-core/DWClientBot/build/libs/DWClientBot.jar
[2026-01-09 04:11:57,130][WARNING] minecraft_launcher: ⚠️ DivineWorld.jar not found
[2026-01-09 04:11:57,131][WARNING] agent_spawner: ⚠️ UltimMC not found - falling back to legacy client launch
[2026-01-09 04:11:57,131][INFO] auto_packager: ✅ UltimMC automation available
[2026-01-09 04:11:57,131][INFO] management_server: AgentProcessManager initialized
[2026-01-09 04:11:57,131][INFO] auto_connect: AutoConnect System initialized
[2026-01-09 04:11:57,131][INFO] auto_connect:   Agents Folder: npc_applications
[2026-01-09 04:11:57,131][INFO] auto_connect:   Server: 127.0.0.1:25565
[2026-01-09 04:11:57,133][INFO] auto_connect: ✅ Auto-connect system integrated with backend
[2026-01-09 04:11:57,137][INFO] management_server: ======================================================================
[2026-01-09 04:11:57,137][INFO] management_server:   🎮 Divine World Management Server
[2026-01-09 04:11:57,137][INFO] management_server: ======================================================================
[2026-01-09 04:11:57,137][INFO] management_server:   Version: 3.0.0
[2026-01-09 04:11:57,137][INFO] management_server:   Role: Agent Management Only
[2026-01-09 04:11:57,137][INFO] management_server:   Agent Runtime: Separate processes (agent.py)
[2026-01-09 04:11:57,137][INFO] management_server: ======================================================================
[2026-01-09 04:11:57,137][INFO] management_server: ✅ Server started
[2026-01-09 07:47:37,097][INFO] root: Logging initialized at INFO level. Log file: data/logs/divine_world.log
[2026-01-09 07:47:37,110][INFO] agent_spawner: AgentClientManager initialized with Minecraft support: /home/devlord/divine-world-core/DWClientBot/build/libs/DWClientBot.jar
[2026-01-09 07:47:37,111][INFO] agent_spawner: AgentSpawner initialized in MINECRAFT mode
[2026-01-09 07:47:37,111][INFO] packager: ✅ Found frontend at: /home/devlord/divine-world-core/dw_agent/electron/react-app
[2026-01-09 07:47:37,112][INFO] packager: ✅ Found mod jar: /home/devlord/divine-world-core/DivineWorld/build/libs/divineworld-1.0.0-all.jar
[2026-01-09 07:47:37,113][INFO] auto_packager: 📦 Packaging worker started
[2026-01-09 07:47:37,113][INFO] auto_packager: AutoPackaging system initialized (output: /home/devlord/divine-world-core/npc_applications)
[2026-01-09 07:47:37,113][INFO] auto_packager: Auto-packaging enabled
[2026-01-09 07:47:37,114][INFO] agent_spawner: AgentClientManager initialized with Minecraft support: /home/devlord/divine-world-core/DWClientBot/build/libs/DWClientBot.jar
[2026-01-09 07:47:37,114][INFO] agent_spawner: AgentSpawner initialized in MINECRAFT mode
[2026-01-09 07:47:37,703][WARNING] minecraft_launcher: ⚠️ UltimMC not found - install from https://github.com/UltimMC/Launcher
[2026-01-09 07:47:37,703][INFO] minecraft_launcher: ✅ DWClientBot found at: /home/devlord/divine-world-core/DWClientBot/build/libs/DWClientBot.jar
[2026-01-09 07:47:37,703][WARNING] minecraft_launcher: ⚠️ DivineWorld.jar not found
[2026-01-09 07:47:37,718][WARNING] agent_spawner: ⚠️ UltimMC not found - falling back to legacy client launch
[2026-01-09 07:47:37,719][INFO] auto_packager: ✅ UltimMC automation available
[2026-01-09 07:47:37,719][INFO] management_server: AgentProcessManager initialized
[2026-01-09 07:47:37,719][INFO] auto_connect: AutoConnect System initialized
[2026-01-09 07:47:37,719][INFO] auto_connect:   Agents Folder: npc_applications
[2026-01-09 07:47:37,719][INFO] auto_connect:   Server: 127.0.0.1:25565
[2026-01-09 07:47:37,722][INFO] auto_connect: ✅ Auto-connect system integrated with backend
[2026-01-09 07:47:37,900][INFO] management_server: Starting management server on 0.0.0.0:11400
[2026-01-09 07:47:38,236][INFO] root: Logging initialized at INFO level. Log file: data/logs/divine_world.log
[2026-01-09 07:47:38,237][INFO] agent_spawner: AgentClientManager initialized with Minecraft support: /home/devlord/divine-world-core/DWClientBot/build/libs/DWClientBot.jar
[2026-01-09 07:47:38,237][INFO] agent_spawner: AgentSpawner initialized in MINECRAFT mode
[2026-01-09 07:47:38,238][INFO] packager: ✅ Found frontend at: /home/devlord/divine-world-core/dw_agent/electron/react-app
[2026-01-09 07:47:38,238][INFO] packager: ✅ Found mod jar: /home/devlord/divine-world-core/DivineWorld/build/libs/divineworld-1.0.0-all.jar
[2026-01-09 07:47:38,239][INFO] auto_packager: 📦 Packaging worker started
[2026-01-09 07:47:38,239][INFO] auto_packager: AutoPackaging system initialized (output: /home/devlord/divine-world-core/npc_applications)
[2026-01-09 07:47:38,239][INFO] auto_packager: Auto-packaging enabled
[2026-01-09 07:47:38,240][INFO] agent_spawner: AgentClientManager initialized with Minecraft support: /home/devlord/divine-world-core/DWClientBot/build/libs/DWClientBot.jar
[2026-01-09 07:47:38,240][INFO] agent_spawner: AgentSpawner initialized in MINECRAFT mode
[2026-01-09 07:47:38,613][WARNING] minecraft_launcher: ⚠️ UltimMC not found - install from https://github.com/UltimMC/Launcher
[2026-01-09 07:47:38,613][INFO] minecraft_launcher: ✅ DWClientBot found at: /home/devlord/divine-world-core/DWClientBot/build/libs/DWClientBot.jar
[2026-01-09 07:47:38,613][WARNING] minecraft_launcher: ⚠️ DivineWorld.jar not found
[2026-01-09 07:47:38,613][WARNING] agent_spawner: ⚠️ UltimMC not found - falling back to legacy client launch
[2026-01-09 07:47:38,614][INFO] auto_packager: ✅ UltimMC automation available
[2026-01-09 07:47:38,614][INFO] management_server: AgentProcessManager initialized
[2026-01-09 07:47:38,614][INFO] auto_connect: AutoConnect System initialized
[2026-01-09 07:47:38,614][INFO] auto_connect:   Agents Folder: npc_applications
[2026-01-09 07:47:38,614][INFO] auto_connect:   Server: 127.0.0.1:25565
[2026-01-09 07:47:38,615][INFO] auto_connect: ✅ Auto-connect system integrated with backend
[2026-01-09 07:47:38,622][INFO] management_server: ======================================================================
[2026-01-09 07:47:38,622][INFO] management_server:   🎮 Divine World Management Server
[2026-01-09 07:47:38,622][INFO] management_server: ======================================================================
[2026-01-09 07:47:38,622][INFO] management_server:   Version: 3.0.0
[2026-01-09 07:47:38,622][INFO] management_server:   Role: Agent Management Only
[2026-01-09 07:47:38,622][INFO] management_server:   Agent Runtime: Separate processes (agent.py)
[2026-01-09 07:47:38,623][INFO] management_server: ======================================================================
[2026-01-09 07:47:38,623][INFO] management_server: ✅ Server started
[2026-01-09 07:47:43,852][ERROR] management_server: Genesis error: Expecting value: line 1 column 1 (char 0)
[2026-01-09 07:48:24,964][INFO] management_server: 👑 Spawning god: oracle (god_oracle_1767944904964) - DUAL GENDERED
[2026-01-09 07:48:24,965][INFO] management_server: Starting agent process: /home/devlord/divine-world-core/py_backend/dw_env/bin/python /home/devlord/divine-world-core/ai_core/agent.py --agent-id god_oracle_1767944904964 --mode minecraft --log-level INFO --gender dual --personality {"curiosity": 0.9, "sociability": 0.7, "openness": 0.9, "conscientiousness": 0.6} --memory-mb 2048
[2026-01-09 07:48:24,966][INFO] management_server: ✅ Agent god_oracle_1767944904964 started (PID: 33795)
[2026-01-09 07:48:25,133][INFO] management_server: Agent god_oracle_1767944904964 process ended (exit code: 2)
[2026-01-09 07:51:24,931][INFO] management_server: 👑 Spawning god: oracle (god_oracle_1767945084931) - DUAL GENDERED
[2026-01-09 07:51:24,932][INFO] management_server: Starting agent process: /home/devlord/divine-world-core/py_backend/dw_env/bin/python /home/devlord/divine-world-core/ai_core/agent.py --agent-id god_oracle_1767945084931 --mode minecraft --log-level INFO --gender dual --personality {"curiosity": 0.9, "sociability": 0.7, "openness": 0.9, "conscientiousness": 0.6} --memory-mb 2048
[2026-01-09 07:51:24,933][INFO] management_server: ✅ Agent god_oracle_1767945084931 started (PID: 35597)
[2026-01-09 07:51:25,116][INFO] management_server: Agent god_oracle_1767945084931 process ended (exit code: 2)
[2026-01-09 07:53:50,038][ERROR] management_server: God spawn error: Expecting value: line 1 column 1 (char 0)
[2026-01-09 07:53:58,165][INFO] management_server: 👑 Spawning god: oracle (god_oracle_1767945238165) - DUAL GENDERED
[2026-01-09 07:53:58,165][INFO] management_server: Starting agent process: /home/devlord/divine-world-core/py_backend/dw_env/bin/python /home/devlord/divine-world-core/ai_core/agent.py --agent-id god_oracle_1767945238165 --mode minecraft --log-level INFO --gender dual --personality {"curiosity": 0.9, "sociability": 0.7, "openness": 0.9, "conscientiousness": 0.6} --memory-mb 2048
[2026-01-09 07:53:58,166][INFO] management_server: ✅ Agent god_oracle_1767945238165 started (PID: 37728)
[2026-01-09 07:53:58,315][INFO] management_server: Agent god_oracle_1767945238165 process ended (exit code: 2)
[2026-01-09 07:54:07,348][INFO] management_server: 🛑 Shutting down management server...
[2026-01-09 07:54:07,349][INFO] management_server: Stopping all agent processes...
[2026-01-09 07:54:07,349][INFO] management_server: Stopping agent god_oracle_1767944904964 (PID: 33795)...
[2026-01-09 07:54:07,349][INFO] management_server: ✅ Agent god_oracle_1767944904964 stopped gracefully
[2026-01-09 07:54:07,349][INFO] management_server: Stopping agent god_oracle_1767945084931 (PID: 35597)...
[2026-01-09 07:54:07,350][INFO] management_server: ✅ Agent god_oracle_1767945084931 stopped gracefully
[2026-01-09 07:54:07,350][INFO] management_server: Stopping agent god_oracle_1767945238165 (PID: 37728)...
[2026-01-09 07:54:07,350][INFO] management_server: ✅ Agent god_oracle_1767945238165 stopped gracefully
[2026-01-09 07:54:07,350][INFO] management_server: All agents stopped
[2026-01-09 07:54:07,350][INFO] management_server: ✅ Shutdown complete
[2026-01-10 04:45:10,423][INFO] root: Logging initialized at INFO level. Log file: data/logs/divine_world.log
[2026-01-10 04:45:10,437][INFO] agent_spawner: AgentClientManager initialized with Minecraft support: /home/devlord/divine-world-core/DWClientBot/build/libs/DWClientBot.jar
[2026-01-10 04:45:10,437][INFO] agent_spawner: AgentSpawner initialized in MINECRAFT mode
[2026-01-10 04:45:10,438][INFO] packager: ✅ Found frontend at: /home/devlord/divine-world-core/dw_agent/electron/react-app
[2026-01-10 04:45:10,439][INFO] packager: ✅ Found mod jar: /home/devlord/divine-world-core/DivineWorld/build/libs/divineworld-1.0.0-all.jar
[2026-01-10 04:45:10,439][INFO] auto_packager: 📦 Packaging worker started
[2026-01-10 04:45:10,440][INFO] auto_packager: AutoPackaging system initialized (output: /home/devlord/divine-world-core/npc_applications)
[2026-01-10 04:45:10,440][INFO] auto_packager: Auto-packaging enabled
[2026-01-10 04:45:10,441][INFO] agent_spawner: AgentClientManager initialized with Minecraft support: /home/devlord/divine-world-core/DWClientBot/build/libs/DWClientBot.jar
[2026-01-10 04:45:10,442][INFO] agent_spawner: AgentSpawner initialized in MINECRAFT mode
[2026-01-10 04:45:11,173][WARNING] minecraft_launcher: ⚠️ UltimMC not found - install from https://github.com/UltimMC/Launcher
[2026-01-10 04:45:11,173][INFO] minecraft_launcher: ✅ DWClientBot found at: /home/devlord/divine-world-core/DWClientBot/build/libs/DWClientBot.jar
[2026-01-10 04:45:11,173][WARNING] minecraft_launcher: ⚠️ DivineWorld.jar not found
[2026-01-10 04:45:11,205][WARNING] agent_spawner: ⚠️ UltimMC not found - falling back to legacy client launch
[2026-01-10 04:45:11,206][INFO] auto_packager: ✅ UltimMC automation available
[2026-01-10 04:45:11,206][INFO] management_server: AgentProcessManager initialized
[2026-01-10 04:45:11,206][INFO] auto_connect: AutoConnect System initialized
[2026-01-10 04:45:11,206][INFO] auto_connect:   Agents Folder: npc_applications
[2026-01-10 04:45:11,206][INFO] auto_connect:   Server: 127.0.0.1:25565
[2026-01-10 04:45:11,210][INFO] auto_connect: ✅ Auto-connect system integrated with backend
[2026-01-10 04:45:11,678][INFO] root: Logging initialized at INFO level. Log file: data/logs/divine_world.log
[2026-01-10 04:45:11,679][INFO] agent_spawner: AgentClientManager initialized with Minecraft support: /home/devlord/divine-world-core/DWClientBot/build/libs/DWClientBot.jar
[2026-01-10 04:45:11,680][INFO] agent_spawner: AgentSpawner initialized in MINECRAFT mode
[2026-01-10 04:45:11,680][INFO] packager: ✅ Found frontend at: /home/devlord/divine-world-core/dw_agent/electron/react-app
[2026-01-10 04:45:11,681][INFO] packager: ✅ Found mod jar: /home/devlord/divine-world-core/DivineWorld/build/libs/divineworld-1.0.0-all.jar
[2026-01-10 04:45:11,681][INFO] auto_packager: 📦 Packaging worker started
[2026-01-10 04:45:11,682][INFO] auto_packager: AutoPackaging system initialized (output: /home/devlord/divine-world-core/npc_applications)
[2026-01-10 04:45:11,682][INFO] auto_packager: Auto-packaging enabled
[2026-01-10 04:45:11,682][INFO] agent_spawner: AgentClientManager initialized with Minecraft support: /home/devlord/divine-world-core/DWClientBot/build/libs/DWClientBot.jar
[2026-01-10 04:45:11,682][INFO] agent_spawner: AgentSpawner initialized in MINECRAFT mode
[2026-01-10 04:45:12,040][WARNING] minecraft_launcher: ⚠️ UltimMC not found - install from https://github.com/UltimMC/Launcher
[2026-01-10 04:45:12,040][INFO] minecraft_launcher: ✅ DWClientBot found at: /home/devlord/divine-world-core/DWClientBot/build/libs/DWClientBot.jar
[2026-01-10 04:45:12,040][WARNING] minecraft_launcher: ⚠️ DivineWorld.jar not found
[2026-01-10 04:45:12,040][WARNING] agent_spawner: ⚠️ UltimMC not found - falling back to legacy client launch
[2026-01-10 04:45:12,040][INFO] auto_packager: ✅ UltimMC automation available
[2026-01-10 04:45:12,040][INFO] management_server: AgentProcessManager initialized
[2026-01-10 04:45:12,041][INFO] auto_connect: AutoConnect System initialized
[2026-01-10 04:45:12,041][INFO] auto_connect:   Agents Folder: npc_applications
[2026-01-10 04:45:12,041][INFO] auto_connect:   Server: 127.0.0.1:25565
[2026-01-10 04:45:12,042][INFO] auto_connect: ✅ Auto-connect system integrated with backend
[2026-01-10 04:45:12,047][INFO] management_server: ======================================================================
[2026-01-10 04:45:12,048][INFO] management_server:   🎮 Divine World Management Server
[2026-01-10 04:45:12,048][INFO] management_server: ======================================================================
[2026-01-10 04:45:12,048][INFO] management_server:   Version: 3.0.0 (Endpoints Corrected + Server Integration)
[2026-01-10 04:45:12,048][INFO] management_server:   Role: Agent Management for Minecraft Mod
[2026-01-10 04:45:12,048][INFO] management_server:   Mod: Divine World 1.20.1
[2026-01-10 04:45:12,048][INFO] management_server:   Agent Runtime: Separate processes (agent.py)
[2026-01-10 04:45:12,048][INFO] management_server: ======================================================================
[2026-01-10 04:45:12,048][INFO] management_server:   CORRECTED ENDPOINTS:
[2026-01-10 04:45:12,048][INFO] management_server:     ✅ /api/player_event (DWEventHandler)
[2026-01-10 04:45:12,048][INFO] management_server:     ✅ /api/breeding/event (BreedingEventHandler)
[2026-01-10 04:45:12,049][INFO] management_server:     ✅ /api/genesis/spawn (DivineCommands)
[2026-01-10 04:45:12,049][INFO] management_server:     ✅ /api/divine_reset (DivineCommands)
[2026-01-10 04:45:12,049][INFO] management_server:     ✅ /api/agents/clear_memories (DivineCommands)
[2026-01-10 04:45:12,049][INFO] management_server:     ✅ /api/gods/spawn (DivineCommands)
[2026-01-10 04:45:12,049][INFO] management_server:     ✅ /api/gods/ability (DivineCommands)
[2026-01-10 04:45:12,049][INFO] management_server:     ✅ /api/gods/transform (DivineCommands)
[2026-01-10 04:45:12,049][INFO] management_server: ======================================================================
[2026-01-10 04:45:12,049][INFO] management_server:   SERVER INTEGRATION:
[2026-01-10 04:45:12,049][INFO] management_server:     📝 Auto-registers agents in usercache.json
[2026-01-10 04:45:12,049][INFO] management_server:     📝 Auto-registers agents in usernamecache.json
[2026-01-10 04:45:12,050][INFO] management_server:     🔄 UUID generation (Minecraft offline mode)
[2026-01-10 04:45:12,050][INFO] management_server:     🏷️  Naming: AI_<n> for NPCs, GOD_<type>_<n> for gods
[2026-01-10 04:45:12,050][INFO] management_server: ======================================================================
[2026-01-10 04:45:12,050][INFO] management_server: 
[2026-01-10 04:45:12,050][INFO] management_server: ⚠️  IMPORTANT: Configure server folder for agent registration!
[2026-01-10 04:45:12,050][INFO] management_server:    Use: POST /api/server/configure
[2026-01-10 04:45:12,050][INFO] management_server:    Body: {"server_folder": "/path/to/minecraft/server"}
[2026-01-10 04:45:12,050][INFO] management_server: 
[2026-01-10 04:45:12,050][INFO] management_server: ✅ Server started and ready for Minecraft mod connections
[2026-01-10 04:50:21,685][INFO] management_server: 🛑 Shutting down management server...
[2026-01-10 04:50:21,685][INFO] management_server: Stopping all agent processes...
[2026-01-10 04:50:21,685][INFO] management_server: All agents stopped
[2026-01-10 04:50:21,685][INFO] management_server: ✅ Shutdown complete
[2026-01-10 04:53:15,370][INFO] root: Logging initialized at INFO level. Log file: data/logs/divine_world.log
[2026-01-10 04:53:15,371][INFO] agent_spawner: AgentClientManager initialized with Minecraft support: /home/devlord/divine-world-core/DWClientBot/build/libs/DWClientBot.jar
[2026-01-10 04:53:15,371][INFO] agent_spawner: AgentSpawner initialized in MINECRAFT mode
[2026-01-10 04:53:15,372][INFO] packager: ✅ Found frontend at: /home/devlord/divine-world-core/dw_agent/electron/react-app
[2026-01-10 04:53:15,372][INFO] packager: ✅ Found mod jar: /home/devlord/divine-world-core/DivineWorld/build/libs/divineworld-1.0.0-all.jar
[2026-01-10 04:53:15,372][INFO] auto_packager: 📦 Packaging worker started
[2026-01-10 04:53:15,373][INFO] auto_packager: AutoPackaging system initialized (output: /home/devlord/divine-world-core/npc_applications)
[2026-01-10 04:53:15,373][INFO] auto_packager: Auto-packaging enabled
[2026-01-10 04:53:15,373][INFO] agent_spawner: AgentClientManager initialized with Minecraft support: /home/devlord/divine-world-core/DWClientBot/build/libs/DWClientBot.jar
[2026-01-10 04:53:15,373][INFO] agent_spawner: AgentSpawner initialized in MINECRAFT mode
[2026-01-10 04:53:15,736][WARNING] minecraft_launcher: ⚠️ UltimMC not found - install from https://github.com/UltimMC/Launcher
[2026-01-10 04:53:15,736][INFO] minecraft_launcher: ✅ DWClientBot found at: /home/devlord/divine-world-core/DWClientBot/build/libs/DWClientBot.jar
[2026-01-10 04:53:15,736][WARNING] minecraft_launcher: ⚠️ DivineWorld.jar not found
[2026-01-10 04:53:15,736][WARNING] agent_spawner: ⚠️ UltimMC not found - falling back to legacy client launch
[2026-01-10 04:53:15,736][INFO] auto_packager: ✅ UltimMC automation available
[2026-01-10 04:53:15,737][INFO] management_server: AgentProcessManager initialized
[2026-01-10 04:53:15,737][INFO] auto_connect: AutoConnect System initialized
[2026-01-10 04:53:15,737][INFO] auto_connect:   Agents Folder: npc_applications
[2026-01-10 04:53:15,737][INFO] auto_connect:   Server: 127.0.0.1:25565
[2026-01-10 04:53:15,739][INFO] auto_connect: ✅ Auto-connect system integrated with backend
[2026-01-10 04:53:15,887][INFO] root: Logging initialized at INFO level. Log file: data/logs/divine_world.log
[2026-01-10 04:53:15,888][INFO] agent_spawner: AgentClientManager initialized with Minecraft support: /home/devlord/divine-world-core/DWClientBot/build/libs/DWClientBot.jar
[2026-01-10 04:53:15,889][INFO] agent_spawner: AgentSpawner initialized in MINECRAFT mode
[2026-01-10 04:53:15,889][INFO] packager: ✅ Found frontend at: /home/devlord/divine-world-core/dw_agent/electron/react-app
[2026-01-10 04:53:15,890][INFO] packager: ✅ Found mod jar: /home/devlord/divine-world-core/DivineWorld/build/libs/divineworld-1.0.0-all.jar
[2026-01-10 04:53:15,891][INFO] auto_packager: 📦 Packaging worker started
[2026-01-10 04:53:15,891][INFO] auto_packager: AutoPackaging system initialized (output: /home/devlord/divine-world-core/npc_applications)
[2026-01-10 04:53:15,892][INFO] auto_packager: Auto-packaging enabled
[2026-01-10 04:53:15,893][INFO] agent_spawner: AgentClientManager initialized with Minecraft support: /home/devlord/divine-world-core/DWClientBot/build/libs/DWClientBot.jar
[2026-01-10 04:53:15,893][INFO] agent_spawner: AgentSpawner initialized in MINECRAFT mode
[2026-01-10 04:53:16,360][WARNING] minecraft_launcher: ⚠️ UltimMC not found - install from https://github.com/UltimMC/Launcher
[2026-01-10 04:53:16,360][INFO] minecraft_launcher: ✅ DWClientBot found at: /home/devlord/divine-world-core/DWClientBot/build/libs/DWClientBot.jar
[2026-01-10 04:53:16,360][WARNING] minecraft_launcher: ⚠️ DivineWorld.jar not found
[2026-01-10 04:53:16,360][WARNING] agent_spawner: ⚠️ UltimMC not found - falling back to legacy client launch
[2026-01-10 04:53:16,360][INFO] auto_packager: ✅ UltimMC automation available
[2026-01-10 04:53:16,361][INFO] management_server: AgentProcessManager initialized
[2026-01-10 04:53:16,361][INFO] auto_connect: AutoConnect System initialized
[2026-01-10 04:53:16,361][INFO] auto_connect:   Agents Folder: npc_applications
[2026-01-10 04:53:16,361][INFO] auto_connect:   Server: 127.0.0.1:25565
[2026-01-10 04:53:16,362][INFO] auto_connect: ✅ Auto-connect system integrated with backend
[2026-01-10 04:53:16,367][INFO] management_server: ======================================================================
[2026-01-10 04:53:16,367][INFO] management_server:   🎮 Divine World Management Server
[2026-01-10 04:53:16,367][INFO] management_server: ======================================================================
[2026-01-10 04:53:16,367][INFO] management_server:   Version: 3.0.0 (Endpoints Corrected + Server Integration)
[2026-01-10 04:53:16,368][INFO] management_server:   Role: Agent Management for Minecraft Mod
[2026-01-10 04:53:16,368][INFO] management_server:   Mod: Divine World 1.20.1
[2026-01-10 04:53:16,368][INFO] management_server:   Agent Runtime: Separate processes (agent.py)
[2026-01-10 04:53:16,368][INFO] management_server: ======================================================================
[2026-01-10 04:53:16,368][INFO] management_server:   CORRECTED ENDPOINTS:
[2026-01-10 04:53:16,368][INFO] management_server:     ✅ /api/player_event (DWEventHandler)
[2026-01-10 04:53:16,368][INFO] management_server:     ✅ /api/breeding/event (BreedingEventHandler)
[2026-01-10 04:53:16,368][INFO] management_server:     ✅ /api/genesis/spawn (DivineCommands)
[2026-01-10 04:53:16,368][INFO] management_server:     ✅ /api/divine_reset (DivineCommands)
[2026-01-10 04:53:16,368][INFO] management_server:     ✅ /api/agents/clear_memories (DivineCommands)
[2026-01-10 04:53:16,368][INFO] management_server:     ✅ /api/gods/spawn (DivineCommands)
[2026-01-10 04:53:16,369][INFO] management_server:     ✅ /api/gods/ability (DivineCommands)
[2026-01-10 04:53:16,369][INFO] management_server:     ✅ /api/gods/transform (DivineCommands)
[2026-01-10 04:53:16,369][INFO] management_server: ======================================================================
[2026-01-10 04:53:16,369][INFO] management_server:   SERVER INTEGRATION:
[2026-01-10 04:53:16,369][INFO] management_server:     📝 Auto-registers agents in usercache.json
[2026-01-10 04:53:16,369][INFO] management_server:     📝 Auto-registers agents in usernamecache.json
[2026-01-10 04:53:16,369][INFO] management_server:     🔄 UUID generation (Minecraft offline mode)
[2026-01-10 04:53:16,369][INFO] management_server:     🏷️  Naming: AI_<n> for NPCs, GOD_<type>_<n> for gods
[2026-01-10 04:53:16,369][INFO] management_server: ======================================================================
[2026-01-10 04:53:16,369][INFO] management_server: 
[2026-01-10 04:53:16,369][INFO] management_server: ⚠️  IMPORTANT: Configure server folder for agent registration!
[2026-01-10 04:53:16,370][INFO] management_server:    Use: POST /api/server/configure
[2026-01-10 04:53:16,370][INFO] management_server:    Body: {"server_folder": "/path/to/minecraft/server"}
[2026-01-10 04:53:16,370][INFO] management_server: 
[2026-01-10 04:53:16,370][INFO] management_server: ✅ Server started and ready for Minecraft mod connections
[2026-01-10 04:53:29,310][INFO] management_server: 🛑 Shutting down management server...
[2026-01-10 04:53:29,310][INFO] management_server: Stopping all agent processes...
[2026-01-10 04:53:29,310][INFO] management_server: All agents stopped
[2026-01-10 04:53:29,311][INFO] management_server: ✅ Shutdown complete
[2026-01-10 04:54:28,569][INFO] root: Logging initialized at INFO level. Log file: data/logs/divine_world.log
[2026-01-10 05:55:43,976][INFO] root: Logging initialized at INFO level. Log file: data/logs/divine_world.log
[2026-01-10 05:56:04,349][INFO] agent_spawner: AgentClientManager initialized with Minecraft support: /home/devlord/divine-world-core/DWClientBot/build/libs/DWClientBot.jar
[2026-01-10 05:56:04,349][INFO] agent_spawner: AgentSpawner initialized in MINECRAFT mode
[2026-01-10 05:56:04,351][INFO] packager: ✅ Found frontend at: /home/devlord/divine-world-core/dw_agent/electron/react-app
[2026-01-10 05:56:04,352][INFO] packager: ✅ Found mod jar: /home/devlord/divine-world-core/DivineWorld/build/libs/divineworld-1.0.0-all.jar
[2026-01-10 05:56:04,353][INFO] auto_packager: 📦 Packaging worker started
[2026-01-10 05:56:04,353][INFO] auto_packager: AutoPackaging system initialized (output: /home/devlord/divine-world-core/npc_applications)
[2026-01-10 05:56:04,353][INFO] auto_packager: Auto-packaging enabled
[2026-01-10 05:56:04,354][INFO] agent_spawner: AgentClientManager initialized with Minecraft support: /home/devlord/divine-world-core/DWClientBot/build/libs/DWClientBot.jar
[2026-01-10 05:56:04,354][INFO] agent_spawner: AgentSpawner initialized in MINECRAFT mode
[2026-01-10 05:56:04,787][WARNING] minecraft_launcher: ⚠️ UltimMC not found - install from https://github.com/UltimMC/Launcher
[2026-01-10 05:56:04,788][INFO] minecraft_launcher: ✅ DWClientBot found at: /home/devlord/divine-world-core/DWClientBot/build/libs/DWClientBot.jar
[2026-01-10 05:56:04,788][WARNING] minecraft_launcher: ⚠️ DivineWorld.jar not found
[2026-01-10 05:56:04,803][WARNING] agent_spawner: ⚠️ UltimMC not found - falling back to legacy client launch
[2026-01-10 05:56:04,803][INFO] auto_packager: ✅ UltimMC automation available
[2026-01-10 05:56:04,803][INFO] management_server: AgentProcessManager initialized
[2026-01-10 05:56:04,803][INFO] auto_connect: AutoConnect System initialized
[2026-01-10 05:56:04,803][INFO] auto_connect:   Agents Folder: npc_applications
[2026-01-10 05:56:04,803][INFO] auto_connect:   Server: 127.0.0.1:25565
[2026-01-10 05:56:04,806][INFO] auto_connect: ✅ Auto-connect system integrated with backend
[2026-01-10 05:56:05,304][INFO] root: Logging initialized at INFO level. Log file: data/logs/divine_world.log
[2026-01-10 05:56:33,638][INFO] agent_spawner: AgentClientManager initialized with Minecraft support: /home/devlord/divine-world-core/DWClientBot/build/libs/DWClientBot.jar
[2026-01-10 05:56:33,638][INFO] agent_spawner: AgentSpawner initialized in MINECRAFT mode
[2026-01-10 05:56:33,639][INFO] packager: ✅ Found frontend at: /home/devlord/divine-world-core/dw_agent/electron/react-app
[2026-01-10 05:56:33,639][INFO] packager: ✅ Found mod jar: /home/devlord/divine-world-core/DivineWorld/build/libs/divineworld-1.0.0-all.jar
[2026-01-10 05:56:33,640][INFO] auto_packager: 📦 Packaging worker started
[2026-01-10 05:56:33,640][INFO] auto_packager: AutoPackaging system initialized (output: /home/devlord/divine-world-core/npc_applications)
[2026-01-10 05:56:33,640][INFO] auto_packager: Auto-packaging enabled
[2026-01-10 05:56:33,641][INFO] agent_spawner: AgentClientManager initialized with Minecraft support: /home/devlord/divine-world-core/DWClientBot/build/libs/DWClientBot.jar
[2026-01-10 05:56:33,641][INFO] agent_spawner: AgentSpawner initialized in MINECRAFT mode
[2026-01-10 05:56:33,985][WARNING] minecraft_launcher: ⚠️ UltimMC not found - install from https://github.com/UltimMC/Launcher
[2026-01-10 05:56:33,985][INFO] minecraft_launcher: ✅ DWClientBot found at: /home/devlord/divine-world-core/DWClientBot/build/libs/DWClientBot.jar
[2026-01-10 05:56:33,985][WARNING] minecraft_launcher: ⚠️ DivineWorld.jar not found
[2026-01-10 05:56:33,986][WARNING] agent_spawner: ⚠️ UltimMC not found - falling back to legacy client launch
[2026-01-10 05:56:33,986][INFO] auto_packager: ✅ UltimMC automation available
[2026-01-10 05:56:33,986][INFO] management_server: AgentProcessManager initialized
[2026-01-10 05:56:33,986][INFO] auto_connect: AutoConnect System initialized
[2026-01-10 05:56:33,986][INFO] auto_connect:   Agents Folder: npc_applications
[2026-01-10 05:56:33,986][INFO] auto_connect:   Server: 127.0.0.1:25565
[2026-01-10 05:56:33,987][INFO] auto_connect: ✅ Auto-connect system integrated with backend
[2026-01-10 05:56:33,992][INFO] management_server: ======================================================================
[2026-01-10 05:56:33,992][INFO] management_server:   🎮 Divine World Management Server
[2026-01-10 05:56:33,992][INFO] management_server: ======================================================================
[2026-01-10 05:56:33,992][INFO] management_server:   Version: 3.0.0 (Endpoints Corrected + Server Integration)
[2026-01-10 05:56:33,993][INFO] management_server:   Role: Agent Management for Minecraft Mod
[2026-01-10 05:56:33,993][INFO] management_server:   Mod: Divine World 1.20.1
[2026-01-10 05:56:33,993][INFO] management_server:   Agent Runtime: Separate processes (agent.py)
[2026-01-10 05:56:33,993][INFO] management_server: ======================================================================
[2026-01-10 05:56:33,993][INFO] management_server:   CORRECTED ENDPOINTS:
[2026-01-10 05:56:33,993][INFO] management_server:     ✅ /api/player_event (DWEventHandler)
[2026-01-10 05:56:33,993][INFO] management_server:     ✅ /api/breeding/event (BreedingEventHandler)
[2026-01-10 05:56:33,993][INFO] management_server:     ✅ /api/genesis/spawn (DivineCommands)
[2026-01-10 05:56:33,993][INFO] management_server:     ✅ /api/divine_reset (DivineCommands)
[2026-01-10 05:56:33,993][INFO] management_server:     ✅ /api/agents/clear_memories (DivineCommands)
[2026-01-10 05:56:33,994][INFO] management_server:     ✅ /api/gods/spawn (DivineCommands)
[2026-01-10 05:56:33,994][INFO] management_server:     ✅ /api/gods/ability (DivineCommands)
[2026-01-10 05:56:33,994][INFO] management_server:     ✅ /api/gods/transform (DivineCommands)
[2026-01-10 05:56:33,994][INFO] management_server: ======================================================================
[2026-01-10 05:56:33,994][INFO] management_server:   SERVER INTEGRATION:
[2026-01-10 05:56:33,994][INFO] management_server:     📝 Auto-registers agents in usercache.json
[2026-01-10 05:56:33,994][INFO] management_server:     📝 Auto-registers agents in usernamecache.json
[2026-01-10 05:56:33,994][INFO] management_server:     🔄 UUID generation (Minecraft offline mode)
[2026-01-10 05:56:33,994][INFO] management_server:     🏷️  Naming: AI_<n> for NPCs, GOD_<type>_<n> for gods
[2026-01-10 05:56:33,994][INFO] management_server: ======================================================================
[2026-01-10 05:56:33,995][INFO] management_server: 
[2026-01-10 05:56:33,995][INFO] management_server: ⚠️  IMPORTANT: Configure server folder for agent registration!
[2026-01-10 05:56:33,995][INFO] management_server:    Use: POST /api/server/configure
[2026-01-10 05:56:33,995][INFO] management_server:    Body: {"server_folder": "/path/to/minecraft/server"}
[2026-01-10 05:56:33,995][INFO] management_server: 
[2026-01-10 05:56:33,995][INFO] management_server: ✅ Server started and ready for Minecraft mod connections
[2026-01-10 06:08:58,533][INFO] management_server: 🛑 Shutting down management server...
[2026-01-10 06:08:58,533][INFO] management_server: Stopping all agent processes...
[2026-01-10 06:08:58,533][INFO] management_server: All agents stopped
[2026-01-10 06:08:58,534][INFO] management_server: ✅ Shutdown complete
[2026-01-10 06:09:06,288][INFO] root: Logging initialized at INFO level. Log file: data/logs/divine_world.log
[2026-01-10 06:09:06,289][CRITICAL] root: ❌ Failed to initialize Minecraft server folder: MinecraftServerIntegration.get_server_folder() takes 0 positional arguments but 1 was given
[2026-01-10 06:09:17,047][INFO] root: Logging initialized at INFO level. Log file: data/logs/divine_world.log
[2026-01-10 06:09:17,047][CRITICAL] root: ❌ Failed to initialize Minecraft server folder: MinecraftServerIntegration.get_server_folder() takes 0 positional arguments but 1 was given
[2026-01-10 06:10:48,658][INFO] root: Logging initialized at INFO level. Log file: data/logs/divine_world.log
[2026-01-10 06:11:03,016][INFO] management_server: Server folder set to: /home/devlord/DW_Server
[2026-01-10 06:11:03,017][INFO] agent_spawner: AgentClientManager initialized with Minecraft support: /home/devlord/divine-world-core/DWClientBot/build/libs/DWClientBot.jar
[2026-01-10 06:11:03,017][INFO] agent_spawner: AgentSpawner initialized in MINECRAFT mode
[2026-01-10 06:11:03,018][INFO] packager: ✅ Found frontend at: /home/devlord/divine-world-core/dw_agent/electron/react-app
[2026-01-10 06:11:03,018][INFO] packager: ✅ Found mod jar: /home/devlord/divine-world-core/DivineWorld/build/libs/divineworld-1.0.0-all.jar
[2026-01-10 06:11:03,019][INFO] auto_packager: 📦 Packaging worker started
[2026-01-10 06:11:03,019][INFO] auto_packager: AutoPackaging system initialized (output: /home/devlord/divine-world-core/npc_applications)
[2026-01-10 06:11:03,019][INFO] auto_packager: Auto-packaging enabled
[2026-01-10 06:11:03,019][INFO] agent_spawner: AgentClientManager initialized with Minecraft support: /home/devlord/divine-world-core/DWClientBot/build/libs/DWClientBot.jar
[2026-01-10 06:11:03,019][INFO] agent_spawner: AgentSpawner initialized in MINECRAFT mode
[2026-01-10 06:11:03,615][WARNING] minecraft_launcher: ⚠️ UltimMC not found - install from https://github.com/UltimMC/Launcher
[2026-01-10 06:11:03,615][INFO] minecraft_launcher: ✅ DWClientBot found at: /home/devlord/divine-world-core/DWClientBot/build/libs/DWClientBot.jar
[2026-01-10 06:11:03,615][WARNING] minecraft_launcher: ⚠️ DivineWorld.jar not found
[2026-01-10 06:11:03,616][WARNING] agent_spawner: ⚠️ UltimMC not found - falling back to legacy client launch
[2026-01-10 06:11:03,616][INFO] auto_packager: ✅ UltimMC automation available
[2026-01-10 06:11:03,616][INFO] management_server: AgentProcessManager initialized
[2026-01-10 06:11:03,616][INFO] auto_connect: AutoConnect System initialized
[2026-01-10 06:11:03,616][INFO] auto_connect:   Agents Folder: npc_applications
[2026-01-10 06:11:03,616][INFO] auto_connect:   Server: 127.0.0.1:25565
[2026-01-10 06:11:03,618][INFO] auto_connect: ✅ Auto-connect system integrated with backend
[2026-01-10 06:11:03,916][INFO] root: Logging initialized at INFO level. Log file: data/logs/divine_world.log
[2026-01-10 06:11:15,960][INFO] management_server: Server folder set to: /home/devlord/DW_Server
[2026-01-10 06:11:15,962][INFO] agent_spawner: AgentClientManager initialized with Minecraft support: /home/devlord/divine-world-core/DWClientBot/build/libs/DWClientBot.jar
[2026-01-10 06:11:15,962][INFO] agent_spawner: AgentSpawner initialized in MINECRAFT mode
[2026-01-10 06:11:15,963][INFO] packager: ✅ Found frontend at: /home/devlord/divine-world-core/dw_agent/electron/react-app
[2026-01-10 06:11:15,964][INFO] packager: ✅ Found mod jar: /home/devlord/divine-world-core/DivineWorld/build/libs/divineworld-1.0.0-all.jar
[2026-01-10 06:11:15,964][INFO] auto_packager: 📦 Packaging worker started
[2026-01-10 06:11:15,964][INFO] auto_packager: AutoPackaging system initialized (output: /home/devlord/divine-world-core/npc_applications)
[2026-01-10 06:11:15,965][INFO] auto_packager: Auto-packaging enabled
[2026-01-10 06:11:15,965][INFO] agent_spawner: AgentClientManager initialized with Minecraft support: /home/devlord/divine-world-core/DWClientBot/build/libs/DWClientBot.jar
[2026-01-10 06:11:15,965][INFO] agent_spawner: AgentSpawner initialized in MINECRAFT mode
[2026-01-10 06:11:16,342][WARNING] minecraft_launcher: ⚠️ UltimMC not found - install from https://github.com/UltimMC/Launcher
[2026-01-10 06:11:16,342][INFO] minecraft_launcher: ✅ DWClientBot found at: /home/devlord/divine-world-core/DWClientBot/build/libs/DWClientBot.jar
[2026-01-10 06:11:16,342][WARNING] minecraft_launcher: ⚠️ DivineWorld.jar not found
[2026-01-10 06:11:16,342][WARNING] agent_spawner: ⚠️ UltimMC not found - falling back to legacy client launch
[2026-01-10 06:11:16,342][INFO] auto_packager: ✅ UltimMC automation available
[2026-01-10 06:11:16,342][INFO] management_server: AgentProcessManager initialized
[2026-01-10 06:11:16,343][INFO] auto_connect: AutoConnect System initialized
[2026-01-10 06:11:16,343][INFO] auto_connect:   Agents Folder: npc_applications
[2026-01-10 06:11:16,343][INFO] auto_connect:   Server: 127.0.0.1:25565
[2026-01-10 06:11:16,344][INFO] auto_connect: ✅ Auto-connect system integrated with backend
[2026-01-10 06:11:16,349][INFO] management_server: ======================================================================
[2026-01-10 06:11:16,349][INFO] management_server:   🎮 Divine World Management Server
[2026-01-10 06:11:16,349][INFO] management_server: ======================================================================
[2026-01-10 06:11:16,350][INFO] management_server:   Version: 3.0.0 (Endpoints Corrected + Server Integration)
[2026-01-10 06:11:16,350][INFO] management_server:   Role: Agent Management for Minecraft Mod
[2026-01-10 06:11:16,350][INFO] management_server:   Mod: Divine World 1.20.1
[2026-01-10 06:11:16,350][INFO] management_server:   Agent Runtime: Separate processes (agent.py)
[2026-01-10 06:11:16,350][INFO] management_server: ======================================================================
[2026-01-10 06:11:16,350][INFO] management_server:   CORRECTED ENDPOINTS:
[2026-01-10 06:11:16,350][INFO] management_server:     ✅ /api/player_event (DWEventHandler)
[2026-01-10 06:11:16,350][INFO] management_server:     ✅ /api/breeding/event (BreedingEventHandler)
[2026-01-10 06:11:16,350][INFO] management_server:     ✅ /api/genesis/spawn (DivineCommands)
[2026-01-10 06:11:16,351][INFO] management_server:     ✅ /api/divine_reset (DivineCommands)
[2026-01-10 06:11:16,351][INFO] management_server:     ✅ /api/agents/clear_memories (DivineCommands)
[2026-01-10 06:11:16,351][INFO] management_server:     ✅ /api/gods/spawn (DivineCommands)
[2026-01-10 06:11:16,351][INFO] management_server:     ✅ /api/gods/ability (DivineCommands)
[2026-01-10 06:11:16,351][INFO] management_server:     ✅ /api/gods/transform (DivineCommands)
[2026-01-10 06:11:16,351][INFO] management_server: ======================================================================
[2026-01-10 06:11:16,351][INFO] management_server:   SERVER INTEGRATION:
[2026-01-10 06:11:16,351][INFO] management_server:     📝 Auto-registers agents in usercache.json
[2026-01-10 06:11:16,351][INFO] management_server:     📝 Auto-registers agents in usernamecache.json
[2026-01-10 06:11:16,352][INFO] management_server:     🔄 UUID generation (Minecraft offline mode)
[2026-01-10 06:11:16,352][INFO] management_server:     🏷️  Naming: AI_<n> for NPCs, GOD_<type>_<n> for gods
[2026-01-10 06:11:16,352][INFO] management_server: ======================================================================
[2026-01-10 06:11:16,352][INFO] management_server: 
[2026-01-10 06:11:16,352][INFO] management_server: ⚠️  IMPORTANT: Configure server folder for agent registration!
[2026-01-10 06:11:16,352][INFO] management_server:    Use: POST /api/server/configure
[2026-01-10 06:11:16,352][INFO] management_server:    Body: {"server_folder": "/path/to/minecraft/server"}
[2026-01-10 06:11:16,352][INFO] management_server: 
[2026-01-10 06:11:16,352][INFO] management_server: ✅ Server started and ready for Minecraft mod connections
[2026-01-10 06:11:18,681][INFO] management_server: 🛑 Shutting down management server...
[2026-01-10 06:11:18,682][INFO] management_server: Stopping all agent processes...
[2026-01-10 06:11:18,682][INFO] management_server: All agents stopped
[2026-01-10 06:11:18,682][INFO] management_server: ✅ Shutdown complete
[2026-01-10 06:13:23,011][INFO] root: Logging initialized at INFO level. Log file: data/logs/divine_world.log
[2026-01-10 06:13:51,974][CRITICAL] root: ❌ Failed to initialize Minecraft server folder: Invalid Minecraft server folder: /home/devlordrd/DW_Server
[2026-01-10 06:13:58,477][INFO] root: Logging initialized at INFO level. Log file: data/logs/divine_world.log
[2026-01-10 06:14:14,903][INFO] management_server: Server folder set to: /home/devlord/DW_Server
[2026-01-10 06:14:14,904][INFO] agent_spawner: AgentClientManager initialized with Minecraft support: /home/devlord/divine-world-core/DWClientBot/build/libs/DWClientBot.jar
[2026-01-10 06:14:14,904][INFO] agent_spawner: AgentSpawner initialized in MINECRAFT mode
[2026-01-10 06:14:14,904][INFO] packager: ✅ Found frontend at: /home/devlord/divine-world-core/dw_agent/electron/react-app
[2026-01-10 06:14:14,905][INFO] packager: ✅ Found mod jar: /home/devlord/divine-world-core/DivineWorld/build/libs/divineworld-1.0.0-all.jar
[2026-01-10 06:14:14,905][INFO] auto_packager: 📦 Packaging worker started
[2026-01-10 06:14:14,905][INFO] auto_packager: AutoPackaging system initialized (output: /home/devlord/divine-world-core/npc_applications)
[2026-01-10 06:14:14,906][INFO] auto_packager: Auto-packaging enabled
[2026-01-10 06:14:14,906][INFO] agent_spawner: AgentClientManager initialized with Minecraft support: /home/devlord/divine-world-core/DWClientBot/build/libs/DWClientBot.jar
[2026-01-10 06:14:14,906][INFO] agent_spawner: AgentSpawner initialized in MINECRAFT mode
[2026-01-10 06:14:15,280][WARNING] minecraft_launcher: ⚠️ UltimMC not found - install from https://github.com/UltimMC/Launcher
[2026-01-10 06:14:15,280][INFO] minecraft_launcher: ✅ DWClientBot found at: /home/devlord/divine-world-core/DWClientBot/build/libs/DWClientBot.jar
[2026-01-10 06:14:15,280][WARNING] minecraft_launcher: ⚠️ DivineWorld.jar not found
[2026-01-10 06:14:15,281][WARNING] agent_spawner: ⚠️ UltimMC not found - falling back to legacy client launch
[2026-01-10 06:14:15,281][INFO] auto_packager: ✅ UltimMC automation available
[2026-01-10 06:14:15,281][INFO] management_server: AgentProcessManager initialized
[2026-01-10 06:14:15,281][INFO] auto_connect: AutoConnect System initialized
[2026-01-10 06:14:15,281][INFO] auto_connect:   Agents Folder: npc_applications
[2026-01-10 06:14:15,281][INFO] auto_connect:   Server: 127.0.0.1:25565
[2026-01-10 06:14:15,283][INFO] auto_connect: ✅ Auto-connect system integrated with backend
[2026-01-10 06:14:15,371][INFO] root: Logging initialized at INFO level. Log file: data/logs/divine_world.log
[2026-01-10 06:14:33,063][INFO] management_server: Server folder set to: /home/devlord/DW_Server
[2026-01-10 06:14:33,063][INFO] agent_spawner: AgentClientManager initialized with Minecraft support: /home/devlord/divine-world-core/DWClientBot/build/libs/DWClientBot.jar
[2026-01-10 06:14:33,063][INFO] agent_spawner: AgentSpawner initialized in MINECRAFT mode
[2026-01-10 06:14:33,064][INFO] packager: ✅ Found frontend at: /home/devlord/divine-world-core/dw_agent/electron/react-app
[2026-01-10 06:14:33,064][INFO] packager: ✅ Found mod jar: /home/devlord/divine-world-core/DivineWorld/build/libs/divineworld-1.0.0-all.jar
[2026-01-10 06:14:33,065][INFO] auto_packager: 📦 Packaging worker started
[2026-01-10 06:14:33,065][INFO] auto_packager: AutoPackaging system initialized (output: /home/devlord/divine-world-core/npc_applications)
[2026-01-10 06:14:33,065][INFO] auto_packager: Auto-packaging enabled
[2026-01-10 06:14:33,065][INFO] agent_spawner: AgentClientManager initialized with Minecraft support: /home/devlord/divine-world-core/DWClientBot/build/libs/DWClientBot.jar
[2026-01-10 06:14:33,065][INFO] agent_spawner: AgentSpawner initialized in MINECRAFT mode
[2026-01-10 06:14:33,408][WARNING] minecraft_launcher: ⚠️ UltimMC not found - install from https://github.com/UltimMC/Launcher
[2026-01-10 06:14:33,408][INFO] minecraft_launcher: ✅ DWClientBot found at: /home/devlord/divine-world-core/DWClientBot/build/libs/DWClientBot.jar
[2026-01-10 06:14:33,408][WARNING] minecraft_launcher: ⚠️ DivineWorld.jar not found
[2026-01-10 06:14:33,409][WARNING] agent_spawner: ⚠️ UltimMC not found - falling back to legacy client launch
[2026-01-10 06:14:33,409][INFO] auto_packager: ✅ UltimMC automation available
[2026-01-10 06:14:33,409][INFO] management_server: AgentProcessManager initialized
[2026-01-10 06:14:33,409][INFO] auto_connect: AutoConnect System initialized
[2026-01-10 06:14:33,409][INFO] auto_connect:   Agents Folder: npc_applications
[2026-01-10 06:14:33,409][INFO] auto_connect:   Server: 127.0.0.1:25565
[2026-01-10 06:14:33,410][INFO] auto_connect: ✅ Auto-connect system integrated with backend
[2026-01-10 06:14:33,415][INFO] management_server: ======================================================================
[2026-01-10 06:14:33,416][INFO] management_server:   🎮 Divine World Management Server
[2026-01-10 06:14:33,416][INFO] management_server: ======================================================================
[2026-01-10 06:14:33,416][INFO] management_server:   Version: 3.0.0 (Endpoints Corrected + Server Integration)
[2026-01-10 06:14:33,416][INFO] management_server:   Role: Agent Management for Minecraft Mod
[2026-01-10 06:14:33,416][INFO] management_server:   Mod: Divine World 1.20.1
[2026-01-10 06:14:33,416][INFO] management_server:   Agent Runtime: Separate processes (agent.py)
[2026-01-10 06:14:33,416][INFO] management_server: ======================================================================
[2026-01-10 06:14:33,416][INFO] management_server:   CORRECTED ENDPOINTS:
[2026-01-10 06:14:33,416][INFO] management_server:     ✅ /api/player_event (DWEventHandler)
[2026-01-10 06:14:33,416][INFO] management_server:     ✅ /api/breeding/event (BreedingEventHandler)
[2026-01-10 06:14:33,417][INFO] management_server:     ✅ /api/genesis/spawn (DivineCommands)
[2026-01-10 06:14:33,417][INFO] management_server:     ✅ /api/divine_reset (DivineCommands)
[2026-01-10 06:14:33,417][INFO] management_server:     ✅ /api/agents/clear_memories (DivineCommands)
[2026-01-10 06:14:33,417][INFO] management_server:     ✅ /api/gods/spawn (DivineCommands)
[2026-01-10 06:14:33,417][INFO] management_server:     ✅ /api/gods/ability (DivineCommands)
[2026-01-10 06:14:33,417][INFO] management_server:     ✅ /api/gods/transform (DivineCommands)
[2026-01-10 06:14:33,417][INFO] management_server: ======================================================================
[2026-01-10 06:14:33,417][INFO] management_server:   SERVER INTEGRATION:
[2026-01-10 06:14:33,417][INFO] management_server:     📝 Auto-registers agents in usercache.json
[2026-01-10 06:14:33,418][INFO] management_server:     📝 Auto-registers agents in usernamecache.json
[2026-01-10 06:14:33,418][INFO] management_server:     🔄 UUID generation (Minecraft offline mode)
[2026-01-10 06:14:33,418][INFO] management_server:     🏷️  Naming: AI_<n> for NPCs, GOD_<type>_<n> for gods
[2026-01-10 06:14:33,418][INFO] management_server: ======================================================================
[2026-01-10 06:14:33,418][INFO] management_server: 
[2026-01-10 06:14:33,418][INFO] management_server: ⚠️  IMPORTANT: Configure server folder for agent registration!
[2026-01-10 06:14:33,418][INFO] management_server:    Use: POST /api/server/configure
[2026-01-10 06:14:33,418][INFO] management_server:    Body: {"server_folder": "/path/to/minecraft/server"}
[2026-01-10 06:14:33,418][INFO] management_server: 
[2026-01-10 06:14:33,418][INFO] management_server: ✅ Server started and ready for Minecraft mod connections
[2026-01-10 06:28:44,797][INFO] management_server: 🛑 Shutting down management server...
[2026-01-10 06:28:44,797][INFO] management_server: Stopping all agent processes...
[2026-01-10 06:28:44,797][INFO] management_server: All agents stopped
[2026-01-10 06:28:44,798][INFO] management_server: ✅ Shutdown complete
[2026-01-10 06:28:48,206][INFO] root: Logging initialized at INFO level. Log file: data/logs/divine_world.log
[2026-01-10 06:32:39,565][INFO] root: Logging initialized at INFO level. Log file: data/logs/divine_world.log
[2026-01-10 07:18:05,842][INFO] root: Logging initialized at INFO level. Log file: data/logs/divine_world.log
[2026-01-10 07:18:05,869][CRITICAL] root: ❌ Failed to initialize Minecraft server folder: unsupported operand type(s) for /: 'NoneType' and 'str'
[2026-01-10 07:18:37,103][INFO] root: Logging initialized at INFO level. Log file: data/logs/divine_world.log
[2026-01-10 07:18:37,104][CRITICAL] root: ❌ Failed to initialize Minecraft server folder: MinecraftServerIntegration.get_server_folder() missing 1 required positional argument: 'folder'
[2026-01-10 07:19:36,984][INFO] root: Logging initialized at INFO level. Log file: data/logs/divine_world.log
[2026-01-10 07:19:36,985][CRITICAL] root: ❌ Failed to initialize Minecraft server folder: unsupported operand type(s) for /: 'NoneType' and 'str'
[2026-01-10 07:20:01,574][INFO] root: Logging initialized at INFO level. Log file: data/logs/divine_world.log
[2026-01-10 07:20:01,575][CRITICAL] root: ❌ Failed to initialize Minecraft server folder: unsupported operand type(s) for /: 'NoneType' and 'str'
[2026-01-10 07:22:17,080][INFO] root: Logging initialized at INFO level. Log file: data/logs/divine_world.log
[2026-01-10 07:22:17,080][CRITICAL] root: ❌ Failed to initialize Minecraft server folder: MinecraftServerIntegration.get_server_folder() missing 1 required positional argument: 'folder'
[2026-01-10 07:24:02,816][INFO] root: Logging initialized at INFO level. Log file: data/logs/divine_world.log
[2026-01-10 07:24:02,816][INFO] management_server: Server folder set to: /home/devlord/DW_Server
[2026-01-10 07:24:02,817][INFO] agent_spawner: AgentClientManager initialized with Minecraft support: /home/devlord/divine-world-core/DWClientBot/build/libs/DWClientBot.jar
[2026-01-10 07:24:02,817][INFO] agent_spawner: AgentSpawner initialized in MINECRAFT mode
[2026-01-10 07:24:02,817][INFO] packager: ✅ Found frontend at: /home/devlord/divine-world-core/dw_agent/electron/react-app
[2026-01-10 07:24:02,818][INFO] packager: ✅ Found mod jar: /home/devlord/divine-world-core/DivineWorld/build/libs/divineworld-1.0.0-all.jar
[2026-01-10 07:24:02,818][INFO] auto_packager: 📦 Packaging worker started
[2026-01-10 07:24:02,818][INFO] auto_packager: AutoPackaging system initialized (output: /home/devlord/divine-world-core/npc_applications)
[2026-01-10 07:24:02,819][INFO] auto_packager: Auto-packaging enabled
[2026-01-10 07:24:02,819][INFO] agent_spawner: AgentClientManager initialized with Minecraft support: /home/devlord/divine-world-core/DWClientBot/build/libs/DWClientBot.jar
[2026-01-10 07:24:02,819][INFO] agent_spawner: AgentSpawner initialized in MINECRAFT mode
[2026-01-10 07:24:03,223][WARNING] minecraft_launcher: ⚠️ UltimMC not found - install from https://github.com/UltimMC/Launcher
[2026-01-10 07:24:03,223][INFO] minecraft_launcher: ✅ DWClientBot found at: /home/devlord/divine-world-core/DWClientBot/build/libs/DWClientBot.jar
[2026-01-10 07:24:03,223][WARNING] minecraft_launcher: ⚠️ DivineWorld.jar not found
[2026-01-10 07:24:03,238][WARNING] agent_spawner: ⚠️ UltimMC not found - falling back to legacy client launch
[2026-01-10 07:24:03,239][INFO] auto_packager: ✅ UltimMC automation available
[2026-01-10 07:24:03,239][INFO] management_server: AgentProcessManager initialized
[2026-01-10 07:24:03,239][INFO] auto_connect: AutoConnect System initialized
[2026-01-10 07:24:03,239][INFO] auto_connect:   Agents Folder: npc_applications
[2026-01-10 07:24:03,239][INFO] auto_connect:   Server: 127.0.0.1:25565
[2026-01-10 07:24:03,241][INFO] auto_connect: ✅ Auto-connect system integrated with backend
[2026-01-10 07:24:03,722][INFO] root: Logging initialized at INFO level. Log file: data/logs/divine_world.log
[2026-01-10 07:24:03,723][INFO] management_server: Server folder set to: /home/devlord/DW_Server
[2026-01-10 07:24:03,723][INFO] agent_spawner: AgentClientManager initialized with Minecraft support: /home/devlord/divine-world-core/DWClientBot/build/libs/DWClientBot.jar
[2026-01-10 07:24:03,723][INFO] agent_spawner: AgentSpawner initialized in MINECRAFT mode
[2026-01-10 07:24:03,724][INFO] packager: ✅ Found frontend at: /home/devlord/divine-world-core/dw_agent/electron/react-app
[2026-01-10 07:24:03,724][INFO] packager: ✅ Found mod jar: /home/devlord/divine-world-core/DivineWorld/build/libs/divineworld-1.0.0-all.jar
[2026-01-10 07:24:03,725][INFO] auto_packager: 📦 Packaging worker started
[2026-01-10 07:24:03,725][INFO] auto_packager: AutoPackaging system initialized (output: /home/devlord/divine-world-core/npc_applications)
[2026-01-10 07:24:03,725][INFO] auto_packager: Auto-packaging enabled
[2026-01-10 07:24:03,726][INFO] agent_spawner: AgentClientManager initialized with Minecraft support: /home/devlord/divine-world-core/DWClientBot/build/libs/DWClientBot.jar
[2026-01-10 07:24:03,726][INFO] agent_spawner: AgentSpawner initialized in MINECRAFT mode
[2026-01-10 07:24:04,080][WARNING] minecraft_launcher: ⚠️ UltimMC not found - install from https://github.com/UltimMC/Launcher
[2026-01-10 07:24:04,080][INFO] minecraft_launcher: ✅ DWClientBot found at: /home/devlord/divine-world-core/DWClientBot/build/libs/DWClientBot.jar
[2026-01-10 07:24:04,080][WARNING] minecraft_launcher: ⚠️ DivineWorld.jar not found
[2026-01-10 07:24:04,080][WARNING] agent_spawner: ⚠️ UltimMC not found - falling back to legacy client launch
[2026-01-10 07:24:04,080][INFO] auto_packager: ✅ UltimMC automation available
[2026-01-10 07:24:04,081][INFO] management_server: AgentProcessManager initialized
[2026-01-10 07:24:04,081][INFO] auto_connect: AutoConnect System initialized
[2026-01-10 07:24:04,081][INFO] auto_connect:   Agents Folder: npc_applications
[2026-01-10 07:24:04,081][INFO] auto_connect:   Server: 127.0.0.1:25565
[2026-01-10 07:24:04,082][INFO] auto_connect: ✅ Auto-connect system integrated with backend
[2026-01-10 07:24:04,088][INFO] management_server: ======================================================================
[2026-01-10 07:24:04,088][INFO] management_server:   🎮 Divine World Management Server
[2026-01-10 07:24:04,088][INFO] management_server: ======================================================================
[2026-01-10 07:24:04,088][INFO] management_server:   Version: 3.0.0 (Endpoints Corrected + Server Integration)
[2026-01-10 07:24:04,088][INFO] management_server:   Role: Agent Management for Minecraft Mod
[2026-01-10 07:24:04,089][INFO] management_server:   Mod: Divine World 1.20.1
[2026-01-10 07:24:04,089][INFO] management_server:   Agent Runtime: Separate processes (agent.py)
[2026-01-10 07:24:04,089][INFO] management_server: ======================================================================
[2026-01-10 07:24:04,089][INFO] management_server:   CORRECTED ENDPOINTS:
[2026-01-10 07:24:04,089][INFO] management_server:     ✅ /api/player_event (DWEventHandler)
[2026-01-10 07:24:04,089][INFO] management_server:     ✅ /api/breeding/event (BreedingEventHandler)
[2026-01-10 07:24:04,089][INFO] management_server:     ✅ /api/genesis/spawn (DivineCommands)
[2026-01-10 07:24:04,089][INFO] management_server:     ✅ /api/divine_reset (DivineCommands)
[2026-01-10 07:24:04,089][INFO] management_server:     ✅ /api/agents/clear_memories (DivineCommands)
[2026-01-10 07:24:04,089][INFO] management_server:     ✅ /api/gods/spawn (DivineCommands)
[2026-01-10 07:24:04,089][INFO] management_server:     ✅ /api/gods/ability (DivineCommands)
[2026-01-10 07:24:04,090][INFO] management_server:     ✅ /api/gods/transform (DivineCommands)
[2026-01-10 07:24:04,090][INFO] management_server: ======================================================================
[2026-01-10 07:24:04,090][INFO] management_server:   SERVER INTEGRATION:
[2026-01-10 07:24:04,090][INFO] management_server:     📝 Auto-registers agents in usercache.json
[2026-01-10 07:24:04,090][INFO] management_server:     📝 Auto-registers agents in usernamecache.json
[2026-01-10 07:24:04,090][INFO] management_server:     🔄 UUID generation (Minecraft offline mode)
[2026-01-10 07:24:04,090][INFO] management_server:     🏷️  Naming: AI_<n> for NPCs, GOD_<type>_<n> for gods
[2026-01-10 07:24:04,090][INFO] management_server: ======================================================================
[2026-01-10 07:24:04,090][INFO] management_server: 
[2026-01-10 07:24:04,090][INFO] management_server: ⚠️  IMPORTANT: Configure server folder for agent registration!
[2026-01-10 07:24:04,090][INFO] management_server:    Use: POST /api/server/configure
[2026-01-10 07:24:04,091][INFO] management_server:    Body: {"server_folder": "/path/to/minecraft/server"}
[2026-01-10 07:24:04,091][INFO] management_server: 
[2026-01-10 07:24:04,091][INFO] management_server: ✅ Server started and ready for Minecraft mod connections
[2026-01-10 07:24:22,153][INFO] management_server: 🛑 Shutting down management server...
[2026-01-10 07:24:22,154][INFO] management_server: Stopping all agent processes...
[2026-01-10 07:24:22,154][INFO] management_server: All agents stopped
[2026-01-10 07:24:22,154][INFO] management_server: ✅ Shutdown complete
[2026-01-10 07:24:37,593][INFO] root: Logging initialized at INFO level. Log file: data/logs/divine_world.log
[2026-01-10 07:24:37,593][INFO] management_server: Server folder set to: /home/devlord/DW_Server
[2026-01-10 07:24:37,594][INFO] agent_spawner: AgentClientManager initialized with Minecraft support: /home/devlord/divine-world-core/DWClientBot/build/libs/DWClientBot.jar
[2026-01-10 07:24:37,594][INFO] agent_spawner: AgentSpawner initialized in MINECRAFT mode
[2026-01-10 07:24:37,595][INFO] packager: ✅ Found frontend at: /home/devlord/divine-world-core/dw_agent/electron/react-app
[2026-01-10 07:24:37,595][INFO] packager: ✅ Found mod jar: /home/devlord/divine-world-core/DivineWorld/build/libs/divineworld-1.0.0-all.jar
[2026-01-10 07:24:37,595][INFO] auto_packager: 📦 Packaging worker started
[2026-01-10 07:24:37,596][INFO] auto_packager: AutoPackaging system initialized (output: /home/devlord/divine-world-core/npc_applications)
[2026-01-10 07:24:37,596][INFO] auto_packager: Auto-packaging enabled
[2026-01-10 07:24:37,596][INFO] agent_spawner: AgentClientManager initialized with Minecraft support: /home/devlord/divine-world-core/DWClientBot/build/libs/DWClientBot.jar
[2026-01-10 07:24:37,596][INFO] agent_spawner: AgentSpawner initialized in MINECRAFT mode
[2026-01-10 07:24:37,950][WARNING] minecraft_launcher: ⚠️ UltimMC not found - install from https://github.com/UltimMC/Launcher
[2026-01-10 07:24:37,950][INFO] minecraft_launcher: ✅ DWClientBot found at: /home/devlord/divine-world-core/DWClientBot/build/libs/DWClientBot.jar
[2026-01-10 07:24:37,950][WARNING] minecraft_launcher: ⚠️ DivineWorld.jar not found
[2026-01-10 07:24:37,950][WARNING] agent_spawner: ⚠️ UltimMC not found - falling back to legacy client launch
[2026-01-10 07:24:37,950][INFO] auto_packager: ✅ UltimMC automation available
[2026-01-10 07:24:37,950][INFO] management_server: AgentProcessManager initialized
[2026-01-10 07:24:37,950][INFO] auto_connect: AutoConnect System initialized
[2026-01-10 07:24:37,951][INFO] auto_connect:   Agents Folder: npc_applications
[2026-01-10 07:24:37,951][INFO] auto_connect:   Server: 127.0.0.1:25565
[2026-01-10 07:24:37,952][INFO] auto_connect: ✅ Auto-connect system integrated with backend
[2026-01-10 07:24:38,033][INFO] root: Logging initialized at INFO level. Log file: data/logs/divine_world.log
[2026-01-10 07:24:38,033][INFO] management_server: Server folder set to: /home/devlord/DW_Server
[2026-01-10 07:24:38,033][INFO] agent_spawner: AgentClientManager initialized with Minecraft support: /home/devlord/divine-world-core/DWClientBot/build/libs/DWClientBot.jar
[2026-01-10 07:24:38,034][INFO] agent_spawner: AgentSpawner initialized in MINECRAFT mode
[2026-01-10 07:24:38,034][INFO] packager: ✅ Found frontend at: /home/devlord/divine-world-core/dw_agent/electron/react-app
[2026-01-10 07:24:38,034][INFO] packager: ✅ Found mod jar: /home/devlord/divine-world-core/DivineWorld/build/libs/divineworld-1.0.0-all.jar
[2026-01-10 07:24:38,035][INFO] auto_packager: 📦 Packaging worker started
[2026-01-10 07:24:38,035][INFO] auto_packager: AutoPackaging system initialized (output: /home/devlord/divine-world-core/npc_applications)
[2026-01-10 07:24:38,035][INFO] auto_packager: Auto-packaging enabled
[2026-01-10 07:24:38,035][INFO] agent_spawner: AgentClientManager initialized with Minecraft support: /home/devlord/divine-world-core/DWClientBot/build/libs/DWClientBot.jar
[2026-01-10 07:24:38,035][INFO] agent_spawner: AgentSpawner initialized in MINECRAFT mode
[2026-01-10 07:24:38,402][WARNING] minecraft_launcher: ⚠️ UltimMC not found - install from https://github.com/UltimMC/Launcher
[2026-01-10 07:24:38,403][INFO] minecraft_launcher: ✅ DWClientBot found at: /home/devlord/divine-world-core/DWClientBot/build/libs/DWClientBot.jar
[2026-01-10 07:24:38,403][WARNING] minecraft_launcher: ⚠️ DivineWorld.jar not found
[2026-01-10 07:24:38,403][WARNING] agent_spawner: ⚠️ UltimMC not found - falling back to legacy client launch
[2026-01-10 07:24:38,403][INFO] auto_packager: ✅ UltimMC automation available
[2026-01-10 07:24:38,403][INFO] management_server: AgentProcessManager initialized
[2026-01-10 07:24:38,403][INFO] auto_connect: AutoConnect System initialized
[2026-01-10 07:24:38,403][INFO] auto_connect:   Agents Folder: npc_applications
[2026-01-10 07:24:38,403][INFO] auto_connect:   Server: 127.0.0.1:25565
[2026-01-10 07:24:38,405][INFO] auto_connect: ✅ Auto-connect system integrated with backend
[2026-01-10 07:24:38,410][INFO] management_server: ======================================================================
[2026-01-10 07:24:38,410][INFO] management_server:   🎮 Divine World Management Server
[2026-01-10 07:24:38,410][INFO] management_server: ======================================================================
[2026-01-10 07:24:38,410][INFO] management_server:   Version: 3.0.0 (Endpoints Corrected + Server Integration)
[2026-01-10 07:24:38,410][INFO] management_server:   Role: Agent Management for Minecraft Mod
[2026-01-10 07:24:38,410][INFO] management_server:   Mod: Divine World 1.20.1
[2026-01-10 07:24:38,411][INFO] management_server:   Agent Runtime: Separate processes (agent.py)
[2026-01-10 07:24:38,411][INFO] management_server: ======================================================================
[2026-01-10 07:24:38,411][INFO] management_server:   CORRECTED ENDPOINTS:
[2026-01-10 07:24:38,411][INFO] management_server:     ✅ /api/player_event (DWEventHandler)
[2026-01-10 07:24:38,411][INFO] management_server:     ✅ /api/breeding/event (BreedingEventHandler)
[2026-01-10 07:24:38,411][INFO] management_server:     ✅ /api/genesis/spawn (DivineCommands)
[2026-01-10 07:24:38,411][INFO] management_server:     ✅ /api/divine_reset (DivineCommands)
[2026-01-10 07:24:38,411][INFO] management_server:     ✅ /api/agents/clear_memories (DivineCommands)
[2026-01-10 07:24:38,411][INFO] management_server:     ✅ /api/gods/spawn (DivineCommands)
[2026-01-10 07:24:38,411][INFO] management_server:     ✅ /api/gods/ability (DivineCommands)
[2026-01-10 07:24:38,412][INFO] management_server:     ✅ /api/gods/transform (DivineCommands)
[2026-01-10 07:24:38,412][INFO] management_server: ======================================================================
[2026-01-10 07:24:38,412][INFO] management_server:   SERVER INTEGRATION:
[2026-01-10 07:24:38,412][INFO] management_server:     📝 Auto-registers agents in usercache.json
[2026-01-10 07:24:38,412][INFO] management_server:     📝 Auto-registers agents in usernamecache.json
[2026-01-10 07:24:38,412][INFO] management_server:     🔄 UUID generation (Minecraft offline mode)
[2026-01-10 07:24:38,412][INFO] management_server:     🏷️  Naming: AI_<n> for NPCs, GOD_<type>_<n> for gods
[2026-01-10 07:24:38,412][INFO] management_server: ======================================================================
[2026-01-10 07:24:38,412][INFO] management_server: 
[2026-01-10 07:24:38,412][INFO] management_server: ⚠️  IMPORTANT: Configure server folder for agent registration!
[2026-01-10 07:24:38,413][INFO] management_server:    Use: POST /api/server/configure
[2026-01-10 07:24:38,413][INFO] management_server:    Body: {"server_folder": "/path/to/minecraft/server"}
[2026-01-10 07:24:38,413][INFO] management_server: 
[2026-01-10 07:24:38,413][INFO] management_server: ✅ Server started and ready for Minecraft mod connections
[2026-01-10 07:25:20,320][INFO] management_server: 🛑 Shutting down management server...
[2026-01-10 07:25:20,321][INFO] management_server: Stopping all agent processes...
[2026-01-10 07:25:20,321][INFO] management_server: All agents stopped
[2026-01-10 07:25:20,321][INFO] management_server: ✅ Shutdown complete
[2026-01-10 07:33:24,788][INFO] root: Logging initialized at INFO level. Log file: data/logs/divine_world.log
[2026-01-10 07:33:24,855][INFO] management_server: Server folder set to: /home/devlord/DW_Server
[2026-01-10 07:33:24,856][INFO] agent_spawner: AgentClientManager initialized with Minecraft support: /home/devlord/divine-world-core/DWClientBot/build/libs/DWClientBot.jar
[2026-01-10 07:33:24,856][INFO] agent_spawner: AgentSpawner initialized in MINECRAFT mode
[2026-01-10 07:33:24,856][INFO] packager: ✅ Found frontend at: /home/devlord/divine-world-core/dw_agent/electron/react-app
[2026-01-10 07:33:24,857][INFO] packager: ✅ Found mod jar: /home/devlord/divine-world-core/DivineWorld/build/libs/divineworld-1.0.0-all.jar
[2026-01-10 07:33:24,857][INFO] auto_packager: 📦 Packaging worker started
[2026-01-10 07:33:24,858][INFO] auto_packager: AutoPackaging system initialized (output: /home/devlord/divine-world-core/npc_applications)
[2026-01-10 07:33:24,858][INFO] auto_packager: Auto-packaging enabled
[2026-01-10 07:33:24,858][INFO] agent_spawner: AgentClientManager initialized with Minecraft support: /home/devlord/divine-world-core/DWClientBot/build/libs/DWClientBot.jar
[2026-01-10 07:33:24,858][INFO] agent_spawner: AgentSpawner initialized in MINECRAFT mode
[2026-01-10 07:33:25,405][WARNING] minecraft_launcher: ⚠️ UltimMC not found - install from https://github.com/UltimMC/Launcher
[2026-01-10 07:33:25,405][INFO] minecraft_launcher: ✅ DWClientBot found at: /home/devlord/divine-world-core/DWClientBot/build/libs/DWClientBot.jar
[2026-01-10 07:33:25,405][WARNING] minecraft_launcher: ⚠️ DivineWorld.jar not found
[2026-01-10 07:33:25,438][WARNING] agent_spawner: ⚠️ UltimMC not found - falling back to legacy client launch
[2026-01-10 07:33:25,438][INFO] auto_packager: ✅ UltimMC automation available
[2026-01-10 07:33:25,438][INFO] management_server: AgentProcessManager initialized
[2026-01-10 07:33:25,438][INFO] auto_connect: AutoConnect System initialized
[2026-01-10 07:33:25,439][INFO] auto_connect:   Agents Folder: npc_applications
[2026-01-10 07:33:25,439][INFO] auto_connect:   Server: 127.0.0.1:25565
[2026-01-10 07:33:25,441][INFO] auto_connect: ✅ Auto-connect system integrated with backend
[2026-01-10 07:33:25,892][INFO] root: Logging initialized at INFO level. Log file: data/logs/divine_world.log
[2026-01-10 07:33:25,892][INFO] management_server: Server folder set to: /home/devlord/DW_Server
[2026-01-10 07:33:25,893][INFO] agent_spawner: AgentClientManager initialized with Minecraft support: /home/devlord/divine-world-core/DWClientBot/build/libs/DWClientBot.jar
[2026-01-10 07:33:25,893][INFO] agent_spawner: AgentSpawner initialized in MINECRAFT mode
[2026-01-10 07:33:25,894][INFO] packager: ✅ Found frontend at: /home/devlord/divine-world-core/dw_agent/electron/react-app
[2026-01-10 07:33:25,894][INFO] packager: ✅ Found mod jar: /home/devlord/divine-world-core/DivineWorld/build/libs/divineworld-1.0.0-all.jar
[2026-01-10 07:33:25,894][INFO] auto_packager: 📦 Packaging worker started
[2026-01-10 07:33:25,894][INFO] auto_packager: AutoPackaging system initialized (output: /home/devlord/divine-world-core/npc_applications)
[2026-01-10 07:33:25,894][INFO] auto_packager: Auto-packaging enabled
[2026-01-10 07:33:25,895][INFO] agent_spawner: AgentClientManager initialized with Minecraft support: /home/devlord/divine-world-core/DWClientBot/build/libs/DWClientBot.jar
[2026-01-10 07:33:25,895][INFO] agent_spawner: AgentSpawner initialized in MINECRAFT mode
[2026-01-10 07:33:26,294][WARNING] minecraft_launcher: ⚠️ UltimMC not found - install from https://github.com/UltimMC/Launcher
[2026-01-10 07:33:26,294][INFO] minecraft_launcher: ✅ DWClientBot found at: /home/devlord/divine-world-core/DWClientBot/build/libs/DWClientBot.jar
[2026-01-10 07:33:26,294][WARNING] minecraft_launcher: ⚠️ DivineWorld.jar not found
[2026-01-10 07:33:26,294][WARNING] agent_spawner: ⚠️ UltimMC not found - falling back to legacy client launch
[2026-01-10 07:33:26,295][INFO] auto_packager: ✅ UltimMC automation available
[2026-01-10 07:33:26,295][INFO] management_server: AgentProcessManager initialized
[2026-01-10 07:33:26,295][INFO] auto_connect: AutoConnect System initialized
[2026-01-10 07:33:26,295][INFO] auto_connect:   Agents Folder: npc_applications
[2026-01-10 07:33:26,295][INFO] auto_connect:   Server: 127.0.0.1:25565
[2026-01-10 07:33:26,296][INFO] auto_connect: ✅ Auto-connect system integrated with backend
[2026-01-10 07:33:26,301][INFO] management_server: ======================================================================
[2026-01-10 07:33:26,301][INFO] management_server:   🎮 Divine World Management Server
[2026-01-10 07:33:26,301][INFO] management_server: ======================================================================
[2026-01-10 07:33:26,301][INFO] management_server:   Version: 3.0.0 (Endpoints Corrected + Server Integration)
[2026-01-10 07:33:26,302][INFO] management_server:   Role: Agent Management for Minecraft Mod
[2026-01-10 07:33:26,302][INFO] management_server:   Mod: Divine World 1.20.1
[2026-01-10 07:33:26,302][INFO] management_server:   Agent Runtime: Separate processes (agent.py)
[2026-01-10 07:33:26,302][INFO] management_server: ======================================================================
[2026-01-10 07:33:26,302][INFO] management_server:   CORRECTED ENDPOINTS:
[2026-01-10 07:33:26,302][INFO] management_server:     ✅ /api/player_event (DWEventHandler)
[2026-01-10 07:33:26,302][INFO] management_server:     ✅ /api/breeding/event (BreedingEventHandler)
[2026-01-10 07:33:26,302][INFO] management_server:     ✅ /api/genesis/spawn (DivineCommands)
[2026-01-10 07:33:26,302][INFO] management_server:     ✅ /api/divine_reset (DivineCommands)
[2026-01-10 07:33:26,302][INFO] management_server:     ✅ /api/agents/clear_memories (DivineCommands)
[2026-01-10 07:33:26,302][INFO] management_server:     ✅ /api/gods/spawn (DivineCommands)
[2026-01-10 07:33:26,303][INFO] management_server:     ✅ /api/gods/ability (DivineCommands)
[2026-01-10 07:33:26,303][INFO] management_server:     ✅ /api/gods/transform (DivineCommands)
[2026-01-10 07:33:26,303][INFO] management_server: ======================================================================
[2026-01-10 07:33:26,303][INFO] management_server:   SERVER INTEGRATION:
[2026-01-10 07:33:26,303][INFO] management_server:     📝 Auto-registers agents in usercache.json
[2026-01-10 07:33:26,303][INFO] management_server:     📝 Auto-registers agents in usernamecache.json
[2026-01-10 07:33:26,303][INFO] management_server:     🔄 UUID generation (Minecraft offline mode)
[2026-01-10 07:33:26,303][INFO] management_server:     🏷️  Naming: AI_<n> for NPCs, GOD_<type>_<n> for gods
[2026-01-10 07:33:26,303][INFO] management_server: ======================================================================
[2026-01-10 07:33:26,303][INFO] management_server: 
[2026-01-10 07:33:26,304][INFO] management_server: ⚠️  IMPORTANT: Configure server folder for agent registration!
[2026-01-10 07:33:26,304][INFO] management_server:    Use: POST /api/server/configure
[2026-01-10 07:33:26,304][INFO] management_server:    Body: {"server_folder": "/path/to/minecraft/server"}
[2026-01-10 07:33:26,304][INFO] management_server: 
[2026-01-10 07:33:26,304][INFO] management_server: ✅ Server started and ready for Minecraft mod connections
[2026-01-10 07:37:38,950][ERROR] management_server: God spawn error: Expecting value: line 1 column 1 (char 0)
[2026-01-10 07:38:12,420][ERROR] management_server: Genesis spawn error: Expecting value: line 1 column 1 (char 0)
[2026-01-10 07:38:30,607][ERROR] management_server: Genesis spawn error: Expecting value: line 1 column 1 (char 0)
[2026-01-10 07:40:02,243][INFO] management_server: 🛑 Shutting down management server...
[2026-01-10 07:40:02,243][INFO] management_server: Stopping all agent processes...
[2026-01-10 07:40:02,243][INFO] management_server: All agents stopped
[2026-01-10 07:40:02,244][INFO] management_server: ✅ Shutdown complete
