[2025-12-16 15:28:36,816][INFO] root: Logging initialized at INFO level. Log file: data/logs/divine_world.log
[2025-12-16 15:28:36,825][INFO] frontend_builder: Using npm at: /usr/bin/npm
[2025-12-16 15:28:36,972][WARNING] agent_spawner: Client jar not found: DWClientBot.jar (chat-only mode)
[2025-12-16 15:28:36,972][INFO] agent_spawner: AgentSpawner initialized in CHAT-ONLY mode
[2025-12-16 15:28:36,973][INFO] packager: ✅ Found frontend at: /home/devlord/divine-world-core/dw_agent/electron/react-app
[2025-12-16 15:28:36,973][INFO] auto_packager: 📦 Packaging worker started
[2025-12-16 15:28:36,974][INFO] auto_packager: AutoPackaging system initialized (output: /home/devlord/divine-world-core/npc_applications)
[2025-12-16 15:28:36,974][INFO] auto_packager: Auto-packaging enabled
[2025-12-16 15:28:36,974][INFO] dw_backend: Enhanced Agent Manager initialized with binary protocol
[2025-12-16 15:28:42,005][WARNING] dw_backend: S3 client initialization failed: Could not connect to the endpoint URL: "http://127.0.0.1:9000/divine-world"
[2025-12-16 15:28:42,104][INFO] root: Logging initialized at INFO level. Log file: data/logs/divine_world.log
[2025-12-16 15:28:42,105][WARNING] agent_spawner: Client jar not found: DWClientBot.jar (chat-only mode)
[2025-12-16 15:28:42,105][INFO] agent_spawner: AgentSpawner initialized in CHAT-ONLY mode
[2025-12-16 15:28:42,105][INFO] packager: ✅ Found frontend at: /home/devlord/divine-world-core/dw_agent/electron/react-app
[2025-12-16 15:28:42,106][INFO] auto_packager: 📦 Packaging worker started
[2025-12-16 15:28:42,106][INFO] auto_packager: AutoPackaging system initialized (output: /home/devlord/divine-world-core/npc_applications)
[2025-12-16 15:28:42,106][INFO] auto_packager: Auto-packaging enabled
[2025-12-16 15:28:42,106][INFO] dw_backend: Enhanced Agent Manager initialized with binary protocol
[2025-12-16 15:28:53,216][WARNING] dw_backend: S3 client initialization failed: Could not connect to the endpoint URL: "http://127.0.0.1:9000/divine-world"
[2025-12-16 15:29:03,383][INFO] dw_backend: 🔌 Binary WebSocket connected: demo (v2.1.0)
[2025-12-16 15:29:03,385][INFO] dw_backend: Creating demo agent: demo
[2025-12-16 15:29:03,385][ERROR] cassandra.cluster: Compression is enabled, but no compression libraries are available. Disabling compression, consider installing one of the Python packages: lz4 and/or python-snappy.
[2025-12-16 15:29:03,389][WARNING] cassandra.cluster: [control connection] Error connecting to 127.0.0.1:9042:
Traceback (most recent call last):
  File "cassandra/cluster.py", line 3547, in cassandra.cluster.ControlConnection._connect_host_in_lbp
  File "cassandra/cluster.py", line 3593, in cassandra.cluster.ControlConnection._try_connect
  File "cassandra/cluster.py", line 1648, in cassandra.cluster.Cluster.connection_factory
  File "cassandra/connection.py", line 858, in cassandra.connection.Connection.factory
  File "/home/devlord/divine-world-core/py_backend/dw_env/lib/python3.13/site-packages/cassandra/io/libevreactor.py", line 272, in __init__
    self._connect_socket()
    ~~~~~~~~~~~~~~~~~~~~^^
  File "cassandra/connection.py", line 980, in cassandra.connection.Connection._connect_socket
ConnectionRefusedError: [Errno 111] Tried connecting to [('127.0.0.1', 9042)]. Last error: Connection refused
[2025-12-16 15:29:03,392][WARNING] cassandra.cluster: [control connection] Error connecting to 127.0.0.1:9042:
Traceback (most recent call last):
  File "cassandra/cluster.py", line 3547, in cassandra.cluster.ControlConnection._connect_host_in_lbp
  File "cassandra/cluster.py", line 3593, in cassandra.cluster.ControlConnection._try_connect
  File "cassandra/cluster.py", line 1648, in cassandra.cluster.Cluster.connection_factory
  File "cassandra/connection.py", line 858, in cassandra.connection.Connection.factory
  File "/home/devlord/divine-world-core/py_backend/dw_env/lib/python3.13/site-packages/cassandra/io/libevreactor.py", line 272, in __init__
    self._connect_socket()
    ~~~~~~~~~~~~~~~~~~~~^^
  File "cassandra/connection.py", line 980, in cassandra.connection.Connection._connect_socket
ConnectionRefusedError: [Errno 111] Tried connecting to [('127.0.0.1', 9042)]. Last error: Connection refused
[2025-12-16 15:29:03,393][ERROR] cassandra.cluster: Control connection failed to connect, shutting down Cluster:
Traceback (most recent call last):
  File "cassandra/cluster.py", line 1723, in cassandra.cluster.Cluster.connect
  File "cassandra/cluster.py", line 3521, in cassandra.cluster.ControlConnection.connect
  File "cassandra/cluster.py", line 3582, in cassandra.cluster.ControlConnection._reconnect_internal
cassandra.cluster.NoHostAvailable: ('Unable to connect to any servers', {'127.0.0.1:9042': ConnectionRefusedError(111, "Tried connecting to [('127.0.0.1', 9042)]. Last error: Connection refused")})
[2025-12-16 15:29:03,394][ERROR] unified_memory: ScyllaDB initialization failed: ('Unable to connect to any servers', {'127.0.0.1:9042': ConnectionRefusedError(111, "Tried connecting to [('127.0.0.1', 9042)]. Last error: Connection refused")})
[2025-12-16 15:29:03,395][INFO] unified_memory: UnifiedMemoryStore initialized for demo (In-Memory)
[2025-12-16 15:29:05,088][INFO] brain.language: Language Intelligence initialized on cpu
[2025-12-16 15:29:05,150][INFO] brain.language: Language Intelligence initialized on cpu
[2025-12-16 15:29:05,151][INFO] brain.language: Language capabilities added to BrainCore
[2025-12-16 15:29:05,151][INFO] agent: [demo] Transformer language learning initialized
[2025-12-16 15:29:05,155][INFO] world_model: Integrating WorldModel with agent demo...
[2025-12-16 15:29:05,375][INFO] world_model: WorldModel initialized: 21.29M parameters
[2025-12-16 15:29:05,375][INFO] world_model: WorldModelReplayBuffer initialized: capacity=50000, seq_len=64
[2025-12-16 15:29:05,376][INFO] world_model: WorldModelTrainer initialized
[2025-12-16 15:29:05,376][INFO] world_model: ✅ WorldModel integrated with demo
[2025-12-16 15:29:05,376][INFO] agent: [demo] World model integrated
[2025-12-16 15:29:05,637][INFO] audio_processor: AudioCapture initialized: 16000Hz, chunk=1024
[2025-12-16 15:29:05,637][INFO] audio_processor: SpeechRecognizer initialized
[2025-12-16 15:29:05,637][INFO] audio_processor: AudioProcessor initialized for demo
[2025-12-16 15:29:05,638][INFO] audio_processor: ✅ Audio processing added to demo
[2025-12-16 15:29:05,638][INFO] agent: [demo] Audio processing initialized
[2025-12-16 15:29:05,638][INFO] cognitive_loop: CognitiveLoop initialized for demo
[2025-12-16 15:29:05,638][INFO] agent: 🧠 Cognitive loop initialized for demo
[2025-12-16 15:29:05,638][INFO] agent: NPCAgent initialized: demo (gender: female, autonomous: True)
[2025-12-16 15:29:05,638][INFO] web_browser: WebBrowser initialized for demo
[2025-12-16 15:29:05,638][INFO] web_browser: ✅ Web browsing added to demo
[2025-12-16 15:29:05,638][INFO] agent: [demo] Web browsing initialized
[2025-12-16 15:29:05,638][ERROR] cassandra.cluster: Compression is enabled, but no compression libraries are available. Disabling compression, consider installing one of the Python packages: lz4 and/or python-snappy.
[2025-12-16 15:29:05,640][WARNING] cassandra.cluster: [control connection] Error connecting to 127.0.0.1:9042:
Traceback (most recent call last):
  File "cassandra/cluster.py", line 3547, in cassandra.cluster.ControlConnection._connect_host_in_lbp
  File "cassandra/cluster.py", line 3593, in cassandra.cluster.ControlConnection._try_connect
  File "cassandra/cluster.py", line 1648, in cassandra.cluster.Cluster.connection_factory
  File "cassandra/connection.py", line 858, in cassandra.connection.Connection.factory
  File "/home/devlord/divine-world-core/py_backend/dw_env/lib/python3.13/site-packages/cassandra/io/libevreactor.py", line 272, in __init__
    self._connect_socket()
    ~~~~~~~~~~~~~~~~~~~~^^
  File "cassandra/connection.py", line 980, in cassandra.connection.Connection._connect_socket
ConnectionRefusedError: [Errno 111] Tried connecting to [('127.0.0.1', 9042)]. Last error: Connection refused
[2025-12-16 15:29:05,642][WARNING] cassandra.cluster: [control connection] Error connecting to 127.0.0.1:9042:
Traceback (most recent call last):
  File "cassandra/cluster.py", line 3547, in cassandra.cluster.ControlConnection._connect_host_in_lbp
  File "cassandra/cluster.py", line 3593, in cassandra.cluster.ControlConnection._try_connect
  File "cassandra/cluster.py", line 1648, in cassandra.cluster.Cluster.connection_factory
  File "cassandra/connection.py", line 858, in cassandra.connection.Connection.factory
  File "/home/devlord/divine-world-core/py_backend/dw_env/lib/python3.13/site-packages/cassandra/io/libevreactor.py", line 272, in __init__
    self._connect_socket()
    ~~~~~~~~~~~~~~~~~~~~^^
  File "cassandra/connection.py", line 980, in cassandra.connection.Connection._connect_socket
ConnectionRefusedError: [Errno 111] Tried connecting to [('127.0.0.1', 9042)]. Last error: Connection refused
[2025-12-16 15:29:05,642][ERROR] cassandra.cluster: Control connection failed to connect, shutting down Cluster:
Traceback (most recent call last):
  File "cassandra/cluster.py", line 1723, in cassandra.cluster.Cluster.connect
  File "cassandra/cluster.py", line 3521, in cassandra.cluster.ControlConnection.connect
  File "cassandra/cluster.py", line 3582, in cassandra.cluster.ControlConnection._reconnect_internal
cassandra.cluster.NoHostAvailable: ('Unable to connect to any servers', {'127.0.0.1:9042': ConnectionRefusedError(111, "Tried connecting to [('127.0.0.1', 9042)]. Last error: Connection refused")})
[2025-12-16 15:29:05,643][ERROR] unified_memory: ScyllaDB initialization failed: ('Unable to connect to any servers', {'127.0.0.1:9042': ConnectionRefusedError(111, "Tried connecting to [('127.0.0.1', 9042)]. Last error: Connection refused")})
[2025-12-16 15:29:05,643][INFO] unified_memory: UnifiedMemoryStore initialized for demo (In-Memory)
[2025-12-16 15:29:05,643][INFO] dw_backend: ✅ UnifiedMemory attached for demo
[2025-12-16 15:29:05,643][INFO] dw_backend: ✅ Language already initialized for demo
[2025-12-16 15:29:05,644][INFO] dw_backend: 📡 Switching to binary protocol for demo
[2025-12-16 15:29:05,644][INFO] dw_backend: ✅ WebSocket handler registered for demo, ready to receive messages
[2025-12-16 15:29:08,538][INFO] dw_backend: 🔌 Binary WebSocket connected: demo (v2.1.0)
[2025-12-16 15:29:08,539][INFO] dw_backend: 📡 Switching to binary protocol for demo
[2025-12-16 15:29:08,539][INFO] dw_backend: ✅ WebSocket handler registered for demo, ready to receive messages
[2025-12-16 15:29:25,761][INFO] dw_backend: [Speak] Received speak request for demo: Hello from the backend!
[2025-12-16 15:29:25,761][INFO] dw_backend: [Speak] Broadcasting to WebSocket for demo
[2025-12-16 15:29:25,761][INFO] dw_backend: [Speak] Successfully sent agent_speech JSON to client
[2025-12-16 15:29:49,847][ERROR] dw_backend: Error in websocket receive: cannot access local variable 'frame_type' where it is not associated with a value
Traceback (most recent call last):
  File "/home/devlord/divine-world-core/py_backend/main.py", line 372, in agent_binary_websocket
    elif frame_type == BinaryProtocol.FRAME_CHAT:
         ^^^^^^^^^^
UnboundLocalError: cannot access local variable 'frame_type' where it is not associated with a value
[2025-12-16 15:29:49,848][INFO] dw_backend: 🔌 Binary WebSocket disconnected: demo
[2025-12-16 15:29:49,857][ERROR] dw_backend: Error in websocket receive: cannot access local variable 'frame_type' where it is not associated with a value
Traceback (most recent call last):
  File "/home/devlord/divine-world-core/py_backend/main.py", line 372, in agent_binary_websocket
    elif frame_type == BinaryProtocol.FRAME_CHAT:
         ^^^^^^^^^^
UnboundLocalError: cannot access local variable 'frame_type' where it is not associated with a value
[2025-12-16 15:29:49,865][INFO] dw_backend: 🔌 Binary WebSocket disconnected: demo
[2025-12-16 15:29:56,394][INFO] dw_backend: 🔌 Binary WebSocket connected: demo (v2.1.0)
[2025-12-16 15:29:56,394][INFO] dw_backend: 📡 Switching to binary protocol for demo
[2025-12-16 15:29:56,395][INFO] dw_backend: ✅ WebSocket handler registered for demo, ready to receive messages
[2025-12-16 15:30:01,647][INFO] dw_backend: 🔌 Binary WebSocket connected: demo (v2.1.0)
[2025-12-16 15:30:01,647][INFO] dw_backend: 📡 Switching to binary protocol for demo
[2025-12-16 15:30:01,647][INFO] dw_backend: ✅ WebSocket handler registered for demo, ready to receive messages
[2025-12-16 15:30:08,455][INFO] dw_backend: [Speak] Received speak request for demo: This message should show in the UI now
[2025-12-16 15:30:08,455][INFO] dw_backend: [Speak] Broadcasting to WebSocket for demo
[2025-12-16 15:30:08,456][INFO] dw_backend: [Speak] Successfully sent agent_speech JSON to client
[2025-12-16 15:31:07,666][ERROR] dw_backend: Error in websocket receive: cannot access local variable 'frame_type' where it is not associated with a value
Traceback (most recent call last):
  File "/home/devlord/divine-world-core/py_backend/main.py", line 372, in agent_binary_websocket
    elif frame_type == BinaryProtocol.FRAME_CHAT:
         ^^^^^^^^^^
UnboundLocalError: cannot access local variable 'frame_type' where it is not associated with a value
[2025-12-16 15:31:07,666][INFO] dw_backend: 🔌 Binary WebSocket disconnected: demo
[2025-12-16 15:31:07,667][ERROR] dw_backend: Error in websocket receive: cannot access local variable 'frame_type' where it is not associated with a value
Traceback (most recent call last):
  File "/home/devlord/divine-world-core/py_backend/main.py", line 372, in agent_binary_websocket
    elif frame_type == BinaryProtocol.FRAME_CHAT:
         ^^^^^^^^^^
UnboundLocalError: cannot access local variable 'frame_type' where it is not associated with a value
[2025-12-16 15:31:07,668][INFO] dw_backend: 🔌 Binary WebSocket disconnected: demo
[2025-12-16 16:04:15,662][INFO] root: Logging initialized at INFO level. Log file: data/logs/divine_world.log
[2025-12-16 16:04:15,696][INFO] frontend_builder: Using npm at: /usr/bin/npm
[2025-12-16 16:04:16,486][WARNING] agent_spawner: Client jar not found: DWClientBot.jar (chat-only mode)
[2025-12-16 16:04:16,486][INFO] agent_spawner: AgentSpawner initialized in CHAT-ONLY mode
[2025-12-16 16:04:16,487][INFO] packager: ✅ Found frontend at: /home/devlord/divine-world-core/dw_agent/electron/react-app
[2025-12-16 16:04:16,488][INFO] auto_packager: 📦 Packaging worker started
[2025-12-16 16:04:16,488][INFO] auto_packager: AutoPackaging system initialized (output: /home/devlord/divine-world-core/npc_applications)
[2025-12-16 16:04:16,488][INFO] auto_packager: Auto-packaging enabled
[2025-12-16 16:04:16,489][INFO] dw_backend: Enhanced Agent Manager initialized with binary protocol
[2025-12-16 16:04:26,231][WARNING] dw_backend: S3 client initialization failed: Could not connect to the endpoint URL: "http://127.0.0.1:9000/divine-world"
[2025-12-16 16:04:26,488][INFO] root: Logging initialized at INFO level. Log file: data/logs/divine_world.log
[2025-12-16 16:04:26,490][WARNING] agent_spawner: Client jar not found: DWClientBot.jar (chat-only mode)
[2025-12-16 16:04:26,490][INFO] agent_spawner: AgentSpawner initialized in CHAT-ONLY mode
[2025-12-16 16:04:26,491][INFO] packager: ✅ Found frontend at: /home/devlord/divine-world-core/dw_agent/electron/react-app
[2025-12-16 16:04:26,492][INFO] auto_packager: 📦 Packaging worker started
[2025-12-16 16:04:26,492][INFO] auto_packager: AutoPackaging system initialized (output: /home/devlord/divine-world-core/npc_applications)
[2025-12-16 16:04:26,493][INFO] auto_packager: Auto-packaging enabled
[2025-12-16 16:04:26,493][INFO] dw_backend: Enhanced Agent Manager initialized with binary protocol
[2025-12-16 16:04:39,487][WARNING] dw_backend: S3 client initialization failed: Could not connect to the endpoint URL: "http://127.0.0.1:9000/divine-world"
[2025-12-16 16:04:42,761][INFO] dw_backend: 🔌 Binary WebSocket connected: demo (v2.1.0)
[2025-12-16 16:04:42,761][INFO] dw_backend: Creating demo agent: demo
[2025-12-16 16:04:42,762][ERROR] cassandra.cluster: Compression is enabled, but no compression libraries are available. Disabling compression, consider installing one of the Python packages: lz4 and/or python-snappy.
[2025-12-16 16:04:42,766][WARNING] cassandra.cluster: [control connection] Error connecting to 127.0.0.1:9042:
Traceback (most recent call last):
  File "cassandra/cluster.py", line 3547, in cassandra.cluster.ControlConnection._connect_host_in_lbp
  File "cassandra/cluster.py", line 3593, in cassandra.cluster.ControlConnection._try_connect
  File "cassandra/cluster.py", line 1648, in cassandra.cluster.Cluster.connection_factory
  File "cassandra/connection.py", line 858, in cassandra.connection.Connection.factory
  File "/home/devlord/divine-world-core/py_backend/dw_env/lib/python3.13/site-packages/cassandra/io/libevreactor.py", line 272, in __init__
    self._connect_socket()
    ~~~~~~~~~~~~~~~~~~~~^^
  File "cassandra/connection.py", line 980, in cassandra.connection.Connection._connect_socket
ConnectionRefusedError: [Errno 111] Tried connecting to [('127.0.0.1', 9042)]. Last error: Connection refused
[2025-12-16 16:04:42,777][WARNING] cassandra.cluster: [control connection] Error connecting to 127.0.0.1:9042:
Traceback (most recent call last):
  File "cassandra/cluster.py", line 3547, in cassandra.cluster.ControlConnection._connect_host_in_lbp
  File "cassandra/cluster.py", line 3593, in cassandra.cluster.ControlConnection._try_connect
  File "cassandra/cluster.py", line 1648, in cassandra.cluster.Cluster.connection_factory
  File "cassandra/connection.py", line 858, in cassandra.connection.Connection.factory
  File "/home/devlord/divine-world-core/py_backend/dw_env/lib/python3.13/site-packages/cassandra/io/libevreactor.py", line 272, in __init__
    self._connect_socket()
    ~~~~~~~~~~~~~~~~~~~~^^
  File "cassandra/connection.py", line 980, in cassandra.connection.Connection._connect_socket
ConnectionRefusedError: [Errno 111] Tried connecting to [('127.0.0.1', 9042)]. Last error: Connection refused
[2025-12-16 16:04:42,778][ERROR] cassandra.cluster: Control connection failed to connect, shutting down Cluster:
Traceback (most recent call last):
  File "cassandra/cluster.py", line 1723, in cassandra.cluster.Cluster.connect
  File "cassandra/cluster.py", line 3521, in cassandra.cluster.ControlConnection.connect
  File "cassandra/cluster.py", line 3582, in cassandra.cluster.ControlConnection._reconnect_internal
cassandra.cluster.NoHostAvailable: ('Unable to connect to any servers', {'127.0.0.1:9042': ConnectionRefusedError(111, "Tried connecting to [('127.0.0.1', 9042)]. Last error: Connection refused")})
[2025-12-16 16:04:42,778][ERROR] unified_memory: ScyllaDB initialization failed: ('Unable to connect to any servers', {'127.0.0.1:9042': ConnectionRefusedError(111, "Tried connecting to [('127.0.0.1', 9042)]. Last error: Connection refused")})
[2025-12-16 16:04:42,779][INFO] unified_memory: UnifiedMemoryStore initialized for demo (In-Memory)
[2025-12-16 16:04:46,087][INFO] brain.language: Language Intelligence initialized on cpu
[2025-12-16 16:04:46,148][INFO] brain.language: Language Intelligence initialized on cpu
[2025-12-16 16:04:46,148][INFO] brain.language: Language capabilities added to BrainCore
[2025-12-16 16:04:46,149][INFO] agent: [demo] Transformer language learning initialized
[2025-12-16 16:04:46,169][INFO] world_model: Integrating WorldModel with agent demo...
[2025-12-16 16:04:46,434][INFO] world_model: WorldModel initialized: 21.29M parameters
[2025-12-16 16:04:46,435][INFO] world_model: WorldModelReplayBuffer initialized: capacity=50000, seq_len=64
[2025-12-16 16:04:46,435][INFO] world_model: WorldModelTrainer initialized
[2025-12-16 16:04:46,435][INFO] world_model: ✅ WorldModel integrated with demo
[2025-12-16 16:04:46,435][INFO] agent: [demo] World model integrated
[2025-12-16 16:04:47,030][INFO] audio_processor: AudioCapture initialized: 16000Hz, chunk=1024
[2025-12-16 16:04:47,030][INFO] audio_processor: SpeechRecognizer initialized
[2025-12-16 16:04:47,030][INFO] audio_processor: AudioProcessor initialized for demo
[2025-12-16 16:04:47,032][INFO] audio_processor: ✅ Audio processing added to demo
[2025-12-16 16:04:47,033][INFO] agent: [demo] Audio processing initialized
[2025-12-16 16:04:47,033][INFO] cognitive_loop: CognitiveLoop initialized for demo
[2025-12-16 16:04:47,033][INFO] agent: 🧠 Cognitive loop initialized for demo
[2025-12-16 16:04:47,033][INFO] agent: NPCAgent initialized: demo (gender: male, autonomous: True)
[2025-12-16 16:04:47,033][INFO] web_browser: WebBrowser initialized for demo
[2025-12-16 16:04:47,033][INFO] web_browser: ✅ Web browsing added to demo
[2025-12-16 16:04:47,033][INFO] agent: [demo] Web browsing initialized
[2025-12-16 16:04:47,034][ERROR] cassandra.cluster: Compression is enabled, but no compression libraries are available. Disabling compression, consider installing one of the Python packages: lz4 and/or python-snappy.
[2025-12-16 16:04:47,036][WARNING] cassandra.cluster: [control connection] Error connecting to 127.0.0.1:9042:
Traceback (most recent call last):
  File "cassandra/cluster.py", line 3547, in cassandra.cluster.ControlConnection._connect_host_in_lbp
  File "cassandra/cluster.py", line 3593, in cassandra.cluster.ControlConnection._try_connect
  File "cassandra/cluster.py", line 1648, in cassandra.cluster.Cluster.connection_factory
  File "cassandra/connection.py", line 858, in cassandra.connection.Connection.factory
  File "/home/devlord/divine-world-core/py_backend/dw_env/lib/python3.13/site-packages/cassandra/io/libevreactor.py", line 272, in __init__
    self._connect_socket()
    ~~~~~~~~~~~~~~~~~~~~^^
  File "cassandra/connection.py", line 980, in cassandra.connection.Connection._connect_socket
ConnectionRefusedError: [Errno 111] Tried connecting to [('127.0.0.1', 9042)]. Last error: Connection refused
[2025-12-16 16:04:47,040][WARNING] cassandra.cluster: [control connection] Error connecting to 127.0.0.1:9042:
Traceback (most recent call last):
  File "cassandra/cluster.py", line 3547, in cassandra.cluster.ControlConnection._connect_host_in_lbp
  File "cassandra/cluster.py", line 3593, in cassandra.cluster.ControlConnection._try_connect
  File "cassandra/cluster.py", line 1648, in cassandra.cluster.Cluster.connection_factory
  File "cassandra/connection.py", line 858, in cassandra.connection.Connection.factory
  File "/home/devlord/divine-world-core/py_backend/dw_env/lib/python3.13/site-packages/cassandra/io/libevreactor.py", line 272, in __init__
    self._connect_socket()
    ~~~~~~~~~~~~~~~~~~~~^^
  File "cassandra/connection.py", line 980, in cassandra.connection.Connection._connect_socket
ConnectionRefusedError: [Errno 111] Tried connecting to [('127.0.0.1', 9042)]. Last error: Connection refused
[2025-12-16 16:04:47,041][ERROR] cassandra.cluster: Control connection failed to connect, shutting down Cluster:
Traceback (most recent call last):
  File "cassandra/cluster.py", line 1723, in cassandra.cluster.Cluster.connect
  File "cassandra/cluster.py", line 3521, in cassandra.cluster.ControlConnection.connect
  File "cassandra/cluster.py", line 3582, in cassandra.cluster.ControlConnection._reconnect_internal
cassandra.cluster.NoHostAvailable: ('Unable to connect to any servers', {'127.0.0.1:9042': ConnectionRefusedError(111, "Tried connecting to [('127.0.0.1', 9042)]. Last error: Connection refused")})
[2025-12-16 16:04:47,041][ERROR] unified_memory: ScyllaDB initialization failed: ('Unable to connect to any servers', {'127.0.0.1:9042': ConnectionRefusedError(111, "Tried connecting to [('127.0.0.1', 9042)]. Last error: Connection refused")})
[2025-12-16 16:04:47,042][INFO] unified_memory: UnifiedMemoryStore initialized for demo (In-Memory)
[2025-12-16 16:04:47,042][INFO] dw_backend: ✅ UnifiedMemory attached for demo
[2025-12-16 16:04:47,042][INFO] dw_backend: ✅ Language already initialized for demo
[2025-12-16 16:04:47,043][INFO] dw_backend: 📡 Switching to binary protocol for demo
[2025-12-16 16:04:47,043][INFO] dw_backend: ✅ WebSocket handler registered for demo, ready to receive messages
[2025-12-16 16:04:47,043][INFO] dw_backend: 🎯 Current handlers: ['demo']
[2025-12-16 16:04:47,076][INFO] dw_backend: 🔌 Binary WebSocket connected: demo (v2.1.0)
[2025-12-16 16:04:47,076][INFO] dw_backend: 📡 Switching to binary protocol for demo
[2025-12-16 16:04:47,076][INFO] dw_backend: ✅ WebSocket handler registered for demo, ready to receive messages
[2025-12-16 16:04:47,076][INFO] dw_backend: 🎯 Current handlers: ['demo']
[2025-12-16 16:04:49,165][INFO] root: Logging initialized at INFO level. Log file: data/logs/divine_world.log
[2025-12-16 16:04:49,172][INFO] frontend_builder: Using npm at: /usr/bin/npm
[2025-12-16 16:04:49,311][WARNING] agent_spawner: Client jar not found: DWClientBot.jar (chat-only mode)
[2025-12-16 16:04:49,311][INFO] agent_spawner: AgentSpawner initialized in CHAT-ONLY mode
[2025-12-16 16:04:49,311][INFO] packager: ✅ Found frontend at: /home/devlord/divine-world-core/dw_agent/electron/react-app
[2025-12-16 16:04:49,311][INFO] auto_packager: 📦 Packaging worker started
[2025-12-16 16:04:49,312][INFO] auto_packager: AutoPackaging system initialized (output: /home/devlord/divine-world-core/npc_applications)
[2025-12-16 16:04:49,312][INFO] auto_packager: Auto-packaging enabled
[2025-12-16 16:04:49,312][INFO] dw_backend: Enhanced Agent Manager initialized with binary protocol
[2025-12-16 16:05:01,719][WARNING] dw_backend: S3 client initialization failed: Could not connect to the endpoint URL: "http://127.0.0.1:9000/divine-world"
[2025-12-16 16:05:01,827][INFO] root: Logging initialized at INFO level. Log file: data/logs/divine_world.log
[2025-12-16 16:05:01,828][WARNING] agent_spawner: Client jar not found: DWClientBot.jar (chat-only mode)
[2025-12-16 16:05:01,828][INFO] agent_spawner: AgentSpawner initialized in CHAT-ONLY mode
[2025-12-16 16:05:01,828][INFO] packager: ✅ Found frontend at: /home/devlord/divine-world-core/dw_agent/electron/react-app
[2025-12-16 16:05:01,828][INFO] auto_packager: 📦 Packaging worker started
[2025-12-16 16:05:01,829][INFO] auto_packager: AutoPackaging system initialized (output: /home/devlord/divine-world-core/npc_applications)
[2025-12-16 16:05:01,829][INFO] auto_packager: Auto-packaging enabled
[2025-12-16 16:05:01,829][INFO] dw_backend: Enhanced Agent Manager initialized with binary protocol
[2025-12-16 16:05:07,008][WARNING] dw_backend: S3 client initialization failed: Could not connect to the endpoint URL: "http://127.0.0.1:9000/divine-world"
[2025-12-16 16:05:34,747][ERROR] dw_backend: WebSocket error: (<CloseCode.ABNORMAL_CLOSURE: 1006>, '')
[2025-12-16 16:05:34,748][INFO] dw_backend: 🔌 Binary WebSocket disconnected: None
[2025-12-16 16:05:35,247][INFO] dw_backend: 🔌 Binary WebSocket connected: demo (v2.1.0)
[2025-12-16 16:05:35,247][INFO] dw_backend: 📡 Switching to binary protocol for demo
[2025-12-16 16:05:35,248][INFO] dw_backend: ✅ WebSocket handler registered for demo, ready to receive messages
[2025-12-16 16:05:35,248][INFO] dw_backend: 🎯 Current handlers: ['demo']
[2025-12-16 16:05:37,399][ERROR] dw_backend: Error in websocket receive: Cannot call "receive" once a disconnect message has been received.
Traceback (most recent call last):
  File "/home/devlord/divine-world-core/py_backend/main.py", line 295, in agent_binary_websocket
    message = await websocket.receive()
              ^^^^^^^^^^^^^^^^^^^^^^^^^
  File "/home/devlord/divine-world-core/py_backend/dw_env/lib/python3.13/site-packages/starlette/websockets.py", line 57, in receive
    raise RuntimeError('Cannot call "receive" once a disconnect message has been received.')
RuntimeError: Cannot call "receive" once a disconnect message has been received.
[2025-12-16 16:05:37,409][INFO] dw_backend: 🔌 Binary WebSocket disconnected: demo
[2025-12-16 16:05:37,409][ERROR] dw_backend: Error in websocket receive: Cannot call "receive" once a disconnect message has been received.
Traceback (most recent call last):
  File "/home/devlord/divine-world-core/py_backend/main.py", line 295, in agent_binary_websocket
    message = await websocket.receive()
              ^^^^^^^^^^^^^^^^^^^^^^^^^
  File "/home/devlord/divine-world-core/py_backend/dw_env/lib/python3.13/site-packages/starlette/websockets.py", line 57, in receive
    raise RuntimeError('Cannot call "receive" once a disconnect message has been received.')
RuntimeError: Cannot call "receive" once a disconnect message has been received.
[2025-12-16 16:05:37,410][INFO] dw_backend: 🔌 Binary WebSocket disconnected: demo
[2025-12-16 16:05:39,801][INFO] dw_backend: 🔌 Binary WebSocket connected: demo (v2.1.0)
[2025-12-16 16:05:39,802][INFO] dw_backend: 📡 Switching to binary protocol for demo
[2025-12-16 16:05:39,802][INFO] dw_backend: ✅ WebSocket handler registered for demo, ready to receive messages
[2025-12-16 16:05:39,802][INFO] dw_backend: 🎯 Current handlers: ['demo']
[2025-12-16 16:05:41,686][INFO] dw_backend: [Chat Binary] demo: hi
[2025-12-16 16:05:47,189][INFO] dw_backend: [Upload][BG] Saved shakespeare.txt for demo (5436475 bytes)
[2025-12-16 16:05:47,190][INFO] cognitive_loop: [CognitiveLoop] File queued: shakespeare.txt
[2025-12-16 16:05:47,192][INFO] dw_backend: [Upload][BG] Queued shakespeare.txt for cognitive processing
[2025-12-16 16:05:47,193][INFO] cognitive_loop: ✅ Cognitive loop started for demo
[2025-12-16 16:05:47,197][INFO] agent: ✅ demo is now FULLY AUTONOMOUS
[2025-12-16 16:05:47,197][INFO] cognitive_loop: 🧠 Starting cognitive cycle for demo
[2025-12-16 16:05:47,224][INFO] cognitive_loop: [Thinking] File queued: shakespeare.txt
[2025-12-16 16:05:47,224][INFO] cognitive_loop: [demo] 📄 Processing file: shakespeare.txt
[2025-12-16 16:05:47,262][INFO] brain.language: Learned new word: 'from' (ID: 4)
[2025-12-16 16:05:47,263][INFO] brain.language: Learned new word: 'fairest' (ID: 5)
[2025-12-16 16:05:47,263][INFO] brain.language: Learned new word: 'creatures' (ID: 6)
[2025-12-16 16:05:47,263][INFO] brain.language: Learned new word: 'desire' (ID: 7)
[2025-12-16 16:05:47,263][INFO] brain.language: Learned new word: 'increase,' (ID: 8)
[2025-12-16 16:05:47,263][INFO] brain.language: Learned new word: 'that' (ID: 9)
[2025-12-16 16:05:47,264][INFO] brain.language: Learned new word: 'thereby' (ID: 10)
[2025-12-16 16:05:47,264][INFO] brain.language: Learned new word: 'beauty's' (ID: 11)
[2025-12-16 16:05:47,264][INFO] brain.language: Learned new word: 'rose' (ID: 12)
[2025-12-16 16:05:47,264][INFO] brain.language: Learned new word: 'might' (ID: 13)
[2025-12-16 16:05:47,264][INFO] brain.language: Learned new word: 'never' (ID: 14)
[2025-12-16 16:05:47,264][INFO] brain.language: Learned new word: 'die,' (ID: 15)
[2025-12-16 16:05:47,264][INFO] brain.language: Learned new word: 'but' (ID: 16)
[2025-12-16 16:05:47,264][INFO] brain.language: Learned new word: 'the' (ID: 17)
[2025-12-16 16:05:47,264][INFO] brain.language: Learned new word: 'riper' (ID: 18)
[2025-12-16 16:05:47,265][INFO] brain.language: Learned new word: 'should' (ID: 19)
[2025-12-16 16:05:47,265][INFO] brain.language: Learned new word: 'time' (ID: 20)
[2025-12-16 16:05:47,265][INFO] brain.language: Learned new word: 'decease,' (ID: 21)
[2025-12-16 16:05:47,265][INFO] brain.language: Learned new word: 'his' (ID: 22)
[2025-12-16 16:05:47,265][INFO] brain.language: Learned new word: 'tender' (ID: 23)
[2025-12-16 16:05:47,265][INFO] brain.language: Learned new word: 'heir' (ID: 24)
[2025-12-16 16:05:47,265][INFO] brain.language: Learned new word: 'bear' (ID: 25)
[2025-12-16 16:05:47,265][INFO] brain.language: Learned new word: 'memory:' (ID: 26)
[2025-12-16 16:05:47,265][INFO] brain.language: Learned new word: 'thou' (ID: 27)
[2025-12-16 16:05:47,266][INFO] brain.language: Learned new word: 'contracted' (ID: 28)
[2025-12-16 16:05:47,266][INFO] brain.language: Learned new word: 'thine' (ID: 29)
[2025-12-16 16:05:47,266][INFO] brain.language: Learned new word: 'own' (ID: 30)
[2025-12-16 16:05:47,266][INFO] brain.language: Learned new word: 'bright' (ID: 31)
[2025-12-16 16:05:47,266][INFO] brain.language: Learned new word: 'eyes,' (ID: 32)
[2025-12-16 16:05:47,266][INFO] brain.language: Learned new word: 'feed'st' (ID: 33)
[2025-12-16 16:05:47,266][INFO] brain.language: Learned new word: 'thy' (ID: 34)
[2025-12-16 16:05:47,266][INFO] brain.language: Learned new word: 'light's' (ID: 35)
[2025-12-16 16:05:47,266][INFO] brain.language: Learned new word: 'flame' (ID: 36)
[2025-12-16 16:05:47,266][INFO] brain.language: Learned new word: 'with' (ID: 37)
[2025-12-16 16:05:47,267][INFO] brain.language: Learned new word: 'self-substantial' (ID: 38)
[2025-12-16 16:05:47,267][INFO] brain.language: Learned new word: 'fuel,' (ID: 39)
[2025-12-16 16:05:47,267][INFO] brain.language: Learned new word: 'making' (ID: 40)
[2025-12-16 16:05:47,267][INFO] brain.language: Learned new word: 'famine' (ID: 41)
[2025-12-16 16:05:47,267][INFO] brain.language: Learned new word: 'where' (ID: 42)
[2025-12-16 16:05:47,267][INFO] brain.language: Learned new word: 'abundance' (ID: 43)
[2025-12-16 16:05:47,267][INFO] brain.language: Learned new word: 'lies,' (ID: 44)
[2025-12-16 16:05:47,267][INFO] brain.language: Learned new word: 'self' (ID: 45)
[2025-12-16 16:05:47,267][INFO] brain.language: Learned new word: 'foe,' (ID: 46)
[2025-12-16 16:05:47,267][INFO] brain.language: Learned new word: 'sweet' (ID: 47)
[2025-12-16 16:05:47,267][INFO] brain.language: Learned new word: 'too' (ID: 48)
[2025-12-16 16:05:47,268][INFO] brain.language: Learned new word: 'cruel:' (ID: 49)
[2025-12-16 16:05:47,268][INFO] brain.language: Learned new word: 'art' (ID: 50)
[2025-12-16 16:05:47,268][INFO] brain.language: Learned new word: 'now' (ID: 51)
[2025-12-16 16:05:47,268][INFO] brain.language: Learned new word: 'world's' (ID: 52)
[2025-12-16 16:05:47,268][INFO] brain.language: Learned new word: 'fresh' (ID: 53)
[2025-12-16 16:05:47,268][INFO] brain.language: Learned new word: 'ornament,' (ID: 54)
[2025-12-16 16:05:47,268][INFO] brain.language: Learned new word: 'and' (ID: 55)
[2025-12-16 16:05:47,268][INFO] brain.language: Learned new word: 'only' (ID: 56)
[2025-12-16 16:05:47,268][INFO] brain.language: Learned new word: 'herald' (ID: 57)
[2025-12-16 16:05:47,268][INFO] brain.language: Learned new word: 'gaudy' (ID: 58)
[2025-12-16 16:05:47,268][INFO] brain.language: Learned new word: 'spring,' (ID: 59)
[2025-12-16 16:05:47,269][INFO] brain.language: Learned new word: 'within' (ID: 60)
[2025-12-16 16:05:47,269][INFO] brain.language: Learned new word: 'bud' (ID: 61)
[2025-12-16 16:05:47,269][INFO] brain.language: Learned new word: 'buriest' (ID: 62)
[2025-12-16 16:05:47,269][INFO] brain.language: Learned new word: 'content,' (ID: 63)
[2025-12-16 16:05:47,269][INFO] brain.language: Learned new word: 'churl' (ID: 64)
[2025-12-16 16:05:47,269][INFO] brain.language: Learned new word: 'mak'st' (ID: 65)
[2025-12-16 16:05:47,269][INFO] brain.language: Learned new word: 'waste' (ID: 66)
[2025-12-16 16:05:47,269][INFO] brain.language: Learned new word: 'niggarding:' (ID: 67)
[2025-12-16 16:05:47,269][INFO] brain.language: Learned new word: 'pity' (ID: 68)
[2025-12-16 16:05:47,269][INFO] brain.language: Learned new word: 'world,' (ID: 69)
[2025-12-16 16:05:47,269][INFO] brain.language: Learned new word: 'else' (ID: 70)
[2025-12-16 16:05:47,270][INFO] brain.language: Learned new word: 'this' (ID: 71)
[2025-12-16 16:05:47,270][INFO] brain.language: Learned new word: 'glutton' (ID: 72)
[2025-12-16 16:05:47,270][INFO] brain.language: Learned new word: 'be,' (ID: 73)
[2025-12-16 16:05:47,270][INFO] brain.language: Learned new word: 'eat' (ID: 74)
[2025-12-16 16:05:47,270][INFO] brain.language: Learned new word: 'due,' (ID: 75)
[2025-12-16 16:05:47,270][INFO] brain.language: Learned new word: 'grave' (ID: 76)
[2025-12-16 16:05:47,270][INFO] brain.language: Learned new word: 'thee' (ID: 77)
[2025-12-16 16:05:47,270][INFO] brain.language: Learned new word: 'when' (ID: 78)
[2025-12-16 16:05:47,270][INFO] brain.language: Learned new word: 'forty' (ID: 79)
[2025-12-16 16:05:47,270][INFO] brain.language: Learned new word: 'winters' (ID: 80)
[2025-12-16 16:05:47,271][INFO] brain.language: Learned new word: 'shall' (ID: 81)
[2025-12-16 16:05:47,271][INFO] brain.language: Learned new word: 'besiege' (ID: 82)
[2025-12-16 16:05:47,271][INFO] brain.language: Learned new word: 'brow,' (ID: 83)
[2025-12-16 16:05:47,271][INFO] brain.language: Learned new word: 'dig' (ID: 84)
[2025-12-16 16:05:47,271][INFO] brain.language: Learned new word: 'deep' (ID: 85)
[2025-12-16 16:05:47,271][INFO] brain.language: Learned new word: 'trenches' (ID: 86)
[2025-12-16 16:05:47,271][INFO] brain.language: Learned new word: 'field,' (ID: 87)
[2025-12-16 16:05:47,271][INFO] brain.language: Learned new word: 'youth's' (ID: 88)
[2025-12-16 16:05:47,271][INFO] brain.language: Learned new word: 'proud' (ID: 89)
[2025-12-16 16:05:47,271][INFO] brain.language: Learned new word: 'livery' (ID: 90)
[2025-12-16 16:05:47,271][INFO] brain.language: Learned new word: 'gazed' (ID: 91)
[2025-12-16 16:05:47,272][INFO] brain.language: Learned new word: 'now,' (ID: 92)
[2025-12-16 16:05:47,272][INFO] brain.language: Learned new word: 'will' (ID: 93)
[2025-12-16 16:05:47,272][INFO] brain.language: Learned new word: 'tattered' (ID: 94)
[2025-12-16 16:05:47,272][INFO] brain.language: Learned new word: 'weed' (ID: 95)
[2025-12-16 16:05:47,272][INFO] brain.language: Learned new word: 'small' (ID: 96)
[2025-12-16 16:05:47,272][INFO] brain.language: Learned new word: 'worth' (ID: 97)
[2025-12-16 16:05:47,272][INFO] brain.language: Learned new word: 'held:' (ID: 98)
[2025-12-16 16:05:47,272][INFO] brain.language: Learned new word: 'then' (ID: 99)
[2025-12-16 16:05:47,272][INFO] brain.language: Learned new word: 'being' (ID: 100)
[2025-12-16 16:05:47,272][INFO] brain.language: Learned new word: 'asked,' (ID: 101)
[2025-12-16 16:05:47,272][INFO] brain.language: Learned new word: 'all' (ID: 102)
[2025-12-16 16:05:47,273][INFO] brain.language: Learned new word: 'beauty' (ID: 103)
[2025-12-16 16:05:47,273][INFO] brain.language: Learned new word: 'treasure' (ID: 104)
[2025-12-16 16:05:47,273][INFO] brain.language: Learned new word: 'lusty' (ID: 105)
[2025-12-16 16:05:47,273][INFO] brain.language: Learned new word: 'days;' (ID: 106)
[2025-12-16 16:05:47,273][INFO] brain.language: Learned new word: 'say' (ID: 107)
[2025-12-16 16:05:47,273][INFO] brain.language: Learned new word: 'sunken' (ID: 108)
[2025-12-16 16:05:47,273][INFO] brain.language: Learned new word: 'were' (ID: 109)
[2025-12-16 16:05:47,273][INFO] brain.language: Learned new word: 'all-eating' (ID: 110)
[2025-12-16 16:05:47,273][INFO] brain.language: Learned new word: 'shame,' (ID: 111)
[2025-12-16 16:05:47,273][INFO] brain.language: Learned new word: 'thriftless' (ID: 112)
[2025-12-16 16:05:47,273][INFO] brain.language: Learned new word: 'praise' (ID: 113)
[2025-12-16 16:05:47,274][INFO] brain.language: Learned new word: 'how' (ID: 114)
[2025-12-16 16:05:47,274][INFO] brain.language: Learned new word: 'much' (ID: 115)
[2025-12-16 16:05:47,274][INFO] brain.language: Learned new word: 'more' (ID: 116)
[2025-12-16 16:05:47,274][INFO] brain.language: Learned new word: 'deserved' (ID: 117)
[2025-12-16 16:05:47,274][INFO] brain.language: Learned new word: 'use,' (ID: 118)
[2025-12-16 16:05:47,274][INFO] brain.language: Learned new word: 'couldst' (ID: 119)
[2025-12-16 16:05:47,274][INFO] brain.language: Learned new word: 'answer' (ID: 120)
[2025-12-16 16:05:47,274][INFO] brain.language: Learned new word: ''this' (ID: 121)
[2025-12-16 16:05:47,274][INFO] brain.language: Learned new word: 'fair' (ID: 122)
[2025-12-16 16:05:47,274][INFO] brain.language: Learned new word: 'child' (ID: 123)
[2025-12-16 16:05:47,275][INFO] brain.language: Learned new word: 'mine' (ID: 124)
[2025-12-16 16:05:47,275][INFO] brain.language: Learned new word: 'sum' (ID: 125)
[2025-12-16 16:05:47,275][INFO] brain.language: Learned new word: 'count,' (ID: 126)
[2025-12-16 16:05:47,275][INFO] brain.language: Learned new word: 'make' (ID: 127)
[2025-12-16 16:05:47,275][INFO] brain.language: Learned new word: 'old' (ID: 128)
[2025-12-16 16:05:47,275][INFO] brain.language: Learned new word: 'excuse'' (ID: 129)
[2025-12-16 16:05:47,275][INFO] brain.language: Learned new word: 'proving' (ID: 130)
[2025-12-16 16:05:47,275][INFO] brain.language: Learned new word: 'succession' (ID: 131)
[2025-12-16 16:05:47,275][INFO] brain.language: Learned new word: 'new' (ID: 132)
[2025-12-16 16:05:47,275][INFO] brain.language: Learned new word: 'made' (ID: 133)
[2025-12-16 16:05:47,276][INFO] brain.language: Learned new word: 'old,' (ID: 134)
[2025-12-16 16:05:47,276][INFO] brain.language: Learned new word: 'see' (ID: 135)
[2025-12-16 16:05:47,276][INFO] brain.language: Learned new word: 'blood' (ID: 136)
[2025-12-16 16:05:47,276][INFO] brain.language: Learned new word: 'warm' (ID: 137)
[2025-12-16 16:05:47,276][INFO] brain.language: Learned new word: 'feel'st' (ID: 138)
[2025-12-16 16:05:47,276][INFO] brain.language: Learned new word: 'cold' (ID: 139)
[2025-12-16 16:05:47,276][INFO] brain.language: Learned new word: 'look' (ID: 140)
[2025-12-16 16:05:47,276][INFO] brain.language: Learned new word: 'glass' (ID: 141)
[2025-12-16 16:05:47,276][INFO] brain.language: Learned new word: 'tell' (ID: 142)
[2025-12-16 16:05:47,277][INFO] brain.language: Learned new word: 'face' (ID: 143)
[2025-12-16 16:05:47,277][INFO] brain.language: Learned new word: 'viewest,' (ID: 144)
[2025-12-16 16:05:47,277][INFO] brain.language: Learned new word: 'form' (ID: 145)
[2025-12-16 16:05:47,277][INFO] brain.language: Learned new word: 'another,' (ID: 146)
[2025-12-16 16:05:47,277][INFO] brain.language: Learned new word: 'whose' (ID: 147)
[2025-12-16 16:05:47,277][INFO] brain.language: Learned new word: 'repair' (ID: 148)
[2025-12-16 16:05:47,277][INFO] brain.language: Learned new word: 'not' (ID: 149)
[2025-12-16 16:05:47,277][INFO] brain.language: Learned new word: 'renewest,' (ID: 150)
[2025-12-16 16:05:47,277][INFO] brain.language: Learned new word: 'dost' (ID: 151)
[2025-12-16 16:05:47,277][INFO] brain.language: Learned new word: 'beguile' (ID: 152)
[2025-12-16 16:05:47,277][INFO] brain.language: Learned new word: 'unbless' (ID: 153)
[2025-12-16 16:05:47,277][INFO] brain.language: Learned new word: 'some' (ID: 154)
[2025-12-16 16:05:47,278][INFO] brain.language: Learned new word: 'mother' (ID: 155)
[2025-12-16 16:05:47,278][INFO] brain.language: Learned new word: 'for' (ID: 156)
[2025-12-16 16:05:47,278][INFO] brain.language: Learned new word: 'she' (ID: 157)
[2025-12-16 16:05:47,278][INFO] brain.language: Learned new word: 'uneared' (ID: 158)
[2025-12-16 16:05:47,278][INFO] brain.language: Learned new word: 'womb' (ID: 159)
[2025-12-16 16:05:47,278][INFO] brain.language: Learned new word: 'disdains' (ID: 160)
[2025-12-16 16:05:47,278][INFO] brain.language: Learned new word: 'tillage' (ID: 161)
[2025-12-16 16:05:47,278][INFO] brain.language: Learned new word: 'husbandry?' (ID: 162)
[2025-12-16 16:05:47,278][INFO] brain.language: Learned new word: 'who' (ID: 163)
[2025-12-16 16:05:47,279][INFO] brain.language: Learned new word: 'fond' (ID: 164)
[2025-12-16 16:05:47,279][INFO] brain.language: Learned new word: 'tomb,' (ID: 165)
[2025-12-16 16:05:47,279][INFO] brain.language: Learned new word: 'self-love' (ID: 166)
[2025-12-16 16:05:47,279][INFO] brain.language: Learned new word: 'stop' (ID: 167)
[2025-12-16 16:05:47,279][INFO] brain.language: Learned new word: 'posterity?' (ID: 168)
[2025-12-16 16:05:47,279][INFO] brain.language: Learned new word: 'mother's' (ID: 169)
[2025-12-16 16:05:47,279][INFO] brain.language: Learned new word: 'calls' (ID: 170)
[2025-12-16 16:05:47,279][INFO] brain.language: Learned new word: 'back' (ID: 171)
[2025-12-16 16:05:47,279][INFO] brain.language: Learned new word: 'lovely' (ID: 172)
[2025-12-16 16:05:47,279][INFO] brain.language: Learned new word: 'april' (ID: 173)
[2025-12-16 16:05:47,280][INFO] brain.language: Learned new word: 'her' (ID: 174)
[2025-12-16 16:05:47,280][INFO] brain.language: Learned new word: 'prime,' (ID: 175)
[2025-12-16 16:05:47,280][INFO] brain.language: Learned new word: 'through' (ID: 176)
[2025-12-16 16:05:47,280][INFO] brain.language: Learned new word: 'windows' (ID: 177)
[2025-12-16 16:05:47,280][INFO] brain.language: Learned new word: 'age' (ID: 178)
[2025-12-16 16:05:47,280][INFO] brain.language: Learned new word: 'shalt' (ID: 179)
[2025-12-16 16:05:47,280][INFO] brain.language: Learned new word: 'see,' (ID: 180)
[2025-12-16 16:05:47,280][INFO] brain.language: Learned new word: 'despite' (ID: 181)
[2025-12-16 16:05:47,280][INFO] brain.language: Learned new word: 'wrinkles' (ID: 182)
[2025-12-16 16:05:47,280][INFO] brain.language: Learned new word: 'golden' (ID: 183)
[2025-12-16 16:05:47,281][INFO] brain.language: Learned new word: 'live' (ID: 184)
[2025-12-16 16:05:47,281][INFO] brain.language: Learned new word: 'remembered' (ID: 185)
[2025-12-16 16:05:47,281][INFO] brain.language: Learned new word: 'die' (ID: 186)
[2025-12-16 16:05:47,281][INFO] brain.language: Learned new word: 'single' (ID: 187)
[2025-12-16 16:05:47,281][INFO] brain.language: Learned new word: 'image' (ID: 188)
[2025-12-16 16:05:47,281][INFO] brain.language: Learned new word: 'dies' (ID: 189)
[2025-12-16 16:05:47,281][INFO] brain.language: Learned new word: 'unthrifty' (ID: 190)
[2025-12-16 16:05:47,282][INFO] brain.language: Learned new word: 'loveliness' (ID: 191)
[2025-12-16 16:05:47,282][INFO] brain.language: Learned new word: 'why' (ID: 192)
[2025-12-16 16:05:47,282][INFO] brain.language: Learned new word: 'spend,' (ID: 193)
[2025-12-16 16:05:47,282][INFO] brain.language: Learned new word: 'upon' (ID: 194)
[2025-12-16 16:05:47,282][INFO] brain.language: Learned new word: 'legacy?' (ID: 195)
[2025-12-16 16:05:47,282][INFO] brain.language: Learned new word: 'nature's' (ID: 196)
[2025-12-16 16:05:47,282][INFO] brain.language: Learned new word: 'bequest' (ID: 197)
[2025-12-16 16:05:47,282][INFO] brain.language: Learned new word: 'gives' (ID: 198)
[2025-12-16 16:05:47,282][INFO] brain.language: Learned new word: 'nothing' (ID: 199)
[2025-12-16 16:05:47,282][INFO] brain.language: Learned new word: 'doth' (ID: 200)
[2025-12-16 16:05:47,282][INFO] brain.language: Learned new word: 'lend,' (ID: 201)
[2025-12-16 16:05:47,282][INFO] brain.language: Learned new word: 'frank' (ID: 202)
[2025-12-16 16:05:47,283][INFO] brain.language: Learned new word: 'lends' (ID: 203)
[2025-12-16 16:05:47,283][INFO] brain.language: Learned new word: 'those' (ID: 204)
[2025-12-16 16:05:47,283][INFO] brain.language: Learned new word: 'are' (ID: 205)
[2025-12-16 16:05:47,283][INFO] brain.language: Learned new word: 'free:' (ID: 206)
[2025-12-16 16:05:47,283][INFO] brain.language: Learned new word: 'beauteous' (ID: 207)
[2025-12-16 16:05:47,283][INFO] brain.language: Learned new word: 'niggard' (ID: 208)
[2025-12-16 16:05:47,283][INFO] brain.language: Learned new word: 'abuse,' (ID: 209)
[2025-12-16 16:05:47,283][INFO] brain.language: Learned new word: 'bounteous' (ID: 210)
[2025-12-16 16:05:47,283][INFO] brain.language: Learned new word: 'largess' (ID: 211)
[2025-12-16 16:05:47,283][INFO] brain.language: Learned new word: 'given' (ID: 212)
[2025-12-16 16:05:47,284][INFO] brain.language: Learned new word: 'give?' (ID: 213)
[2025-12-16 16:05:47,284][INFO] brain.language: Learned new word: 'profitless' (ID: 214)
[2025-12-16 16:05:47,284][INFO] brain.language: Learned new word: 'usurer' (ID: 215)
[2025-12-16 16:05:47,284][INFO] brain.language: Learned new word: 'use' (ID: 216)
[2025-12-16 16:05:47,284][INFO] brain.language: Learned new word: 'great' (ID: 217)
[2025-12-16 16:05:47,284][INFO] brain.language: Learned new word: 'sums' (ID: 218)
[2025-12-16 16:05:47,284][INFO] brain.language: Learned new word: 'yet' (ID: 219)
[2025-12-16 16:05:47,284][INFO] brain.language: Learned new word: 'canst' (ID: 220)
[2025-12-16 16:05:47,284][INFO] brain.language: Learned new word: 'live?' (ID: 221)
[2025-12-16 16:05:47,284][INFO] brain.language: Learned new word: 'having' (ID: 222)
[2025-12-16 16:05:47,285][INFO] brain.language: Learned new word: 'traffic' (ID: 223)
[2025-12-16 16:05:47,285][INFO] brain.language: Learned new word: 'alone,' (ID: 224)
[2025-12-16 16:05:47,285][INFO] brain.language: Learned new word: 'deceive,' (ID: 225)
[2025-12-16 16:05:47,285][INFO] brain.language: Learned new word: 'nature' (ID: 226)
[2025-12-16 16:05:47,285][INFO] brain.language: Learned new word: 'gone,' (ID: 227)
[2025-12-16 16:05:47,285][INFO] brain.language: Learned new word: 'what' (ID: 228)
[2025-12-16 16:05:47,285][INFO] brain.language: Learned new word: 'acceptable' (ID: 229)
[2025-12-16 16:05:47,285][INFO] brain.language: Learned new word: 'audit' (ID: 230)
[2025-12-16 16:05:47,285][INFO] brain.language: Learned new word: 'leave?' (ID: 231)
[2025-12-16 16:05:47,285][INFO] brain.language: Learned new word: 'unused' (ID: 232)
[2025-12-16 16:05:47,285][INFO] brain.language: Learned new word: 'must' (ID: 233)
[2025-12-16 16:05:47,286][INFO] brain.language: Learned new word: 'tombed' (ID: 234)
[2025-12-16 16:05:47,286][INFO] brain.language: Learned new word: 'thee,' (ID: 235)
[2025-12-16 16:05:47,286][INFO] brain.language: Learned new word: 'which' (ID: 236)
[2025-12-16 16:05:47,286][INFO] brain.language: Learned new word: 'used' (ID: 237)
[2025-12-16 16:05:47,286][INFO] brain.language: Learned new word: 'lives' (ID: 238)
[2025-12-16 16:05:47,286][INFO] brain.language: Learned new word: 'th'' (ID: 239)
[2025-12-16 16:05:47,286][INFO] brain.language: Learned new word: 'executor' (ID: 240)
[2025-12-16 16:05:47,286][INFO] brain.language: Learned new word: 'hours' (ID: 241)
[2025-12-16 16:05:47,286][INFO] brain.language: Learned new word: 'gentle' (ID: 242)
[2025-12-16 16:05:47,286][INFO] brain.language: Learned new word: 'work' (ID: 243)
[2025-12-16 16:05:47,287][INFO] brain.language: Learned new word: 'did' (ID: 244)
[2025-12-16 16:05:47,287][INFO] brain.language: Learned new word: 'frame' (ID: 245)
[2025-12-16 16:05:47,287][INFO] brain.language: Learned new word: 'gaze' (ID: 246)
[2025-12-16 16:05:47,287][INFO] brain.language: Learned new word: 'every' (ID: 247)
[2025-12-16 16:05:47,287][INFO] brain.language: Learned new word: 'eye' (ID: 248)
[2025-12-16 16:05:47,287][INFO] brain.language: Learned new word: 'dwell' (ID: 249)
[2025-12-16 16:05:47,287][INFO] brain.language: Learned new word: 'play' (ID: 250)
[2025-12-16 16:05:47,287][INFO] brain.language: Learned new word: 'tyrants' (ID: 251)
[2025-12-16 16:05:47,287][INFO] brain.language: Learned new word: 'very' (ID: 252)
[2025-12-16 16:05:47,287][INFO] brain.language: Learned new word: 'same,' (ID: 253)
[2025-12-16 16:05:47,287][INFO] brain.language: Learned new word: 'unfair' (ID: 254)
[2025-12-16 16:05:47,287][INFO] brain.language: Learned new word: 'fairly' (ID: 255)
[2025-12-16 16:05:47,288][INFO] brain.language: Learned new word: 'excel:' (ID: 256)
[2025-12-16 16:05:47,288][INFO] brain.language: Learned new word: 'never-resting' (ID: 257)
[2025-12-16 16:05:47,288][INFO] brain.language: Learned new word: 'leads' (ID: 258)
[2025-12-16 16:05:47,288][INFO] brain.language: Learned new word: 'summer' (ID: 259)
[2025-12-16 16:05:47,288][INFO] brain.language: Learned new word: 'hideous' (ID: 260)
[2025-12-16 16:05:47,288][INFO] brain.language: Learned new word: 'winter' (ID: 261)
[2025-12-16 16:05:47,288][INFO] brain.language: Learned new word: 'confounds' (ID: 262)
[2025-12-16 16:05:47,288][INFO] brain.language: Learned new word: 'him' (ID: 263)
[2025-12-16 16:05:47,288][INFO] brain.language: Learned new word: 'there,' (ID: 264)
[2025-12-16 16:05:47,288][INFO] brain.language: Learned new word: 'sap' (ID: 265)
[2025-12-16 16:05:47,288][INFO] brain.language: Learned new word: 'checked' (ID: 266)
[2025-12-16 16:05:47,289][INFO] brain.language: Learned new word: 'frost' (ID: 267)
[2025-12-16 16:05:47,289][INFO] brain.language: Learned new word: 'leaves' (ID: 268)
[2025-12-16 16:05:47,289][INFO] brain.language: Learned new word: 'quite' (ID: 269)
[2025-12-16 16:05:47,289][INFO] brain.language: Learned new word: 'o'er-snowed' (ID: 270)
[2025-12-16 16:05:47,289][INFO] brain.language: Learned new word: 'bareness' (ID: 271)
[2025-12-16 16:05:47,289][INFO] brain.language: Learned new word: 'where:' (ID: 272)
[2025-12-16 16:05:47,289][INFO] brain.language: Learned new word: 'summer's' (ID: 273)
[2025-12-16 16:05:47,289][INFO] brain.language: Learned new word: 'distillation' (ID: 274)
[2025-12-16 16:05:47,289][INFO] brain.language: Learned new word: 'left' (ID: 275)
[2025-12-16 16:05:47,289][INFO] brain.language: Learned new word: 'liquid' (ID: 276)
[2025-12-16 16:05:47,289][INFO] brain.language: Learned new word: 'prisoner' (ID: 277)
[2025-12-16 16:05:47,289][INFO] brain.language: Learned new word: 'pent' (ID: 278)
[2025-12-16 16:05:47,290][INFO] brain.language: Learned new word: 'walls' (ID: 279)
[2025-12-16 16:05:47,290][INFO] brain.language: Learned new word: 'glass,' (ID: 280)
[2025-12-16 16:05:47,290][INFO] brain.language: Learned new word: 'effect' (ID: 281)
[2025-12-16 16:05:47,290][INFO] brain.language: Learned new word: 'bereft,' (ID: 282)
[2025-12-16 16:05:47,290][INFO] brain.language: Learned new word: 'nor' (ID: 283)
[2025-12-16 16:05:47,290][INFO] brain.language: Learned new word: 'remembrance' (ID: 284)
[2025-12-16 16:05:47,290][INFO] brain.language: Learned new word: 'was' (ID: 285)
[2025-12-16 16:05:47,290][INFO] brain.language: Learned new word: 'flowers' (ID: 286)
[2025-12-16 16:05:47,290][INFO] brain.language: Learned new word: 'distilled' (ID: 287)
[2025-12-16 16:05:47,290][INFO] brain.language: Learned new word: 'though' (ID: 288)
[2025-12-16 16:05:47,291][INFO] brain.language: Learned new word: 'they' (ID: 289)
[2025-12-16 16:05:47,291][INFO] brain.language: Learned new word: 'meet,' (ID: 290)
[2025-12-16 16:05:47,291][INFO] brain.language: Learned new word: 'leese' (ID: 291)
[2025-12-16 16:05:47,291][INFO] brain.language: Learned new word: 'their' (ID: 292)
[2025-12-16 16:05:47,291][INFO] brain.language: Learned new word: 'show,' (ID: 293)
[2025-12-16 16:05:47,291][INFO] brain.language: Learned new word: 'substance' (ID: 294)
[2025-12-16 16:05:47,291][INFO] brain.language: Learned new word: 'still' (ID: 295)
[2025-12-16 16:05:47,291][INFO] brain.language: Learned new word: 'let' (ID: 296)
[2025-12-16 16:05:47,291][INFO] brain.language: Learned new word: 'winter's' (ID: 297)
[2025-12-16 16:05:47,291][INFO] brain.language: Learned new word: 'ragged' (ID: 298)
[2025-12-16 16:05:47,292][INFO] brain.language: Learned new word: 'hand' (ID: 299)
[2025-12-16 16:05:47,292][INFO] brain.language: Learned new word: 'deface,' (ID: 300)
[2025-12-16 16:05:47,292][INFO] brain.language: Learned new word: 'ere' (ID: 301)
[2025-12-16 16:05:47,292][INFO] brain.language: Learned new word: 'distilled:' (ID: 302)
[2025-12-16 16:05:47,292][INFO] brain.language: Learned new word: 'vial;' (ID: 303)
[2025-12-16 16:05:47,292][INFO] brain.language: Learned new word: 'place,' (ID: 304)
[2025-12-16 16:05:47,292][INFO] brain.language: Learned new word: 'self-killed:' (ID: 305)
[2025-12-16 16:05:47,292][INFO] brain.language: Learned new word: 'forbidden' (ID: 306)
[2025-12-16 16:05:47,292][INFO] brain.language: Learned new word: 'usury,' (ID: 307)
[2025-12-16 16:05:47,292][INFO] brain.language: Learned new word: 'happies' (ID: 308)
[2025-12-16 16:05:47,292][INFO] brain.language: Learned new word: 'pay' (ID: 309)
[2025-12-16 16:05:47,293][INFO] brain.language: Learned new word: 'willing' (ID: 310)
[2025-12-16 16:05:47,293][INFO] brain.language: Learned new word: 'loan;' (ID: 311)
[2025-12-16 16:05:47,293][INFO] brain.language: Learned new word: 'that's' (ID: 312)
[2025-12-16 16:05:47,293][INFO] brain.language: Learned new word: 'breed' (ID: 313)
[2025-12-16 16:05:47,293][INFO] brain.language: Learned new word: 'another' (ID: 314)
[2025-12-16 16:05:47,293][INFO] brain.language: Learned new word: 'ten' (ID: 315)
[2025-12-16 16:05:47,293][INFO] brain.language: Learned new word: 'times' (ID: 316)
[2025-12-16 16:05:47,293][INFO] brain.language: Learned new word: 'happier' (ID: 317)
[2025-12-16 16:05:47,293][INFO] brain.language: Learned new word: 'one,' (ID: 318)
[2025-12-16 16:05:47,293][INFO] brain.language: Learned new word: 'than' (ID: 319)
[2025-12-16 16:05:47,293][INFO] brain.language: Learned new word: 'art,' (ID: 320)
[2025-12-16 16:05:47,293][INFO] brain.language: Learned new word: 'refigured' (ID: 321)
[2025-12-16 16:05:47,294][INFO] brain.language: Learned new word: 'thee:' (ID: 322)
[2025-12-16 16:05:47,294][INFO] brain.language: Learned new word: 'could' (ID: 323)
[2025-12-16 16:05:47,294][INFO] brain.language: Learned new word: 'death' (ID: 324)
[2025-12-16 16:05:47,294][INFO] brain.language: Learned new word: 'shouldst' (ID: 325)
[2025-12-16 16:05:47,294][INFO] brain.language: Learned new word: 'depart,' (ID: 326)
[2025-12-16 16:05:47,294][INFO] brain.language: Learned new word: 'leaving' (ID: 327)
[2025-12-16 16:05:47,294][INFO] brain.language: Learned new word: 'living' (ID: 328)
[2025-12-16 16:05:47,294][INFO] brain.language: Learned new word: 'self-willed' (ID: 329)
[2025-12-16 16:05:47,294][INFO] brain.language: Learned new word: 'fair,' (ID: 330)
[2025-12-16 16:05:47,294][INFO] brain.language: Learned new word: 'death's' (ID: 331)
[2025-12-16 16:05:47,294][INFO] brain.language: Learned new word: 'conquest' (ID: 332)
[2025-12-16 16:05:47,295][INFO] brain.language: Learned new word: 'worms' (ID: 333)
[2025-12-16 16:05:47,295][INFO] brain.language: Learned new word: 'orient' (ID: 334)
[2025-12-16 16:05:47,295][INFO] brain.language: Learned new word: 'gracious' (ID: 335)
[2025-12-16 16:05:47,295][INFO] brain.language: Learned new word: 'light' (ID: 336)
[2025-12-16 16:05:47,295][INFO] brain.language: Learned new word: 'lifts' (ID: 337)
[2025-12-16 16:05:47,296][INFO] brain.language: Learned new word: 'burning' (ID: 338)
[2025-12-16 16:05:47,296][INFO] brain.language: Learned new word: 'head,' (ID: 339)
[2025-12-16 16:05:47,296][INFO] brain.language: Learned new word: 'each' (ID: 340)
[2025-12-16 16:05:47,296][INFO] brain.language: Learned new word: 'under' (ID: 341)
[2025-12-16 16:05:47,296][INFO] brain.language: Learned new word: 'homage' (ID: 342)
[2025-12-16 16:05:47,296][INFO] brain.language: Learned new word: 'new-appearing' (ID: 343)
[2025-12-16 16:05:47,296][INFO] brain.language: Learned new word: 'sight,' (ID: 344)
[2025-12-16 16:05:47,296][INFO] brain.language: Learned new word: 'serving' (ID: 345)
[2025-12-16 16:05:47,297][INFO] brain.language: Learned new word: 'looks' (ID: 346)
[2025-12-16 16:05:47,297][INFO] brain.language: Learned new word: 'sacred' (ID: 347)
[2025-12-16 16:05:47,297][INFO] brain.language: Learned new word: 'majesty,' (ID: 348)
[2025-12-16 16:05:47,297][INFO] brain.language: Learned new word: 'climbed' (ID: 349)
[2025-12-16 16:05:47,297][INFO] brain.language: Learned new word: 'steep-up' (ID: 350)
[2025-12-16 16:05:47,297][INFO] brain.language: Learned new word: 'heavenly' (ID: 351)
[2025-12-16 16:05:47,297][INFO] brain.language: Learned new word: 'hill,' (ID: 352)
[2025-12-16 16:05:47,297][INFO] brain.language: Learned new word: 'resembling' (ID: 353)
[2025-12-16 16:05:47,297][INFO] brain.language: Learned new word: 'strong' (ID: 354)
[2025-12-16 16:05:47,298][INFO] brain.language: Learned new word: 'youth' (ID: 355)
[2025-12-16 16:05:47,298][INFO] brain.language: Learned new word: 'middle' (ID: 356)
[2025-12-16 16:05:47,298][INFO] brain.language: Learned new word: 'age,' (ID: 357)
[2025-12-16 16:05:47,298][INFO] brain.language: Learned new word: 'mortal' (ID: 358)
[2025-12-16 16:05:47,298][INFO] brain.language: Learned new word: 'adore' (ID: 359)
[2025-12-16 16:05:47,298][INFO] brain.language: Learned new word: 'still,' (ID: 360)
[2025-12-16 16:05:47,298][INFO] brain.language: Learned new word: 'attending' (ID: 361)
[2025-12-16 16:05:47,298][INFO] brain.language: Learned new word: 'pilgrimage:' (ID: 362)
[2025-12-16 16:05:47,298][INFO] brain.language: Learned new word: 'highmost' (ID: 363)
[2025-12-16 16:05:47,298][INFO] brain.language: Learned new word: 'pitch' (ID: 364)
[2025-12-16 16:05:47,299][INFO] brain.language: Learned new word: 'weary' (ID: 365)
[2025-12-16 16:05:47,299][INFO] brain.language: Learned new word: 'car,' (ID: 366)
[2025-12-16 16:05:47,299][INFO] brain.language: Learned new word: 'like' (ID: 367)
[2025-12-16 16:05:47,299][INFO] brain.language: Learned new word: 'feeble' (ID: 368)
[2025-12-16 16:05:47,299][INFO] brain.language: Learned new word: 'reeleth' (ID: 369)
[2025-12-16 16:05:47,299][INFO] brain.language: Learned new word: 'day,' (ID: 370)
[2025-12-16 16:05:47,299][INFO] brain.language: Learned new word: 'eyes' (ID: 371)
[2025-12-16 16:05:47,299][INFO] brain.language: Learned new word: '(fore' (ID: 372)
[2025-12-16 16:05:47,299][INFO] brain.language: Learned new word: 'duteous)' (ID: 373)
[2025-12-16 16:05:47,299][INFO] brain.language: Learned new word: 'converted' (ID: 374)
[2025-12-16 16:05:47,299][INFO] brain.language: Learned new word: 'low' (ID: 375)
[2025-12-16 16:05:47,300][INFO] brain.language: Learned new word: 'tract' (ID: 376)
[2025-12-16 16:05:47,300][INFO] brain.language: Learned new word: 'way:' (ID: 377)
[2025-12-16 16:05:47,300][INFO] brain.language: Learned new word: 'thou,' (ID: 378)
[2025-12-16 16:05:47,300][INFO] brain.language: Learned new word: 'out-going' (ID: 379)
[2025-12-16 16:05:47,300][INFO] brain.language: Learned new word: 'noon:' (ID: 380)
[2025-12-16 16:05:47,300][INFO] brain.language: Learned new word: 'unlooked' (ID: 381)
[2025-12-16 16:05:47,300][INFO] brain.language: Learned new word: 'diest' (ID: 382)
[2025-12-16 16:05:47,300][INFO] brain.language: Learned new word: 'unless' (ID: 383)
[2025-12-16 16:05:47,300][INFO] brain.language: Learned new word: 'get' (ID: 384)
[2025-12-16 16:05:47,300][INFO] brain.language: Learned new word: 'son' (ID: 385)
[2025-12-16 16:05:47,301][INFO] brain.language: Learned new word: 'music' (ID: 386)
[2025-12-16 16:05:47,301][INFO] brain.language: Learned new word: 'hear,' (ID: 387)
[2025-12-16 16:05:47,301][INFO] brain.language: Learned new word: 'hear'st' (ID: 388)
[2025-12-16 16:05:47,301][INFO] brain.language: Learned new word: 'sadly?' (ID: 389)
[2025-12-16 16:05:47,301][INFO] brain.language: Learned new word: 'sweets' (ID: 390)
[2025-12-16 16:05:47,301][INFO] brain.language: Learned new word: 'war' (ID: 391)
[2025-12-16 16:05:47,301][INFO] brain.language: Learned new word: 'not,' (ID: 392)
[2025-12-16 16:05:47,301][INFO] brain.language: Learned new word: 'joy' (ID: 393)
[2025-12-16 16:05:47,301][INFO] brain.language: Learned new word: 'delights' (ID: 394)
[2025-12-16 16:05:47,302][INFO] brain.language: Learned new word: 'joy:' (ID: 395)
[2025-12-16 16:05:47,302][INFO] brain.language: Learned new word: 'lov'st' (ID: 396)
[2025-12-16 16:05:47,302][INFO] brain.language: Learned new word: 'receiv'st' (ID: 397)
[2025-12-16 16:05:47,302][INFO] brain.language: Learned new word: 'gladly,' (ID: 398)
[2025-12-16 16:05:47,302][INFO] brain.language: Learned new word: 'pleasure' (ID: 399)
[2025-12-16 16:05:47,302][INFO] brain.language: Learned new word: 'annoy?' (ID: 400)
[2025-12-16 16:05:47,302][INFO] brain.language: Learned new word: 'true' (ID: 401)
[2025-12-16 16:05:47,302][INFO] brain.language: Learned new word: 'concord' (ID: 402)
[2025-12-16 16:05:47,302][INFO] brain.language: Learned new word: 'well-tuned' (ID: 403)
[2025-12-16 16:05:47,302][INFO] brain.language: Learned new word: 'sounds,' (ID: 404)
[2025-12-16 16:05:47,302][INFO] brain.language: Learned new word: 'unions' (ID: 405)
[2025-12-16 16:05:47,303][INFO] brain.language: Learned new word: 'married' (ID: 406)
[2025-12-16 16:05:47,303][INFO] brain.language: Learned new word: 'offend' (ID: 407)
[2025-12-16 16:05:47,303][INFO] brain.language: Learned new word: 'ear,' (ID: 408)
[2025-12-16 16:05:47,303][INFO] brain.language: Learned new word: 'sweetly' (ID: 409)
[2025-12-16 16:05:47,303][INFO] brain.language: Learned new word: 'chide' (ID: 410)
[2025-12-16 16:05:47,303][INFO] brain.language: Learned new word: 'singleness' (ID: 411)
[2025-12-16 16:05:47,303][INFO] brain.language: Learned new word: 'parts' (ID: 412)
[2025-12-16 16:05:47,303][INFO] brain.language: Learned new word: 'bear:' (ID: 413)
[2025-12-16 16:05:47,303][INFO] brain.language: Learned new word: 'mark' (ID: 414)
[2025-12-16 16:05:47,303][INFO] brain.language: Learned new word: 'one' (ID: 415)
[2025-12-16 16:05:47,303][INFO] brain.language: Learned new word: 'string' (ID: 416)
[2025-12-16 16:05:47,304][INFO] brain.language: Learned new word: 'husband' (ID: 417)
[2025-12-16 16:05:47,304][INFO] brain.language: Learned new word: 'strikes' (ID: 418)
[2025-12-16 16:05:47,304][INFO] brain.language: Learned new word: 'mutual' (ID: 419)
[2025-12-16 16:05:47,304][INFO] brain.language: Learned new word: 'ordering;' (ID: 420)
[2025-12-16 16:05:47,304][INFO] brain.language: Learned new word: 'sire,' (ID: 421)
[2025-12-16 16:05:47,304][INFO] brain.language: Learned new word: 'child,' (ID: 422)
[2025-12-16 16:05:47,304][INFO] brain.language: Learned new word: 'happy' (ID: 423)
[2025-12-16 16:05:47,304][INFO] brain.language: Learned new word: 'mother,' (ID: 424)
[2025-12-16 16:05:47,304][INFO] brain.language: Learned new word: 'pleasing' (ID: 425)
[2025-12-16 16:05:47,304][INFO] brain.language: Learned new word: 'note' (ID: 426)
[2025-12-16 16:05:47,304][INFO] brain.language: Learned new word: 'sing:' (ID: 427)
[2025-12-16 16:05:47,305][INFO] brain.language: Learned new word: 'speechless' (ID: 428)
[2025-12-16 16:05:47,305][INFO] brain.language: Learned new word: 'song' (ID: 429)
[2025-12-16 16:05:47,305][INFO] brain.language: Learned new word: 'many,' (ID: 430)
[2025-12-16 16:05:47,305][INFO] brain.language: Learned new word: 'seeming' (ID: 431)
[2025-12-16 16:05:47,305][INFO] brain.language: Learned new word: 'sings' (ID: 432)
[2025-12-16 16:05:47,305][INFO] brain.language: Learned new word: ''thou' (ID: 433)
[2025-12-16 16:05:47,305][INFO] brain.language: Learned new word: 'wilt' (ID: 434)
[2025-12-16 16:05:47,305][INFO] brain.language: Learned new word: 'prove' (ID: 435)
[2025-12-16 16:05:47,305][INFO] brain.language: Learned new word: 'none'' (ID: 436)
[2025-12-16 16:05:47,306][INFO] brain.language: Learned new word: 'fear' (ID: 437)
[2025-12-16 16:05:47,306][INFO] brain.language: Learned new word: 'wet' (ID: 438)
[2025-12-16 16:05:47,306][INFO] brain.language: Learned new word: 'widow's' (ID: 439)
[2025-12-16 16:05:47,306][INFO] brain.language: Learned new word: 'eye,' (ID: 440)
[2025-12-16 16:05:47,306][INFO] brain.language: Learned new word: 'consum'st' (ID: 441)
[2025-12-16 16:05:47,306][INFO] brain.language: Learned new word: 'life?' (ID: 442)
[2025-12-16 16:05:47,306][INFO] brain.language: Learned new word: 'ah,' (ID: 443)
[2025-12-16 16:05:47,306][INFO] brain.language: Learned new word: 'issueless' (ID: 444)
[2025-12-16 16:05:47,306][INFO] brain.language: Learned new word: 'hap' (ID: 445)
[2025-12-16 16:05:47,306][INFO] brain.language: Learned new word: 'world' (ID: 446)
[2025-12-16 16:05:47,306][INFO] brain.language: Learned new word: 'wail' (ID: 447)
[2025-12-16 16:05:47,306][INFO] brain.language: Learned new word: 'makeless' (ID: 448)
[2025-12-16 16:05:47,307][INFO] brain.language: Learned new word: 'wife,' (ID: 449)
[2025-12-16 16:05:47,307][INFO] brain.language: Learned new word: 'widow' (ID: 450)
[2025-12-16 16:05:47,307][INFO] brain.language: Learned new word: 'weep,' (ID: 451)
[2025-12-16 16:05:47,307][INFO] brain.language: Learned new word: 'hast' (ID: 452)
[2025-12-16 16:05:47,307][INFO] brain.language: Learned new word: 'behind,' (ID: 453)
[2025-12-16 16:05:47,307][INFO] brain.language: Learned new word: 'private' (ID: 454)
[2025-12-16 16:05:47,307][INFO] brain.language: Learned new word: 'well' (ID: 455)
[2025-12-16 16:05:47,307][INFO] brain.language: Learned new word: 'may' (ID: 456)
[2025-12-16 16:05:47,307][INFO] brain.language: Learned new word: 'keep,' (ID: 457)
[2025-12-16 16:05:47,307][INFO] brain.language: Learned new word: 'children's' (ID: 458)
[2025-12-16 16:05:47,307][INFO] brain.language: Learned new word: 'husband's' (ID: 459)
[2025-12-16 16:05:47,308][INFO] brain.language: Learned new word: 'shape' (ID: 460)
[2025-12-16 16:05:47,308][INFO] brain.language: Learned new word: 'mind:' (ID: 461)
[2025-12-16 16:05:47,308][INFO] brain.language: Learned new word: 'unthrift' (ID: 462)
[2025-12-16 16:05:47,308][INFO] brain.language: Learned new word: 'spend' (ID: 463)
[2025-12-16 16:05:47,308][INFO] brain.language: Learned new word: 'shifts' (ID: 464)
[2025-12-16 16:05:47,308][INFO] brain.language: Learned new word: 'enjoys' (ID: 465)
[2025-12-16 16:05:47,308][INFO] brain.language: Learned new word: 'it;' (ID: 466)
[2025-12-16 16:05:47,308][INFO] brain.language: Learned new word: 'hath' (ID: 467)
[2025-12-16 16:05:47,308][INFO] brain.language: Learned new word: 'end,' (ID: 468)
[2025-12-16 16:05:47,308][INFO] brain.language: Learned new word: 'kept' (ID: 469)
[2025-12-16 16:05:47,308][INFO] brain.language: Learned new word: 'user' (ID: 470)
[2025-12-16 16:05:47,309][INFO] brain.language: Learned new word: 'destroys' (ID: 471)
[2025-12-16 16:05:47,309][INFO] brain.language: Learned new word: 'it:' (ID: 472)
[2025-12-16 16:05:47,309][INFO] brain.language: Learned new word: 'love' (ID: 473)
[2025-12-16 16:05:47,309][INFO] brain.language: Learned new word: 'toward' (ID: 474)
[2025-12-16 16:05:47,309][INFO] brain.language: Learned new word: 'others' (ID: 475)
[2025-12-16 16:05:47,309][INFO] brain.language: Learned new word: 'bosom' (ID: 476)
[2025-12-16 16:05:47,309][INFO] brain.language: Learned new word: 'sits' (ID: 477)
[2025-12-16 16:05:47,309][INFO] brain.language: Learned new word: 'himself' (ID: 478)
[2025-12-16 16:05:47,309][INFO] brain.language: Learned new word: 'such' (ID: 479)
[2025-12-16 16:05:47,309][INFO] brain.language: Learned new word: 'murd'rous' (ID: 480)
[2025-12-16 16:05:47,309][INFO] brain.language: Learned new word: 'shame' (ID: 481)
[2025-12-16 16:05:47,310][INFO] brain.language: Learned new word: 'commits' (ID: 482)
[2025-12-16 16:05:47,310][INFO] brain.language: Learned new word: 'deny' (ID: 483)
[2025-12-16 16:05:47,310][INFO] brain.language: Learned new word: 'bear'st' (ID: 484)
[2025-12-16 16:05:47,310][INFO] brain.language: Learned new word: 'any' (ID: 485)
[2025-12-16 16:05:47,310][INFO] brain.language: Learned new word: 'unprovident' (ID: 486)
[2025-12-16 16:05:47,310][INFO] brain.language: Learned new word: 'grant' (ID: 487)
[2025-12-16 16:05:47,310][INFO] brain.language: Learned new word: 'wilt,' (ID: 488)
[2025-12-16 16:05:47,310][INFO] brain.language: Learned new word: 'beloved' (ID: 489)
[2025-12-16 16:05:47,311][INFO] brain.language: Learned new word: 'none' (ID: 490)
[2025-12-16 16:05:47,311][INFO] brain.language: Learned new word: 'most' (ID: 491)
[2025-12-16 16:05:47,311][INFO] brain.language: Learned new word: 'evident:' (ID: 492)
[2025-12-16 16:05:47,311][INFO] brain.language: Learned new word: 'possessed' (ID: 493)
[2025-12-16 16:05:47,311][INFO] brain.language: Learned new word: 'hate,' (ID: 494)
[2025-12-16 16:05:47,311][INFO] brain.language: Learned new word: ''gainst' (ID: 495)
[2025-12-16 16:05:47,311][INFO] brain.language: Learned new word: 'stick'st' (ID: 496)
[2025-12-16 16:05:47,311][INFO] brain.language: Learned new word: 'conspire,' (ID: 497)
[2025-12-16 16:05:47,311][INFO] brain.language: Learned new word: 'seeking' (ID: 498)
[2025-12-16 16:05:47,311][INFO] brain.language: Learned new word: 'roof' (ID: 499)
[2025-12-16 16:05:47,311][INFO] brain.language: Learned new word: 'ruinate' (ID: 500)
[2025-12-16 16:05:47,312][INFO] brain.language: Learned new word: 'chief' (ID: 501)
[2025-12-16 16:05:47,312][INFO] brain.language: Learned new word: 'desire:' (ID: 502)
[2025-12-16 16:05:47,312][INFO] brain.language: Learned new word: 'change' (ID: 503)
[2025-12-16 16:05:47,312][INFO] brain.language: Learned new word: 'thought,' (ID: 504)
[2025-12-16 16:05:47,312][INFO] brain.language: Learned new word: 'mind,' (ID: 505)
[2025-12-16 16:05:47,312][INFO] brain.language: Learned new word: 'hate' (ID: 506)
[2025-12-16 16:05:47,312][INFO] brain.language: Learned new word: 'fairer' (ID: 507)
[2025-12-16 16:05:47,312][INFO] brain.language: Learned new word: 'lodged' (ID: 508)
[2025-12-16 16:05:47,312][INFO] brain.language: Learned new word: 'love?' (ID: 509)
[2025-12-16 16:05:47,312][INFO] brain.language: Learned new word: 'presence' (ID: 510)
[2025-12-16 16:05:47,313][INFO] brain.language: Learned new word: 'kind,' (ID: 511)
[2025-12-16 16:05:47,313][INFO] brain.language: Learned new word: 'least' (ID: 512)
[2025-12-16 16:05:47,313][INFO] brain.language: Learned new word: 'kind-hearted' (ID: 513)
[2025-12-16 16:05:47,313][INFO] brain.language: Learned new word: 'prove,' (ID: 514)
[2025-12-16 16:05:47,313][INFO] brain.language: Learned new word: 'me,' (ID: 515)
[2025-12-16 16:05:47,313][INFO] brain.language: Learned new word: 'fast' (ID: 516)
[2025-12-16 16:05:47,313][INFO] brain.language: Learned new word: 'wane' (ID: 517)
[2025-12-16 16:05:47,314][INFO] brain.language: Learned new word: 'grow'st,' (ID: 518)
[2025-12-16 16:05:47,314][INFO] brain.language: Learned new word: 'thine,' (ID: 519)
[2025-12-16 16:05:47,314][INFO] brain.language: Learned new word: 'departest,' (ID: 520)
[2025-12-16 16:05:47,314][INFO] brain.language: Learned new word: 'youngly' (ID: 521)
[2025-12-16 16:05:47,314][INFO] brain.language: Learned new word: 'bestow'st,' (ID: 522)
[2025-12-16 16:05:47,314][INFO] brain.language: Learned new word: 'mayst' (ID: 523)
[2025-12-16 16:05:47,314][INFO] brain.language: Learned new word: 'call' (ID: 524)
[2025-12-16 16:05:47,314][INFO] brain.language: Learned new word: 'convertest,' (ID: 525)
[2025-12-16 16:05:47,314][INFO] brain.language: Learned new word: 'herein' (ID: 526)
[2025-12-16 16:05:47,314][INFO] brain.language: Learned new word: 'wisdom,' (ID: 527)
[2025-12-16 16:05:47,315][INFO] brain.language: Learned new word: 'beauty,' (ID: 528)
[2025-12-16 16:05:47,315][INFO] brain.language: Learned new word: 'without' (ID: 529)
[2025-12-16 16:05:47,315][INFO] brain.language: Learned new word: 'folly,' (ID: 530)
[2025-12-16 16:05:47,315][INFO] brain.language: Learned new word: 'decay,' (ID: 531)
[2025-12-16 16:05:47,315][INFO] brain.language: Learned new word: 'minded' (ID: 532)
[2025-12-16 16:05:47,315][INFO] brain.language: Learned new word: 'so,' (ID: 533)
[2025-12-16 16:05:47,315][INFO] brain.language: Learned new word: 'cease,' (ID: 534)
[2025-12-16 16:05:47,315][INFO] brain.language: Learned new word: 'threescore' (ID: 535)
[2025-12-16 16:05:47,315][INFO] brain.language: Learned new word: 'year' (ID: 536)
[2025-12-16 16:05:47,315][INFO] brain.language: Learned new word: 'would' (ID: 537)
[2025-12-16 16:05:47,315][INFO] brain.language: Learned new word: 'away:' (ID: 538)
[2025-12-16 16:05:47,316][INFO] brain.language: Learned new word: 'whom' (ID: 539)
[2025-12-16 16:05:47,316][INFO] brain.language: Learned new word: 'store,' (ID: 540)
[2025-12-16 16:05:47,316][INFO] brain.language: Learned new word: 'harsh,' (ID: 541)
[2025-12-16 16:05:47,316][INFO] brain.language: Learned new word: 'featureless,' (ID: 542)
[2025-12-16 16:05:47,316][INFO] brain.language: Learned new word: 'rude,' (ID: 543)
[2025-12-16 16:05:47,316][INFO] brain.language: Learned new word: 'barrenly' (ID: 544)
[2025-12-16 16:05:47,316][INFO] brain.language: Learned new word: 'perish:' (ID: 545)
[2025-12-16 16:05:47,316][INFO] brain.language: Learned new word: 'best' (ID: 546)
[2025-12-16 16:05:47,316][INFO] brain.language: Learned new word: 'endowed,' (ID: 547)
[2025-12-16 16:05:47,316][INFO] brain.language: Learned new word: 'gave' (ID: 548)
[2025-12-16 16:05:47,316][INFO] brain.language: Learned new word: 'more;' (ID: 549)
[2025-12-16 16:05:47,317][INFO] brain.language: Learned new word: 'gift' (ID: 550)
[2025-12-16 16:05:47,317][INFO] brain.language: Learned new word: 'bounty' (ID: 551)
[2025-12-16 16:05:47,317][INFO] brain.language: Learned new word: 'cherish:' (ID: 552)
[2025-12-16 16:05:47,317][INFO] brain.language: Learned new word: 'carved' (ID: 553)
[2025-12-16 16:05:47,317][INFO] brain.language: Learned new word: 'seal,' (ID: 554)
[2025-12-16 16:05:47,317][INFO] brain.language: Learned new word: 'meant' (ID: 555)
[2025-12-16 16:05:47,317][INFO] brain.language: Learned new word: 'thereby,' (ID: 556)
[2025-12-16 16:05:47,317][INFO] brain.language: Learned new word: 'print' (ID: 557)
[2025-12-16 16:05:47,317][INFO] brain.language: Learned new word: 'more,' (ID: 558)
[2025-12-16 16:05:47,317][INFO] brain.language: Learned new word: 'copy' (ID: 559)
[2025-12-16 16:05:47,318][INFO] brain.language: Learned new word: 'count' (ID: 560)
[2025-12-16 16:05:47,318][INFO] brain.language: Learned new word: 'clock' (ID: 561)
[2025-12-16 16:05:47,318][INFO] brain.language: Learned new word: 'tells' (ID: 562)
[2025-12-16 16:05:47,318][INFO] brain.language: Learned new word: 'time,' (ID: 563)
[2025-12-16 16:05:47,318][INFO] brain.language: Learned new word: 'brave' (ID: 564)
[2025-12-16 16:05:47,318][INFO] brain.language: Learned new word: 'day' (ID: 565)
[2025-12-16 16:05:47,318][INFO] brain.language: Learned new word: 'sunk' (ID: 566)
[2025-12-16 16:05:47,318][INFO] brain.language: Learned new word: 'night,' (ID: 567)
[2025-12-16 16:05:47,318][INFO] brain.language: Learned new word: 'behold' (ID: 568)
[2025-12-16 16:05:47,318][INFO] brain.language: Learned new word: 'violet' (ID: 569)
[2025-12-16 16:05:47,319][INFO] brain.language: Learned new word: 'past' (ID: 570)
[2025-12-16 16:05:47,319][INFO] brain.language: Learned new word: 'sable' (ID: 571)
[2025-12-16 16:05:47,319][INFO] brain.language: Learned new word: 'curls' (ID: 572)
[2025-12-16 16:05:47,319][INFO] brain.language: Learned new word: 'silvered' (ID: 573)
[2025-12-16 16:05:47,319][INFO] brain.language: Learned new word: 'o'er' (ID: 574)
[2025-12-16 16:05:47,319][INFO] brain.language: Learned new word: 'white:' (ID: 575)
[2025-12-16 16:05:47,319][INFO] brain.language: Learned new word: 'lofty' (ID: 576)
[2025-12-16 16:05:47,319][INFO] brain.language: Learned new word: 'trees' (ID: 577)
[2025-12-16 16:05:47,319][INFO] brain.language: Learned new word: 'barren' (ID: 578)
[2025-12-16 16:05:47,319][INFO] brain.language: Learned new word: 'leaves,' (ID: 579)
[2025-12-16 16:05:47,319][INFO] brain.language: Learned new word: 'erst' (ID: 580)
[2025-12-16 16:05:47,319][INFO] brain.language: Learned new word: 'heat' (ID: 581)
[2025-12-16 16:05:47,320][INFO] brain.language: Learned new word: 'canopy' (ID: 582)
[2025-12-16 16:05:47,320][INFO] brain.language: Learned new word: 'herd' (ID: 583)
[2025-12-16 16:05:47,320][INFO] brain.language: Learned new word: 'green' (ID: 584)
[2025-12-16 16:05:47,320][INFO] brain.language: Learned new word: 'girded' (ID: 585)
[2025-12-16 16:05:47,320][INFO] brain.language: Learned new word: 'sheaves' (ID: 586)
[2025-12-16 16:05:47,320][INFO] brain.language: Learned new word: 'borne' (ID: 587)
[2025-12-16 16:05:47,320][INFO] brain.language: Learned new word: 'bier' (ID: 588)
[2025-12-16 16:05:47,320][INFO] brain.language: Learned new word: 'white' (ID: 589)
[2025-12-16 16:05:47,320][INFO] brain.language: Learned new word: 'bristly' (ID: 590)
[2025-12-16 16:05:47,320][INFO] brain.language: Learned new word: 'beard:' (ID: 591)
[2025-12-16 16:05:47,320][INFO] brain.language: Learned new word: 'question' (ID: 592)
[2025-12-16 16:05:47,321][INFO] brain.language: Learned new word: 'among' (ID: 593)
[2025-12-16 16:05:47,321][INFO] brain.language: Learned new word: 'wastes' (ID: 594)
[2025-12-16 16:05:47,321][INFO] brain.language: Learned new word: 'go,' (ID: 595)
[2025-12-16 16:05:47,321][INFO] brain.language: Learned new word: 'since' (ID: 596)
[2025-12-16 16:05:47,321][INFO] brain.language: Learned new word: 'beauties' (ID: 597)
[2025-12-16 16:05:47,321][INFO] brain.language: Learned new word: 'themselves' (ID: 598)
[2025-12-16 16:05:47,321][INFO] brain.language: Learned new word: 'forsake,' (ID: 599)
[2025-12-16 16:05:47,321][INFO] brain.language: Learned new word: 'grow,' (ID: 600)
[2025-12-16 16:05:47,321][INFO] brain.language: Learned new word: 'time's' (ID: 601)
[2025-12-16 16:05:47,321][INFO] brain.language: Learned new word: 'scythe' (ID: 602)
[2025-12-16 16:05:47,321][INFO] brain.language: Learned new word: 'can' (ID: 603)
[2025-12-16 16:05:47,322][INFO] brain.language: Learned new word: 'defence' (ID: 604)
[2025-12-16 16:05:47,322][INFO] brain.language: Learned new word: 'save' (ID: 605)
[2025-12-16 16:05:47,322][INFO] brain.language: Learned new word: 'him,' (ID: 606)
[2025-12-16 16:05:47,322][INFO] brain.language: Learned new word: 'takes' (ID: 607)
[2025-12-16 16:05:47,322][INFO] brain.language: Learned new word: 'hence' (ID: 608)
[2025-12-16 16:05:47,322][INFO] brain.language: Learned new word: 'you' (ID: 609)
[2025-12-16 16:05:47,322][INFO] brain.language: Learned new word: 'your' (ID: 610)
[2025-12-16 16:05:47,322][INFO] brain.language: Learned new word: 'self,' (ID: 611)
[2025-12-16 16:05:47,322][INFO] brain.language: Learned new word: 'longer' (ID: 612)
[2025-12-16 16:05:47,322][INFO] brain.language: Learned new word: 'yours,' (ID: 613)
[2025-12-16 16:05:47,322][INFO] brain.language: Learned new word: 'here' (ID: 614)
[2025-12-16 16:05:47,323][INFO] brain.language: Learned new word: 'live,' (ID: 615)
[2025-12-16 16:05:47,323][INFO] brain.language: Learned new word: 'against' (ID: 616)
[2025-12-16 16:05:47,323][INFO] brain.language: Learned new word: 'coming' (ID: 617)
[2025-12-16 16:05:47,323][INFO] brain.language: Learned new word: 'end' (ID: 618)
[2025-12-16 16:05:47,323][INFO] brain.language: Learned new word: 'prepare,' (ID: 619)
[2025-12-16 16:05:47,323][INFO] brain.language: Learned new word: 'semblance' (ID: 620)
[2025-12-16 16:05:47,323][INFO] brain.language: Learned new word: 'other' (ID: 621)
[2025-12-16 16:05:47,323][INFO] brain.language: Learned new word: 'give' (ID: 622)
[2025-12-16 16:05:47,323][INFO] brain.language: Learned new word: 'hold' (ID: 623)
[2025-12-16 16:05:47,323][INFO] brain.language: Learned new word: 'lease' (ID: 624)
[2025-12-16 16:05:47,324][INFO] brain.language: Learned new word: 'find' (ID: 625)
[2025-12-16 16:05:47,324][INFO] brain.language: Learned new word: 'determination,' (ID: 626)
[2025-12-16 16:05:47,324][INFO] brain.language: Learned new word: 'again' (ID: 627)
[2025-12-16 16:05:47,324][INFO] brain.language: Learned new word: 'after' (ID: 628)
[2025-12-16 16:05:47,324][INFO] brain.language: Learned new word: 'self's' (ID: 629)
[2025-12-16 16:05:47,324][INFO] brain.language: Learned new word: 'issue' (ID: 630)
[2025-12-16 16:05:47,324][INFO] brain.language: Learned new word: 'lets' (ID: 631)
[2025-12-16 16:05:47,324][INFO] brain.language: Learned new word: 'house' (ID: 632)
[2025-12-16 16:05:47,324][INFO] brain.language: Learned new word: 'fall' (ID: 633)
[2025-12-16 16:05:47,324][INFO] brain.language: Learned new word: 'husbandry' (ID: 634)
[2025-12-16 16:05:47,324][INFO] brain.language: Learned new word: 'honour' (ID: 635)
[2025-12-16 16:05:47,325][INFO] brain.language: Learned new word: 'uphold,' (ID: 636)
[2025-12-16 16:05:47,325][INFO] brain.language: Learned new word: 'stormy' (ID: 637)
[2025-12-16 16:05:47,325][INFO] brain.language: Learned new word: 'gusts' (ID: 638)
[2025-12-16 16:05:47,325][INFO] brain.language: Learned new word: 'rage' (ID: 639)
[2025-12-16 16:05:47,325][INFO] brain.language: Learned new word: 'eternal' (ID: 640)
[2025-12-16 16:05:47,325][INFO] brain.language: Learned new word: 'cold?' (ID: 641)
[2025-12-16 16:05:47,325][INFO] brain.language: Learned new word: 'unthrifts,' (ID: 642)
[2025-12-16 16:05:47,325][INFO] brain.language: Learned new word: 'dear' (ID: 643)
[2025-12-16 16:05:47,325][INFO] brain.language: Learned new word: 'know,' (ID: 644)
[2025-12-16 16:05:47,325][INFO] brain.language: Learned new word: 'had' (ID: 645)
[2025-12-16 16:05:47,325][INFO] brain.language: Learned new word: 'father,' (ID: 646)
[2025-12-16 16:05:47,326][INFO] brain.language: Learned new word: 'stars' (ID: 647)
[2025-12-16 16:05:47,326][INFO] brain.language: Learned new word: 'judgement' (ID: 648)
[2025-12-16 16:05:47,326][INFO] brain.language: Learned new word: 'pluck,' (ID: 649)
[2025-12-16 16:05:47,326][INFO] brain.language: Learned new word: 'methinks' (ID: 650)
[2025-12-16 16:05:47,326][INFO] brain.language: Learned new word: 'have' (ID: 651)
[2025-12-16 16:05:47,326][INFO] brain.language: Learned new word: 'astronomy,' (ID: 652)
[2025-12-16 16:05:47,326][INFO] brain.language: Learned new word: 'good,' (ID: 653)
[2025-12-16 16:05:47,326][INFO] brain.language: Learned new word: 'evil' (ID: 654)
[2025-12-16 16:05:47,326][INFO] brain.language: Learned new word: 'luck,' (ID: 655)
[2025-12-16 16:05:47,326][INFO] brain.language: Learned new word: 'plagues,' (ID: 656)
[2025-12-16 16:05:47,327][INFO] brain.language: Learned new word: 'dearths,' (ID: 657)
[2025-12-16 16:05:47,327][INFO] brain.language: Learned new word: 'seasons'' (ID: 658)
[2025-12-16 16:05:47,327][INFO] brain.language: Learned new word: 'quality,' (ID: 659)
[2025-12-16 16:05:47,327][INFO] brain.language: Learned new word: 'fortune' (ID: 660)
[2025-12-16 16:05:47,327][INFO] brain.language: Learned new word: 'brief' (ID: 661)
[2025-12-16 16:05:47,327][INFO] brain.language: Learned new word: 'minutes' (ID: 662)
[2025-12-16 16:05:47,327][INFO] brain.language: Learned new word: 'tell;' (ID: 663)
[2025-12-16 16:05:47,327][INFO] brain.language: Learned new word: 'pointing' (ID: 664)
[2025-12-16 16:05:47,327][INFO] brain.language: Learned new word: 'thunder,' (ID: 665)
[2025-12-16 16:05:47,327][INFO] brain.language: Learned new word: 'rain' (ID: 666)
[2025-12-16 16:05:47,327][INFO] brain.language: Learned new word: 'wind,' (ID: 667)
[2025-12-16 16:05:47,327][INFO] brain.language: Learned new word: 'princes' (ID: 668)
[2025-12-16 16:05:47,328][INFO] brain.language: Learned new word: 'oft' (ID: 669)
[2025-12-16 16:05:47,328][INFO] brain.language: Learned new word: 'predict' (ID: 670)
[2025-12-16 16:05:47,328][INFO] brain.language: Learned new word: 'heaven' (ID: 671)
[2025-12-16 16:05:47,328][INFO] brain.language: Learned new word: 'knowledge' (ID: 672)
[2025-12-16 16:05:47,328][INFO] brain.language: Learned new word: 'derive,' (ID: 673)
[2025-12-16 16:05:47,328][INFO] brain.language: Learned new word: 'constant' (ID: 674)
[2025-12-16 16:05:47,328][INFO] brain.language: Learned new word: 'them' (ID: 675)
[2025-12-16 16:05:47,328][INFO] brain.language: Learned new word: 'read' (ID: 676)
[2025-12-16 16:05:47,328][INFO] brain.language: Learned new word: 'truth' (ID: 677)
[2025-12-16 16:05:47,329][INFO] brain.language: Learned new word: 'together' (ID: 678)
[2025-12-16 16:05:47,329][INFO] brain.language: Learned new word: 'thrive' (ID: 679)
[2025-12-16 16:05:47,329][INFO] brain.language: Learned new word: 'store' (ID: 680)
[2025-12-16 16:05:47,329][INFO] brain.language: Learned new word: 'wouldst' (ID: 681)
[2025-12-16 16:05:47,329][INFO] brain.language: Learned new word: 'convert:' (ID: 682)
[2025-12-16 16:05:47,329][INFO] brain.language: Learned new word: 'prognosticate,' (ID: 683)
[2025-12-16 16:05:47,329][INFO] brain.language: Learned new word: 'truth's' (ID: 684)
[2025-12-16 16:05:47,329][INFO] brain.language: Learned new word: 'doom' (ID: 685)
[2025-12-16 16:05:47,330][INFO] brain.language: Learned new word: 'date' (ID: 686)
[2025-12-16 16:05:47,330][INFO] brain.language: Learned new word: 'consider' (ID: 687)
[2025-12-16 16:05:47,330][INFO] brain.language: Learned new word: 'thing' (ID: 688)
[2025-12-16 16:05:47,330][INFO] brain.language: Learned new word: 'grows' (ID: 689)
[2025-12-16 16:05:47,330][INFO] brain.language: Learned new word: 'holds' (ID: 690)
[2025-12-16 16:05:47,330][INFO] brain.language: Learned new word: 'perfection' (ID: 691)
[2025-12-16 16:05:47,330][INFO] brain.language: Learned new word: 'little' (ID: 692)
[2025-12-16 16:05:47,331][INFO] brain.language: Learned new word: 'moment' (ID: 693)
[2025-12-16 16:05:47,331][INFO] brain.language: Learned new word: 'huge' (ID: 694)
[2025-12-16 16:05:47,331][INFO] brain.language: Learned new word: 'stage' (ID: 695)
[2025-12-16 16:05:47,331][INFO] brain.language: Learned new word: 'presenteth' (ID: 696)
[2025-12-16 16:05:47,331][INFO] brain.language: Learned new word: 'nought' (ID: 697)
[2025-12-16 16:05:47,331][INFO] brain.language: Learned new word: 'shows' (ID: 698)
[2025-12-16 16:05:47,331][INFO] brain.language: Learned new word: 'whereon' (ID: 699)
[2025-12-16 16:05:47,331][INFO] brain.language: Learned new word: 'secret' (ID: 700)
[2025-12-16 16:05:47,332][INFO] brain.language: Learned new word: 'influence' (ID: 701)
[2025-12-16 16:05:47,332][INFO] brain.language: Learned new word: 'comment' (ID: 702)
[2025-12-16 16:05:47,332][INFO] brain.language: Learned new word: 'perceive' (ID: 703)
[2025-12-16 16:05:47,332][INFO] brain.language: Learned new word: 'men' (ID: 704)
[2025-12-16 16:05:47,332][INFO] brain.language: Learned new word: 'plants' (ID: 705)
[2025-12-16 16:05:47,332][INFO] brain.language: Learned new word: 'cheered' (ID: 706)
[2025-12-16 16:05:47,332][INFO] brain.language: Learned new word: 'even' (ID: 707)
[2025-12-16 16:05:47,332][INFO] brain.language: Learned new word: 'self-same' (ID: 708)
[2025-12-16 16:05:47,332][INFO] brain.language: Learned new word: 'sky:' (ID: 709)
[2025-12-16 16:05:47,333][INFO] brain.language: Learned new word: 'vaunt' (ID: 710)
[2025-12-16 16:05:47,333][INFO] brain.language: Learned new word: 'youthful' (ID: 711)
[2025-12-16 16:05:47,333][INFO] brain.language: Learned new word: 'sap,' (ID: 712)
[2025-12-16 16:05:47,333][INFO] brain.language: Learned new word: 'height' (ID: 713)
[2025-12-16 16:05:47,333][INFO] brain.language: Learned new word: 'decrease,' (ID: 714)
[2025-12-16 16:05:47,333][INFO] brain.language: Learned new word: 'wear' (ID: 715)
[2025-12-16 16:05:47,333][INFO] brain.language: Learned new word: 'state' (ID: 716)
[2025-12-16 16:05:47,333][INFO] brain.language: Learned new word: 'out' (ID: 717)
[2025-12-16 16:05:47,333][INFO] brain.language: Learned new word: 'memory' (ID: 718)
[2025-12-16 16:05:47,334][INFO] brain.language: Learned new word: 'conceit' (ID: 719)
[2025-12-16 16:05:47,334][INFO] brain.language: Learned new word: 'inconstant' (ID: 720)
[2025-12-16 16:05:47,334][INFO] brain.language: Learned new word: 'stay,' (ID: 721)
[2025-12-16 16:05:47,334][INFO] brain.language: Learned new word: 'sets' (ID: 722)
[2025-12-16 16:05:47,334][INFO] brain.language: Learned new word: 'rich' (ID: 723)
[2025-12-16 16:05:47,334][INFO] brain.language: Learned new word: 'before' (ID: 724)
[2025-12-16 16:05:47,334][INFO] brain.language: Learned new word: 'wasteful' (ID: 725)
[2025-12-16 16:05:47,334][INFO] brain.language: Learned new word: 'debateth' (ID: 726)
[2025-12-16 16:05:47,334][INFO] brain.language: Learned new word: 'decay' (ID: 727)
[2025-12-16 16:05:47,334][INFO] brain.language: Learned new word: 'sullied' (ID: 728)
[2025-12-16 16:05:47,335][INFO] brain.language: Learned new word: 'you,' (ID: 729)
[2025-12-16 16:05:47,335][INFO] brain.language: Learned new word: 'engraft' (ID: 730)
[2025-12-16 16:05:47,335][INFO] brain.language: Learned new word: 'wherefore' (ID: 731)
[2025-12-16 16:05:47,335][INFO] brain.language: Learned new word: 'mightier' (ID: 732)
[2025-12-16 16:05:47,335][INFO] brain.language: Learned new word: 'way' (ID: 733)
[2025-12-16 16:05:47,335][INFO] brain.language: Learned new word: 'bloody' (ID: 734)
[2025-12-16 16:05:47,335][INFO] brain.language: Learned new word: 'tyrant' (ID: 735)
[2025-12-16 16:05:47,335][INFO] brain.language: Learned new word: 'time?' (ID: 736)
[2025-12-16 16:05:47,336][INFO] brain.language: Learned new word: 'fortify' (ID: 737)
[2025-12-16 16:05:47,336][INFO] brain.language: Learned new word: 'means' (ID: 738)
[2025-12-16 16:05:47,336][INFO] brain.language: Learned new word: 'blessed' (ID: 739)
[2025-12-16 16:05:47,336][INFO] brain.language: Learned new word: 'rhyme?' (ID: 740)
[2025-12-16 16:05:47,336][INFO] brain.language: Learned new word: 'stand' (ID: 741)
[2025-12-16 16:05:47,336][INFO] brain.language: Learned new word: 'top' (ID: 742)
[2025-12-16 16:05:47,336][INFO] brain.language: Learned new word: 'hours,' (ID: 743)
[2025-12-16 16:05:47,336][INFO] brain.language: Learned new word: 'many' (ID: 744)
[2025-12-16 16:05:47,336][INFO] brain.language: Learned new word: 'maiden' (ID: 745)
[2025-12-16 16:05:47,336][INFO] brain.language: Learned new word: 'gardens' (ID: 746)
[2025-12-16 16:05:47,336][INFO] brain.language: Learned new word: 'unset,' (ID: 747)
[2025-12-16 16:05:47,337][INFO] brain.language: Learned new word: 'virtuous' (ID: 748)
[2025-12-16 16:05:47,337][INFO] brain.language: Learned new word: 'wish' (ID: 749)
[2025-12-16 16:05:47,337][INFO] brain.language: Learned new word: 'flowers,' (ID: 750)
[2025-12-16 16:05:47,337][INFO] brain.language: Learned new word: 'liker' (ID: 751)
[2025-12-16 16:05:47,337][INFO] brain.language: Learned new word: 'painted' (ID: 752)
[2025-12-16 16:05:47,337][INFO] brain.language: Learned new word: 'counterfeit:' (ID: 753)
[2025-12-16 16:05:47,337][INFO] brain.language: Learned new word: 'lines' (ID: 754)
[2025-12-16 16:05:47,337][INFO] brain.language: Learned new word: 'life' (ID: 755)
[2025-12-16 16:05:47,337][INFO] brain.language: Learned new word: '(time's' (ID: 756)
[2025-12-16 16:05:47,337][INFO] brain.language: Learned new word: 'pencil)' (ID: 757)
[2025-12-16 16:05:47,337][INFO] brain.language: Learned new word: 'pupil' (ID: 758)
[2025-12-16 16:05:47,338][INFO] brain.language: Learned new word: 'pen' (ID: 759)
[2025-12-16 16:05:47,338][INFO] brain.language: Learned new word: 'neither' (ID: 760)
[2025-12-16 16:05:47,338][INFO] brain.language: Learned new word: 'inward' (ID: 761)
[2025-12-16 16:05:47,338][INFO] brain.language: Learned new word: 'outward' (ID: 762)
[2025-12-16 16:05:47,338][INFO] brain.language: Learned new word: 'away' (ID: 763)
[2025-12-16 16:05:47,338][INFO] brain.language: Learned new word: 'keeps' (ID: 764)
[2025-12-16 16:05:47,338][INFO] brain.language: Learned new word: 'drawn' (ID: 765)
[2025-12-16 16:05:47,338][INFO] brain.language: Learned new word: 'skill' (ID: 766)
[2025-12-16 16:05:47,339][INFO] brain.language: Learned new word: 'believe' (ID: 767)
[2025-12-16 16:05:47,339][INFO] brain.language: Learned new word: 'verse' (ID: 768)
[2025-12-16 16:05:47,339][INFO] brain.language: Learned new word: 'come' (ID: 769)
[2025-12-16 16:05:47,339][INFO] brain.language: Learned new word: 'filled' (ID: 770)
[2025-12-16 16:05:47,339][INFO] brain.language: Learned new word: 'high' (ID: 771)
[2025-12-16 16:05:47,339][INFO] brain.language: Learned new word: 'deserts?' (ID: 772)
[2025-12-16 16:05:47,339][INFO] brain.language: Learned new word: 'knows' (ID: 773)
[2025-12-16 16:05:47,339][INFO] brain.language: Learned new word: 'tomb' (ID: 774)
[2025-12-16 16:05:47,339][INFO] brain.language: Learned new word: 'hides' (ID: 775)
[2025-12-16 16:05:47,339][INFO] brain.language: Learned new word: 'life,' (ID: 776)
[2025-12-16 16:05:47,339][INFO] brain.language: Learned new word: 'half' (ID: 777)
[2025-12-16 16:05:47,339][INFO] brain.language: Learned new word: 'parts:' (ID: 778)
[2025-12-16 16:05:47,340][INFO] brain.language: Learned new word: 'write' (ID: 779)
[2025-12-16 16:05:47,340][INFO] brain.language: Learned new word: 'numbers' (ID: 780)
[2025-12-16 16:05:47,340][INFO] brain.language: Learned new word: 'number' (ID: 781)
[2025-12-16 16:05:47,340][INFO] brain.language: Learned new word: 'graces,' (ID: 782)
[2025-12-16 16:05:47,340][INFO] brain.language: Learned new word: 'poet' (ID: 783)
[2025-12-16 16:05:47,340][INFO] brain.language: Learned new word: 'touches' (ID: 784)
[2025-12-16 16:05:47,340][INFO] brain.language: Learned new word: 'ne'er' (ID: 785)
[2025-12-16 16:05:47,340][INFO] brain.language: Learned new word: 'touched' (ID: 786)
[2025-12-16 16:05:47,340][INFO] brain.language: Learned new word: 'earthly' (ID: 787)
[2025-12-16 16:05:47,340][INFO] brain.language: Learned new word: 'faces' (ID: 788)
[2025-12-16 16:05:47,341][INFO] brain.language: Learned new word: 'papers' (ID: 789)
[2025-12-16 16:05:47,341][INFO] brain.language: Learned new word: '(yellowed' (ID: 790)
[2025-12-16 16:05:47,341][INFO] brain.language: Learned new word: 'age)' (ID: 791)
[2025-12-16 16:05:47,341][INFO] brain.language: Learned new word: 'scorned,' (ID: 792)
[2025-12-16 16:05:47,341][INFO] brain.language: Learned new word: 'less' (ID: 793)
[2025-12-16 16:05:47,341][INFO] brain.language: Learned new word: 'tongue,' (ID: 794)
[2025-12-16 16:05:47,341][INFO] brain.language: Learned new word: 'rights' (ID: 795)
[2025-12-16 16:05:47,341][INFO] brain.language: Learned new word: 'termed' (ID: 796)
[2025-12-16 16:05:47,341][INFO] brain.language: Learned new word: 'poet's' (ID: 797)
[2025-12-16 16:05:47,341][INFO] brain.language: Learned new word: 'rage,' (ID: 798)
[2025-12-16 16:05:47,341][INFO] brain.language: Learned new word: 'stretched' (ID: 799)
[2025-12-16 16:05:47,342][INFO] brain.language: Learned new word: 'metre' (ID: 800)
[2025-12-16 16:05:47,342][INFO] brain.language: Learned new word: 'antique' (ID: 801)
[2025-12-16 16:05:47,342][INFO] brain.language: Learned new word: 'yours' (ID: 802)
[2025-12-16 16:05:47,342][INFO] brain.language: Learned new word: 'alive' (ID: 803)
[2025-12-16 16:05:47,342][INFO] brain.language: Learned new word: 'twice' (ID: 804)
[2025-12-16 16:05:47,342][INFO] brain.language: Learned new word: 'it,' (ID: 805)
[2025-12-16 16:05:47,342][INFO] brain.language: Learned new word: 'rhyme' (ID: 806)
[2025-12-16 16:05:47,342][INFO] brain.language: Learned new word: 'compare' (ID: 807)
[2025-12-16 16:05:47,343][INFO] brain.language: Learned new word: 'day?' (ID: 808)
[2025-12-16 16:05:47,343][INFO] brain.language: Learned new word: 'temperate:' (ID: 809)
[2025-12-16 16:05:47,343][INFO] brain.language: Learned new word: 'rough' (ID: 810)
[2025-12-16 16:05:47,343][INFO] brain.language: Learned new word: 'winds' (ID: 811)
[2025-12-16 16:05:47,343][INFO] brain.language: Learned new word: 'shake' (ID: 812)
[2025-12-16 16:05:47,343][INFO] brain.language: Learned new word: 'darling' (ID: 813)
[2025-12-16 16:05:47,343][INFO] brain.language: Learned new word: 'buds' (ID: 814)
[2025-12-16 16:05:47,343][INFO] brain.language: Learned new word: 'may,' (ID: 815)
[2025-12-16 16:05:47,343][INFO] brain.language: Learned new word: 'short' (ID: 816)
[2025-12-16 16:05:47,343][INFO] brain.language: Learned new word: 'date:' (ID: 817)
[2025-12-16 16:05:47,344][INFO] brain.language: Learned new word: 'sometime' (ID: 818)
[2025-12-16 16:05:47,344][INFO] brain.language: Learned new word: 'hot' (ID: 819)
[2025-12-16 16:05:47,344][INFO] brain.language: Learned new word: 'shines,' (ID: 820)
[2025-12-16 16:05:47,344][INFO] brain.language: Learned new word: 'often' (ID: 821)
[2025-12-16 16:05:47,344][INFO] brain.language: Learned new word: 'gold' (ID: 822)
[2025-12-16 16:05:47,344][INFO] brain.language: Learned new word: 'complexion' (ID: 823)
[2025-12-16 16:05:47,344][INFO] brain.language: Learned new word: 'dimmed,' (ID: 824)
[2025-12-16 16:05:47,344][INFO] brain.language: Learned new word: 'declines,' (ID: 825)
[2025-12-16 16:05:47,344][INFO] brain.language: Learned new word: 'chance,' (ID: 826)
[2025-12-16 16:05:47,344][INFO] brain.language: Learned new word: 'changing' (ID: 827)
[2025-12-16 16:05:47,344][INFO] brain.language: Learned new word: 'course' (ID: 828)
[2025-12-16 16:05:47,345][INFO] brain.language: Learned new word: 'untrimmed:' (ID: 829)
[2025-12-16 16:05:47,345][INFO] brain.language: Learned new word: 'fade,' (ID: 830)
[2025-12-16 16:05:47,345][INFO] brain.language: Learned new word: 'lose' (ID: 831)
[2025-12-16 16:05:47,345][INFO] brain.language: Learned new word: 'possession' (ID: 832)
[2025-12-16 16:05:47,345][INFO] brain.language: Learned new word: 'ow'st,' (ID: 833)
[2025-12-16 16:05:47,345][INFO] brain.language: Learned new word: 'brag' (ID: 834)
[2025-12-16 16:05:47,345][INFO] brain.language: Learned new word: 'wand'rest' (ID: 835)
[2025-12-16 16:05:47,345][INFO] brain.language: Learned new word: 'shade,' (ID: 836)
[2025-12-16 16:05:47,345][INFO] brain.language: Learned new word: 'long' (ID: 837)
[2025-12-16 16:05:47,345][INFO] brain.language: Learned new word: 'breathe' (ID: 838)
[2025-12-16 16:05:47,346][INFO] brain.language: Learned new word: 'this,' (ID: 839)
[2025-12-16 16:05:47,346][INFO] brain.language: Learned new word: 'devouring' (ID: 840)
[2025-12-16 16:05:47,346][INFO] brain.language: Learned new word: 'blunt' (ID: 841)
[2025-12-16 16:05:47,346][INFO] brain.language: Learned new word: 'lion's' (ID: 842)
[2025-12-16 16:05:47,346][INFO] brain.language: Learned new word: 'paws,' (ID: 843)
[2025-12-16 16:05:47,347][INFO] brain.language: Learned new word: 'earth' (ID: 844)
[2025-12-16 16:05:47,347][INFO] brain.language: Learned new word: 'devour' (ID: 845)
[2025-12-16 16:05:47,347][INFO] brain.language: Learned new word: 'brood,' (ID: 846)
[2025-12-16 16:05:47,347][INFO] brain.language: Learned new word: 'pluck' (ID: 847)
[2025-12-16 16:05:47,347][INFO] brain.language: Learned new word: 'keen' (ID: 848)
[2025-12-16 16:05:47,347][INFO] brain.language: Learned new word: 'teeth' (ID: 849)
[2025-12-16 16:05:47,347][INFO] brain.language: Learned new word: 'fierce' (ID: 850)
[2025-12-16 16:05:47,347][INFO] brain.language: Learned new word: 'tiger's' (ID: 851)
[2025-12-16 16:05:47,347][INFO] brain.language: Learned new word: 'jaws,' (ID: 852)
[2025-12-16 16:05:47,347][INFO] brain.language: Learned new word: 'burn' (ID: 853)
[2025-12-16 16:05:47,348][INFO] brain.language: Learned new word: 'long-lived' (ID: 854)
[2025-12-16 16:05:47,348][INFO] brain.language: Learned new word: 'phoenix,' (ID: 855)
[2025-12-16 16:05:47,348][INFO] brain.language: Learned new word: 'blood,' (ID: 856)
[2025-12-16 16:05:47,348][INFO] brain.language: Learned new word: 'glad' (ID: 857)
[2025-12-16 16:05:47,348][INFO] brain.language: Learned new word: 'sorry' (ID: 858)
[2025-12-16 16:05:47,348][INFO] brain.language: Learned new word: 'seasons' (ID: 859)
[2025-12-16 16:05:47,348][INFO] brain.language: Learned new word: 'fleet'st,' (ID: 860)
[2025-12-16 16:05:47,348][INFO] brain.language: Learned new word: 'whate'er' (ID: 861)
[2025-12-16 16:05:47,348][INFO] brain.language: Learned new word: 'swift-footed' (ID: 862)
[2025-12-16 16:05:47,348][INFO] brain.language: Learned new word: 'wide' (ID: 863)
[2025-12-16 16:05:47,349][INFO] brain.language: Learned new word: 'fading' (ID: 864)
[2025-12-16 16:05:47,349][INFO] brain.language: Learned new word: 'sweets:' (ID: 865)
[2025-12-16 16:05:47,349][INFO] brain.language: Learned new word: 'forbid' (ID: 866)
[2025-12-16 16:05:47,349][INFO] brain.language: Learned new word: 'heinous' (ID: 867)
[2025-12-16 16:05:47,349][INFO] brain.language: Learned new word: 'crime,' (ID: 868)
[2025-12-16 16:05:47,350][INFO] brain.language: Learned new word: 'carve' (ID: 869)
[2025-12-16 16:05:47,350][INFO] brain.language: Learned new word: 'love's' (ID: 870)
[2025-12-16 16:05:47,350][INFO] brain.language: Learned new word: 'draw' (ID: 871)
[2025-12-16 16:05:47,350][INFO] brain.language: Learned new word: 'there' (ID: 872)
[2025-12-16 16:05:47,350][INFO] brain.language: Learned new word: 'pen,' (ID: 873)
[2025-12-16 16:05:47,350][INFO] brain.language: Learned new word: 'untainted' (ID: 874)
[2025-12-16 16:05:47,350][INFO] brain.language: Learned new word: 'allow,' (ID: 875)
[2025-12-16 16:05:47,351][INFO] brain.language: Learned new word: 'pattern' (ID: 876)
[2025-12-16 16:05:47,351][INFO] brain.language: Learned new word: 'succeeding' (ID: 877)
[2025-12-16 16:05:47,351][INFO] brain.language: Learned new word: 'worst' (ID: 878)
[2025-12-16 16:05:47,351][INFO] brain.language: Learned new word: 'time:' (ID: 879)
[2025-12-16 16:05:47,351][INFO] brain.language: Learned new word: 'wrong,' (ID: 880)
[2025-12-16 16:05:47,352][INFO] brain.language: Learned new word: 'ever' (ID: 881)
[2025-12-16 16:05:47,352][INFO] brain.language: Learned new word: 'young' (ID: 882)
[2025-12-16 16:05:47,352][INFO] brain.language: Learned new word: 'woman's' (ID: 883)
[2025-12-16 16:05:47,353][INFO] brain.language: Learned new word: 'painted,' (ID: 884)
[2025-12-16 16:05:47,353][INFO] brain.language: Learned new word: 'master' (ID: 885)
[2025-12-16 16:05:47,354][INFO] brain.language: Learned new word: 'mistress' (ID: 886)
[2025-12-16 16:05:47,354][INFO] brain.language: Learned new word: 'passion,' (ID: 887)
[2025-12-16 16:05:47,355][INFO] brain.language: Learned new word: 'heart' (ID: 888)
[2025-12-16 16:05:47,355][INFO] brain.language: Learned new word: 'acquainted' (ID: 889)
[2025-12-16 16:05:47,356][INFO] brain.language: Learned new word: 'shifting' (ID: 890)
[2025-12-16 16:05:47,356][INFO] brain.language: Learned new word: 'false' (ID: 891)
[2025-12-16 16:05:47,356][INFO] brain.language: Learned new word: 'women's' (ID: 892)
[2025-12-16 16:05:47,356][INFO] brain.language: Learned new word: 'fashion,' (ID: 893)
[2025-12-16 16:05:47,356][INFO] brain.language: Learned new word: 'theirs,' (ID: 894)
[2025-12-16 16:05:47,357][INFO] brain.language: Learned new word: 'rolling:' (ID: 895)
[2025-12-16 16:05:47,357][INFO] brain.language: Learned new word: 'gilding' (ID: 896)
[2025-12-16 16:05:47,357][INFO] brain.language: Learned new word: 'object' (ID: 897)
[2025-12-16 16:05:47,357][INFO] brain.language: Learned new word: 'whereupon' (ID: 898)
[2025-12-16 16:05:47,357][INFO] brain.language: Learned new word: 'gazeth,' (ID: 899)
[2025-12-16 16:05:47,357][INFO] brain.language: Learned new word: 'man' (ID: 900)
[2025-12-16 16:05:47,357][INFO] brain.language: Learned new word: 'hue' (ID: 901)
[2025-12-16 16:05:47,357][INFO] brain.language: Learned new word: 'hues' (ID: 902)
[2025-12-16 16:05:47,357][INFO] brain.language: Learned new word: 'controlling,' (ID: 903)
[2025-12-16 16:05:47,358][INFO] brain.language: Learned new word: 'steals' (ID: 904)
[2025-12-16 16:05:47,358][INFO] brain.language: Learned new word: 'men's' (ID: 905)
[2025-12-16 16:05:47,358][INFO] brain.language: Learned new word: 'souls' (ID: 906)
[2025-12-16 16:05:47,358][INFO] brain.language: Learned new word: 'amazeth' (ID: 907)
[2025-12-16 16:05:47,358][INFO] brain.language: Learned new word: 'woman' (ID: 908)
[2025-12-16 16:05:47,358][INFO] brain.language: Learned new word: 'wert' (ID: 909)
[2025-12-16 16:05:47,358][INFO] brain.language: Learned new word: 'first' (ID: 910)
[2025-12-16 16:05:47,358][INFO] brain.language: Learned new word: 'created,' (ID: 911)
[2025-12-16 16:05:47,359][INFO] brain.language: Learned new word: 'till' (ID: 912)
[2025-12-16 16:05:47,359][INFO] brain.language: Learned new word: 'wrought' (ID: 913)
[2025-12-16 16:05:47,359][INFO] brain.language: Learned new word: 'fell' (ID: 914)
[2025-12-16 16:05:47,359][INFO] brain.language: Learned new word: 'a-doting,' (ID: 915)
[2025-12-16 16:05:47,359][INFO] brain.language: Learned new word: 'addition' (ID: 916)
[2025-12-16 16:05:47,359][INFO] brain.language: Learned new word: 'defeated,' (ID: 917)
[2025-12-16 16:05:47,359][INFO] brain.language: Learned new word: 'adding' (ID: 918)
[2025-12-16 16:05:47,359][INFO] brain.language: Learned new word: 'purpose' (ID: 919)
[2025-12-16 16:05:47,360][INFO] brain.language: Learned new word: 'pricked' (ID: 920)
[2025-12-16 16:05:47,360][INFO] brain.language: Learned new word: 'pleasure,' (ID: 921)
[2025-12-16 16:05:47,360][INFO] brain.language: Learned new word: 'muse,' (ID: 922)
[2025-12-16 16:05:47,361][INFO] brain.language: Learned new word: 'stirred' (ID: 923)
[2025-12-16 16:05:47,361][INFO] brain.language: Learned new word: 'verse,' (ID: 924)
[2025-12-16 16:05:47,361][INFO] brain.language: Learned new word: 'ornament' (ID: 925)
[2025-12-16 16:05:47,361][INFO] brain.language: Learned new word: 'rehearse,' (ID: 926)
[2025-12-16 16:05:47,361][INFO] brain.language: Learned new word: 'couplement' (ID: 927)
[2025-12-16 16:05:47,361][INFO] brain.language: Learned new word: 'sun' (ID: 928)
[2025-12-16 16:05:47,362][INFO] brain.language: Learned new word: 'moon,' (ID: 929)
[2025-12-16 16:05:47,362][INFO] brain.language: Learned new word: 'sea's' (ID: 930)
[2025-12-16 16:05:47,362][INFO] brain.language: Learned new word: 'gems:' (ID: 931)
[2025-12-16 16:05:47,362][INFO] brain.language: Learned new word: 'april's' (ID: 932)
[2025-12-16 16:05:47,362][INFO] brain.language: Learned new word: 'first-born' (ID: 933)
[2025-12-16 16:05:47,362][INFO] brain.language: Learned new word: 'things' (ID: 934)
[2025-12-16 16:05:47,362][INFO] brain.language: Learned new word: 'rare,' (ID: 935)
[2025-12-16 16:05:47,362][INFO] brain.language: Learned new word: 'heaven's' (ID: 936)
[2025-12-16 16:05:47,362][INFO] brain.language: Learned new word: 'air' (ID: 937)
[2025-12-16 16:05:47,363][INFO] brain.language: Learned new word: 'rondure' (ID: 938)
[2025-12-16 16:05:47,363][INFO] brain.language: Learned new word: 'hems' (ID: 939)
[2025-12-16 16:05:47,363][INFO] brain.language: Learned new word: 'truly' (ID: 940)
[2025-12-16 16:05:47,364][INFO] brain.language: Learned new word: 'write,' (ID: 941)
[2025-12-16 16:05:47,364][INFO] brain.language: Learned new word: 'candles' (ID: 942)
[2025-12-16 16:05:47,364][INFO] brain.language: Learned new word: 'fixed' (ID: 943)
[2025-12-16 16:05:47,365][INFO] brain.language: Learned new word: 'air:' (ID: 944)
[2025-12-16 16:05:47,365][INFO] brain.language: Learned new word: 'hearsay' (ID: 945)
[2025-12-16 16:05:47,365][INFO] brain.language: Learned new word: 'well,' (ID: 946)
[2025-12-16 16:05:47,365][INFO] brain.language: Learned new word: 'sell' (ID: 947)
[2025-12-16 16:05:47,366][INFO] brain.language: Learned new word: 'persuade' (ID: 948)
[2025-12-16 16:05:47,366][INFO] brain.language: Learned new word: 'date,' (ID: 949)
[2025-12-16 16:05:47,366][INFO] brain.language: Learned new word: 'furrows' (ID: 950)
[2025-12-16 16:05:47,366][INFO] brain.language: Learned new word: 'behold,' (ID: 951)
[2025-12-16 16:05:47,366][INFO] brain.language: Learned new word: 'days' (ID: 952)
[2025-12-16 16:05:47,366][INFO] brain.language: Learned new word: 'expiate' (ID: 953)
[2025-12-16 16:05:47,367][INFO] brain.language: Learned new word: 'cover' (ID: 954)
[2025-12-16 16:05:47,367][INFO] brain.language: Learned new word: 'seemly' (ID: 955)
[2025-12-16 16:05:47,367][INFO] brain.language: Learned new word: 'raiment' (ID: 956)
[2025-12-16 16:05:47,367][INFO] brain.language: Learned new word: 'heart,' (ID: 957)
[2025-12-16 16:05:47,367][INFO] brain.language: Learned new word: 'breast' (ID: 958)
[2025-12-16 16:05:47,367][INFO] brain.language: Learned new word: 'elder' (ID: 959)
[2025-12-16 16:05:47,367][INFO] brain.language: Learned new word: 'art?' (ID: 960)
[2025-12-16 16:05:47,368][INFO] brain.language: Learned new word: 'therefore' (ID: 961)
[2025-12-16 16:05:47,368][INFO] brain.language: Learned new word: 'thyself' (ID: 962)
[2025-12-16 16:05:47,368][INFO] brain.language: Learned new word: 'wary,' (ID: 963)
[2025-12-16 16:05:47,368][INFO] brain.language: Learned new word: 'will,' (ID: 964)
[2025-12-16 16:05:47,368][INFO] brain.language: Learned new word: 'bearing' (ID: 965)
[2025-12-16 16:05:47,368][INFO] brain.language: Learned new word: 'keep' (ID: 966)
[2025-12-16 16:05:47,368][INFO] brain.language: Learned new word: 'chary' (ID: 967)
[2025-12-16 16:05:47,368][INFO] brain.language: Learned new word: 'nurse' (ID: 968)
[2025-12-16 16:05:47,368][INFO] brain.language: Learned new word: 'babe' (ID: 969)
[2025-12-16 16:05:47,368][INFO] brain.language: Learned new word: 'faring' (ID: 970)
[2025-12-16 16:05:47,369][INFO] brain.language: Learned new word: 'ill' (ID: 971)
[2025-12-16 16:05:47,369][INFO] brain.language: Learned new word: 'presume' (ID: 972)
[2025-12-16 16:05:47,369][INFO] brain.language: Learned new word: 'slain,' (ID: 973)
[2025-12-16 16:05:47,369][INFO] brain.language: Learned new word: 'gav'st' (ID: 974)
[2025-12-16 16:05:47,369][INFO] brain.language: Learned new word: 'unperfect' (ID: 975)
[2025-12-16 16:05:47,370][INFO] brain.language: Learned new word: 'actor' (ID: 976)
[2025-12-16 16:05:47,370][INFO] brain.language: Learned new word: 'stage,' (ID: 977)
[2025-12-16 16:05:47,370][INFO] brain.language: Learned new word: 'put' (ID: 978)
[2025-12-16 16:05:47,370][INFO] brain.language: Learned new word: 'beside' (ID: 979)
[2025-12-16 16:05:47,370][INFO] brain.language: Learned new word: 'part,' (ID: 980)
[2025-12-16 16:05:47,370][INFO] brain.language: Learned new word: 'replete' (ID: 981)
[2025-12-16 16:05:47,370][INFO] brain.language: Learned new word: 'strength's' (ID: 982)
[2025-12-16 16:05:47,371][INFO] brain.language: Learned new word: 'weakens' (ID: 983)
[2025-12-16 16:05:47,371][INFO] brain.language: Learned new word: 'heart;' (ID: 984)
[2025-12-16 16:05:47,371][INFO] brain.language: Learned new word: 'trust,' (ID: 985)
[2025-12-16 16:05:47,371][INFO] brain.language: Learned new word: 'forget' (ID: 986)
[2025-12-16 16:05:47,371][INFO] brain.language: Learned new word: 'say,' (ID: 987)
[2025-12-16 16:05:47,371][INFO] brain.language: Learned new word: 'perfect' (ID: 988)
[2025-12-16 16:05:47,371][INFO] brain.language: Learned new word: 'ceremony' (ID: 989)
[2025-12-16 16:05:47,371][INFO] brain.language: Learned new word: 'rite,' (ID: 990)
[2025-12-16 16:05:47,371][INFO] brain.language: Learned new word: 'strength' (ID: 991)
[2025-12-16 16:05:47,371][INFO] brain.language: Learned new word: 'seem' (ID: 992)
[2025-12-16 16:05:47,372][INFO] brain.language: Learned new word: 'o'ercharged' (ID: 993)
[2025-12-16 16:05:47,372][INFO] brain.language: Learned new word: 'burthen' (ID: 994)
[2025-12-16 16:05:47,372][INFO] brain.language: Learned new word: 'might:' (ID: 995)
[2025-12-16 16:05:47,372][INFO] brain.language: Learned new word: 'eloquence,' (ID: 996)
[2025-12-16 16:05:47,372][INFO] brain.language: Learned new word: 'dumb' (ID: 997)
[2025-12-16 16:05:47,372][INFO] brain.language: Learned new word: 'presagers' (ID: 998)
[2025-12-16 16:05:47,372][INFO] brain.language: Learned new word: 'speaking' (ID: 999)
[2025-12-16 16:05:47,372][INFO] brain.language: Learned new word: 'breast,' (ID: 1000)
[2025-12-16 16:05:47,372][INFO] brain.language: Learned new word: 'plead' (ID: 1001)
[2025-12-16 16:05:47,372][INFO] brain.language: Learned new word: 'love,' (ID: 1002)
[2025-12-16 16:05:47,373][INFO] brain.language: Learned new word: 'recompense,' (ID: 1003)
[2025-12-16 16:05:47,373][INFO] brain.language: Learned new word: 'tongue' (ID: 1004)
[2025-12-16 16:05:47,373][INFO] brain.language: Learned new word: 'expressed' (ID: 1005)
[2025-12-16 16:05:47,373][INFO] brain.language: Learned new word: 'learn' (ID: 1006)
[2025-12-16 16:05:47,373][INFO] brain.language: Learned new word: 'silent' (ID: 1007)
[2025-12-16 16:05:47,373][INFO] brain.language: Learned new word: 'writ,' (ID: 1008)
[2025-12-16 16:05:47,374][INFO] brain.language: Learned new word: 'hear' (ID: 1009)
[2025-12-16 16:05:47,374][INFO] brain.language: Learned new word: 'belongs' (ID: 1010)
[2025-12-16 16:05:47,374][INFO] brain.language: Learned new word: 'fine' (ID: 1011)
[2025-12-16 16:05:47,374][INFO] brain.language: Learned new word: 'wit' (ID: 1012)
[2025-12-16 16:05:47,374][INFO] brain.language: Learned new word: 'played' (ID: 1013)
[2025-12-16 16:05:47,374][INFO] brain.language: Learned new word: 'painter' (ID: 1014)
[2025-12-16 16:05:47,375][INFO] brain.language: Learned new word: 'stelled,' (ID: 1015)
[2025-12-16 16:05:47,375][INFO] brain.language: Learned new word: 'table' (ID: 1016)
[2025-12-16 16:05:47,375][INFO] brain.language: Learned new word: 'body' (ID: 1017)
[2025-12-16 16:05:47,375][INFO] brain.language: Learned new word: 'wherein' (ID: 1018)
[2025-12-16 16:05:47,375][INFO] brain.language: Learned new word: ''tis' (ID: 1019)
[2025-12-16 16:05:47,375][INFO] brain.language: Learned new word: 'held,' (ID: 1020)
[2025-12-16 16:05:47,375][INFO] brain.language: Learned new word: 'perspective' (ID: 1021)
[2025-12-16 16:05:47,375][INFO] brain.language: Learned new word: 'painter's' (ID: 1022)
[2025-12-16 16:05:47,376][INFO] brain.language: Learned new word: 'skill,' (ID: 1023)
[2025-12-16 16:05:47,376][INFO] brain.language: Learned new word: 'pictured' (ID: 1024)
[2025-12-16 16:05:47,376][INFO] brain.language: Learned new word: 'bosom's' (ID: 1025)
[2025-12-16 16:05:47,376][INFO] brain.language: Learned new word: 'shop' (ID: 1026)
[2025-12-16 16:05:47,376][INFO] brain.language: Learned new word: 'hanging' (ID: 1027)
[2025-12-16 16:05:47,376][INFO] brain.language: Learned new word: 'glazed' (ID: 1028)
[2025-12-16 16:05:47,376][INFO] brain.language: Learned new word: 'eyes:' (ID: 1029)
[2025-12-16 16:05:47,376][INFO] brain.language: Learned new word: 'good' (ID: 1030)
[2025-12-16 16:05:47,376][INFO] brain.language: Learned new word: 'turns' (ID: 1031)
[2025-12-16 16:05:47,376][INFO] brain.language: Learned new word: 'done,' (ID: 1032)
[2025-12-16 16:05:47,377][INFO] brain.language: Learned new word: 'shape,' (ID: 1033)
[2025-12-16 16:05:47,377][INFO] brain.language: Learned new word: 'where-through' (ID: 1034)
[2025-12-16 16:05:47,377][INFO] brain.language: Learned new word: 'peep,' (ID: 1035)
[2025-12-16 16:05:47,377][INFO] brain.language: Learned new word: 'therein' (ID: 1036)
[2025-12-16 16:05:47,377][INFO] brain.language: Learned new word: 'thee;' (ID: 1037)
[2025-12-16 16:05:47,377][INFO] brain.language: Learned new word: 'cunning' (ID: 1038)
[2025-12-16 16:05:47,377][INFO] brain.language: Learned new word: 'want' (ID: 1039)
[2025-12-16 16:05:47,377][INFO] brain.language: Learned new word: 'grace' (ID: 1040)
[2025-12-16 16:05:47,377][INFO] brain.language: Learned new word: 'know' (ID: 1041)
[2025-12-16 16:05:47,378][INFO] brain.language: Learned new word: 'favour' (ID: 1042)
[2025-12-16 16:05:47,378][INFO] brain.language: Learned new word: 'stars,' (ID: 1043)
[2025-12-16 16:05:47,378][INFO] brain.language: Learned new word: 'public' (ID: 1044)
[2025-12-16 16:05:47,378][INFO] brain.language: Learned new word: 'titles' (ID: 1045)
[2025-12-16 16:05:47,378][INFO] brain.language: Learned new word: 'boast,' (ID: 1046)
[2025-12-16 16:05:47,378][INFO] brain.language: Learned new word: 'whilst' (ID: 1047)
[2025-12-16 16:05:47,378][INFO] brain.language: Learned new word: 'triumph' (ID: 1048)
[2025-12-16 16:05:47,378][INFO] brain.language: Learned new word: 'bars' (ID: 1049)
[2025-12-16 16:05:47,378][INFO] brain.language: Learned new word: 'most;' (ID: 1050)
[2025-12-16 16:05:47,378][INFO] brain.language: Learned new word: 'princes'' (ID: 1051)
[2025-12-16 16:05:47,379][INFO] brain.language: Learned new word: 'favourites' (ID: 1052)
[2025-12-16 16:05:47,379][INFO] brain.language: Learned new word: 'spread,' (ID: 1053)
[2025-12-16 16:05:47,379][INFO] brain.language: Learned new word: 'marigold' (ID: 1054)
[2025-12-16 16:05:47,379][INFO] brain.language: Learned new word: 'sun's' (ID: 1055)
[2025-12-16 16:05:47,379][INFO] brain.language: Learned new word: 'pride' (ID: 1056)
[2025-12-16 16:05:47,379][INFO] brain.language: Learned new word: 'lies' (ID: 1057)
[2025-12-16 16:05:47,379][INFO] brain.language: Learned new word: 'buried,' (ID: 1058)
[2025-12-16 16:05:47,379][INFO] brain.language: Learned new word: 'frown' (ID: 1059)
[2025-12-16 16:05:47,379][INFO] brain.language: Learned new word: 'glory' (ID: 1060)
[2025-12-16 16:05:47,379][INFO] brain.language: Learned new word: 'painful' (ID: 1061)
[2025-12-16 16:05:47,380][INFO] brain.language: Learned new word: 'warrior' (ID: 1062)
[2025-12-16 16:05:47,380][INFO] brain.language: Learned new word: 'famoused' (ID: 1063)
[2025-12-16 16:05:47,380][INFO] brain.language: Learned new word: 'fight,' (ID: 1064)
[2025-12-16 16:05:47,380][INFO] brain.language: Learned new word: 'thousand' (ID: 1065)
[2025-12-16 16:05:47,380][INFO] brain.language: Learned new word: 'victories' (ID: 1066)
[2025-12-16 16:05:47,380][INFO] brain.language: Learned new word: 'once' (ID: 1067)
[2025-12-16 16:05:47,380][INFO] brain.language: Learned new word: 'foiled,' (ID: 1068)
[2025-12-16 16:05:47,380][INFO] brain.language: Learned new word: 'book' (ID: 1069)
[2025-12-16 16:05:47,380][INFO] brain.language: Learned new word: 'razed' (ID: 1070)
[2025-12-16 16:05:47,380][INFO] brain.language: Learned new word: 'quite,' (ID: 1071)
[2025-12-16 16:05:47,380][INFO] brain.language: Learned new word: 'rest' (ID: 1072)
[2025-12-16 16:05:47,381][INFO] brain.language: Learned new word: 'forgot' (ID: 1073)
[2025-12-16 16:05:47,381][INFO] brain.language: Learned new word: 'toiled:' (ID: 1074)
[2025-12-16 16:05:47,381][INFO] brain.language: Learned new word: 'remove' (ID: 1075)
[2025-12-16 16:05:47,381][INFO] brain.language: Learned new word: 'removed' (ID: 1076)
[2025-12-16 16:05:47,381][INFO] brain.language: Learned new word: 'lord' (ID: 1077)
[2025-12-16 16:05:47,381][INFO] brain.language: Learned new word: 'vassalage' (ID: 1078)
[2025-12-16 16:05:47,381][INFO] brain.language: Learned new word: 'merit' (ID: 1079)
[2025-12-16 16:05:47,381][INFO] brain.language: Learned new word: 'duty' (ID: 1080)
[2025-12-16 16:05:47,381][INFO] brain.language: Learned new word: 'strongly' (ID: 1081)
[2025-12-16 16:05:47,381][INFO] brain.language: Learned new word: 'knit;' (ID: 1082)
[2025-12-16 16:05:47,382][INFO] brain.language: Learned new word: 'send' (ID: 1083)
[2025-12-16 16:05:47,382][INFO] brain.language: Learned new word: 'written' (ID: 1084)
[2025-12-16 16:05:47,382][INFO] brain.language: Learned new word: 'embassage' (ID: 1085)
[2025-12-16 16:05:47,382][INFO] brain.language: Learned new word: 'witness' (ID: 1086)
[2025-12-16 16:05:47,382][INFO] brain.language: Learned new word: 'duty,' (ID: 1087)
[2025-12-16 16:05:47,382][INFO] brain.language: Learned new word: 'show' (ID: 1088)
[2025-12-16 16:05:47,382][INFO] brain.language: Learned new word: 'great,' (ID: 1089)
[2025-12-16 16:05:47,382][INFO] brain.language: Learned new word: 'poor' (ID: 1090)
[2025-12-16 16:05:47,382][INFO] brain.language: Learned new word: 'bare,' (ID: 1091)
[2025-12-16 16:05:47,383][INFO] brain.language: Learned new word: 'wanting' (ID: 1092)
[2025-12-16 16:05:47,383][INFO] brain.language: Learned new word: 'words' (ID: 1093)
[2025-12-16 16:05:47,383][INFO] brain.language: Learned new word: 'hope' (ID: 1094)
[2025-12-16 16:05:47,383][INFO] brain.language: Learned new word: 'soul's' (ID: 1095)
[2025-12-16 16:05:47,383][INFO] brain.language: Learned new word: 'thought' (ID: 1096)
[2025-12-16 16:05:47,383][INFO] brain.language: Learned new word: '(all' (ID: 1097)
[2025-12-16 16:05:47,383][INFO] brain.language: Learned new word: 'naked)' (ID: 1098)
[2025-12-16 16:05:47,383][INFO] brain.language: Learned new word: 'bestow' (ID: 1099)
[2025-12-16 16:05:47,383][INFO] brain.language: Learned new word: 'whatsoever' (ID: 1100)
[2025-12-16 16:05:47,383][INFO] brain.language: Learned new word: 'star' (ID: 1101)
[2025-12-16 16:05:47,383][INFO] brain.language: Learned new word: 'guides' (ID: 1102)
[2025-12-16 16:05:47,384][INFO] brain.language: Learned new word: 'moving,' (ID: 1103)
[2025-12-16 16:05:47,384][INFO] brain.language: Learned new word: 'points' (ID: 1104)
[2025-12-16 16:05:47,384][INFO] brain.language: Learned new word: 'graciously' (ID: 1105)
[2025-12-16 16:05:47,384][INFO] brain.language: Learned new word: 'aspect,' (ID: 1106)
[2025-12-16 16:05:47,384][INFO] brain.language: Learned new word: 'puts' (ID: 1107)
[2025-12-16 16:05:47,384][INFO] brain.language: Learned new word: 'apparel' (ID: 1108)
[2025-12-16 16:05:47,384][INFO] brain.language: Learned new word: 'loving,' (ID: 1109)
[2025-12-16 16:05:47,384][INFO] brain.language: Learned new word: 'worthy' (ID: 1110)
[2025-12-16 16:05:47,384][INFO] brain.language: Learned new word: 'respect,' (ID: 1111)
[2025-12-16 16:05:47,385][INFO] brain.language: Learned new word: 'dare' (ID: 1112)
[2025-12-16 16:05:47,385][INFO] brain.language: Learned new word: 'boast' (ID: 1113)
[2025-12-16 16:05:47,385][INFO] brain.language: Learned new word: 'then,' (ID: 1114)
[2025-12-16 16:05:47,385][INFO] brain.language: Learned new word: 'head' (ID: 1115)
[2025-12-16 16:05:47,385][INFO] brain.language: Learned new word: 'toil,' (ID: 1116)
[2025-12-16 16:05:47,385][INFO] brain.language: Learned new word: 'haste' (ID: 1117)
[2025-12-16 16:05:47,385][INFO] brain.language: Learned new word: 'bed,' (ID: 1118)
[2025-12-16 16:05:47,385][INFO] brain.language: Learned new word: 'respose' (ID: 1119)
[2025-12-16 16:05:47,385][INFO] brain.language: Learned new word: 'limbs' (ID: 1120)
[2025-12-16 16:05:47,386][INFO] brain.language: Learned new word: 'travel' (ID: 1121)
[2025-12-16 16:05:47,386][INFO] brain.language: Learned new word: 'tired,' (ID: 1122)
[2025-12-16 16:05:47,386][INFO] brain.language: Learned new word: 'begins' (ID: 1123)
[2025-12-16 16:05:47,386][INFO] brain.language: Learned new word: 'journey' (ID: 1124)
[2025-12-16 16:05:47,386][INFO] brain.language: Learned new word: 'body's' (ID: 1125)
[2025-12-16 16:05:47,386][INFO] brain.language: Learned new word: 'work's' (ID: 1126)
[2025-12-16 16:05:47,386][INFO] brain.language: Learned new word: 'expired' (ID: 1127)
[2025-12-16 16:05:47,386][INFO] brain.language: Learned new word: 'thoughts' (ID: 1128)
[2025-12-16 16:05:47,386][INFO] brain.language: Learned new word: '(from' (ID: 1129)
[2025-12-16 16:05:47,387][INFO] brain.language: Learned new word: 'far' (ID: 1130)
[2025-12-16 16:05:47,387][INFO] brain.language: Learned new word: 'abide)' (ID: 1131)
[2025-12-16 16:05:47,387][INFO] brain.language: Learned new word: 'intend' (ID: 1132)
[2025-12-16 16:05:47,387][INFO] brain.language: Learned new word: 'zealous' (ID: 1133)
[2025-12-16 16:05:47,387][INFO] brain.language: Learned new word: 'pilgrimage' (ID: 1134)
[2025-12-16 16:05:47,387][INFO] brain.language: Learned new word: 'drooping' (ID: 1135)
[2025-12-16 16:05:47,387][INFO] brain.language: Learned new word: 'eyelids' (ID: 1136)
[2025-12-16 16:05:47,387][INFO] brain.language: Learned new word: 'open' (ID: 1137)
[2025-12-16 16:05:47,387][INFO] brain.language: Learned new word: 'wide,' (ID: 1138)
[2025-12-16 16:05:47,387][INFO] brain.language: Learned new word: 'looking' (ID: 1139)
[2025-12-16 16:05:47,387][INFO] brain.language: Learned new word: 'darkness' (ID: 1140)
[2025-12-16 16:05:47,387][INFO] brain.language: Learned new word: 'blind' (ID: 1141)
[2025-12-16 16:05:47,388][INFO] brain.language: Learned new word: 'imaginary' (ID: 1142)
[2025-12-16 16:05:47,388][INFO] brain.language: Learned new word: 'sight' (ID: 1143)
[2025-12-16 16:05:47,388][INFO] brain.language: Learned new word: 'presents' (ID: 1144)
[2025-12-16 16:05:47,388][INFO] brain.language: Learned new word: 'shadow' (ID: 1145)
[2025-12-16 16:05:47,388][INFO] brain.language: Learned new word: 'sightless' (ID: 1146)
[2025-12-16 16:05:47,388][INFO] brain.language: Learned new word: 'view,' (ID: 1147)
[2025-12-16 16:05:47,388][INFO] brain.language: Learned new word: 'jewel' (ID: 1148)
[2025-12-16 16:05:47,388][INFO] brain.language: Learned new word: '(hung' (ID: 1149)
[2025-12-16 16:05:47,388][INFO] brain.language: Learned new word: 'ghastly' (ID: 1150)
[2025-12-16 16:05:47,389][INFO] brain.language: Learned new word: 'night)' (ID: 1151)
[2025-12-16 16:05:47,389][INFO] brain.language: Learned new word: 'makes' (ID: 1152)
[2025-12-16 16:05:47,389][INFO] brain.language: Learned new word: 'black' (ID: 1153)
[2025-12-16 16:05:47,389][INFO] brain.language: Learned new word: 'night' (ID: 1154)
[2025-12-16 16:05:47,389][INFO] brain.language: Learned new word: 'beauteous,' (ID: 1155)
[2025-12-16 16:05:47,389][INFO] brain.language: Learned new word: 'thus' (ID: 1156)
[2025-12-16 16:05:47,389][INFO] brain.language: Learned new word: 'limbs,' (ID: 1157)
[2025-12-16 16:05:47,389][INFO] brain.language: Learned new word: 'quiet' (ID: 1158)
[2025-12-16 16:05:47,390][INFO] brain.language: Learned new word: 'return' (ID: 1159)
[2025-12-16 16:05:47,390][INFO] brain.language: Learned new word: 'plight' (ID: 1160)
[2025-12-16 16:05:47,390][INFO] brain.language: Learned new word: 'debarred' (ID: 1161)
[2025-12-16 16:05:47,390][INFO] brain.language: Learned new word: 'benefit' (ID: 1162)
[2025-12-16 16:05:47,390][INFO] brain.language: Learned new word: 'rest?' (ID: 1163)
[2025-12-16 16:05:47,390][INFO] brain.language: Learned new word: 'day's' (ID: 1164)
[2025-12-16 16:05:47,390][INFO] brain.language: Learned new word: 'oppression' (ID: 1165)
[2025-12-16 16:05:47,390][INFO] brain.language: Learned new word: 'eased' (ID: 1166)
[2025-12-16 16:05:47,390][INFO] brain.language: Learned new word: 'oppressed' (ID: 1167)
[2025-12-16 16:05:47,391][INFO] brain.language: Learned new word: '(though' (ID: 1168)
[2025-12-16 16:05:47,391][INFO] brain.language: Learned new word: 'enemies' (ID: 1169)
[2025-12-16 16:05:47,391][INFO] brain.language: Learned new word: 'either's' (ID: 1170)
[2025-12-16 16:05:47,391][INFO] brain.language: Learned new word: 'reign)' (ID: 1171)
[2025-12-16 16:05:47,391][INFO] brain.language: Learned new word: 'consent' (ID: 1172)
[2025-12-16 16:05:47,391][INFO] brain.language: Learned new word: 'hands' (ID: 1173)
[2025-12-16 16:05:47,391][INFO] brain.language: Learned new word: 'torture' (ID: 1174)
[2025-12-16 16:05:47,391][INFO] brain.language: Learned new word: 'complain' (ID: 1175)
[2025-12-16 16:05:47,391][INFO] brain.language: Learned new word: 'farther' (ID: 1176)
[2025-12-16 16:05:47,391][INFO] brain.language: Learned new word: 'off' (ID: 1177)
[2025-12-16 16:05:47,392][INFO] brain.language: Learned new word: 'please' (ID: 1178)
[2025-12-16 16:05:47,392][INFO] brain.language: Learned new word: 'bright,' (ID: 1179)
[2025-12-16 16:05:47,392][INFO] brain.language: Learned new word: 'clouds' (ID: 1180)
[2025-12-16 16:05:47,392][INFO] brain.language: Learned new word: 'blot' (ID: 1181)
[2025-12-16 16:05:47,392][INFO] brain.language: Learned new word: 'heaven:' (ID: 1182)
[2025-12-16 16:05:47,392][INFO] brain.language: Learned new word: 'flatter' (ID: 1183)
[2025-12-16 16:05:47,392][INFO] brain.language: Learned new word: 'swart-complexioned' (ID: 1184)
[2025-12-16 16:05:47,392][INFO] brain.language: Learned new word: 'sparkling' (ID: 1185)
[2025-12-16 16:05:47,392][INFO] brain.language: Learned new word: 'twire' (ID: 1186)
[2025-12-16 16:05:47,392][INFO] brain.language: Learned new word: 'gild'st' (ID: 1187)
[2025-12-16 16:05:47,393][INFO] brain.language: Learned new word: 'daily' (ID: 1188)
[2025-12-16 16:05:47,393][INFO] brain.language: Learned new word: 'sorrows' (ID: 1189)
[2025-12-16 16:05:47,393][INFO] brain.language: Learned new word: 'longer,' (ID: 1190)
[2025-12-16 16:05:47,393][INFO] brain.language: Learned new word: 'nightly' (ID: 1191)
[2025-12-16 16:05:47,393][INFO] brain.language: Learned new word: 'grief's' (ID: 1192)
[2025-12-16 16:05:47,393][INFO] brain.language: Learned new word: 'length' (ID: 1193)
[2025-12-16 16:05:47,393][INFO] brain.language: Learned new word: 'stronger' (ID: 1194)
[2025-12-16 16:05:47,394][INFO] brain.language: Learned new word: 'disgrace' (ID: 1195)
[2025-12-16 16:05:47,394][INFO] brain.language: Learned new word: 'alone' (ID: 1196)
[2025-12-16 16:05:47,394][INFO] brain.language: Learned new word: 'beweep' (ID: 1197)
[2025-12-16 16:05:47,394][INFO] brain.language: Learned new word: 'outcast' (ID: 1198)
[2025-12-16 16:05:47,394][INFO] brain.language: Learned new word: 'state,' (ID: 1199)
[2025-12-16 16:05:47,394][INFO] brain.language: Learned new word: 'trouble' (ID: 1200)
[2025-12-16 16:05:47,394][INFO] brain.language: Learned new word: 'deaf' (ID: 1201)
[2025-12-16 16:05:47,394][INFO] brain.language: Learned new word: 'bootless' (ID: 1202)
[2025-12-16 16:05:47,394][INFO] brain.language: Learned new word: 'cries,' (ID: 1203)
[2025-12-16 16:05:47,394][INFO] brain.language: Learned new word: 'curse' (ID: 1204)
[2025-12-16 16:05:47,395][INFO] brain.language: Learned new word: 'fate,' (ID: 1205)
[2025-12-16 16:05:47,395][INFO] brain.language: Learned new word: 'wishing' (ID: 1206)
[2025-12-16 16:05:47,395][INFO] brain.language: Learned new word: 'hope,' (ID: 1207)
[2025-12-16 16:05:47,395][INFO] brain.language: Learned new word: 'featured' (ID: 1208)
[2025-12-16 16:05:47,395][INFO] brain.language: Learned new word: 'friends' (ID: 1209)
[2025-12-16 16:05:47,395][INFO] brain.language: Learned new word: 'possessed,' (ID: 1210)
[2025-12-16 16:05:47,395][INFO] brain.language: Learned new word: 'desiring' (ID: 1211)
[2025-12-16 16:05:47,395][INFO] brain.language: Learned new word: 'man's' (ID: 1212)
[2025-12-16 16:05:47,395][INFO] brain.language: Learned new word: 'scope,' (ID: 1213)
[2025-12-16 16:05:47,395][INFO] brain.language: Learned new word: 'enjoy' (ID: 1214)
[2025-12-16 16:05:47,396][INFO] brain.language: Learned new word: 'contented' (ID: 1215)
[2025-12-16 16:05:47,396][INFO] brain.language: Learned new word: 'least,' (ID: 1216)
[2025-12-16 16:05:47,396][INFO] brain.language: Learned new word: 'these' (ID: 1217)
[2025-12-16 16:05:47,396][INFO] brain.language: Learned new word: 'almost' (ID: 1218)
[2025-12-16 16:05:47,396][INFO] brain.language: Learned new word: 'despising,' (ID: 1219)
[2025-12-16 16:05:47,396][INFO] brain.language: Learned new word: 'haply' (ID: 1220)
[2025-12-16 16:05:47,396][INFO] brain.language: Learned new word: 'think' (ID: 1221)
[2025-12-16 16:05:47,396][INFO] brain.language: Learned new word: '(like' (ID: 1222)
[2025-12-16 16:05:47,396][INFO] brain.language: Learned new word: 'lark' (ID: 1223)
[2025-12-16 16:05:47,396][INFO] brain.language: Learned new word: 'break' (ID: 1224)
[2025-12-16 16:05:47,397][INFO] brain.language: Learned new word: 'arising' (ID: 1225)
[2025-12-16 16:05:47,397][INFO] brain.language: Learned new word: 'sullen' (ID: 1226)
[2025-12-16 16:05:47,397][INFO] brain.language: Learned new word: 'earth)' (ID: 1227)
[2025-12-16 16:05:47,397][INFO] brain.language: Learned new word: 'hymns' (ID: 1228)
[2025-12-16 16:05:47,397][INFO] brain.language: Learned new word: 'gate,' (ID: 1229)
[2025-12-16 16:05:47,397][INFO] brain.language: Learned new word: 'wealth' (ID: 1230)
[2025-12-16 16:05:47,397][INFO] brain.language: Learned new word: 'brings,' (ID: 1231)
[2025-12-16 16:05:47,397][INFO] brain.language: Learned new word: 'scorn' (ID: 1232)
[2025-12-16 16:05:47,397][INFO] brain.language: Learned new word: 'kings' (ID: 1233)
[2025-12-16 16:05:47,398][INFO] brain.language: Learned new word: 'sessions' (ID: 1234)
[2025-12-16 16:05:47,398][INFO] brain.language: Learned new word: 'summon' (ID: 1235)
[2025-12-16 16:05:47,398][INFO] brain.language: Learned new word: 'past,' (ID: 1236)
[2025-12-16 16:05:47,398][INFO] brain.language: Learned new word: 'sigh' (ID: 1237)
[2025-12-16 16:05:47,398][INFO] brain.language: Learned new word: 'lack' (ID: 1238)
[2025-12-16 16:05:47,398][INFO] brain.language: Learned new word: 'sought,' (ID: 1239)
[2025-12-16 16:05:47,398][INFO] brain.language: Learned new word: 'woes' (ID: 1240)
[2025-12-16 16:05:47,398][INFO] brain.language: Learned new word: 'waste:' (ID: 1241)
[2025-12-16 16:05:47,398][INFO] brain.language: Learned new word: 'drown' (ID: 1242)
[2025-12-16 16:05:47,398][INFO] brain.language: Learned new word: '(unused' (ID: 1243)
[2025-12-16 16:05:47,399][INFO] brain.language: Learned new word: 'flow)' (ID: 1244)
[2025-12-16 16:05:47,399][INFO] brain.language: Learned new word: 'precious' (ID: 1245)
[2025-12-16 16:05:47,399][INFO] brain.language: Learned new word: 'hid' (ID: 1246)
[2025-12-16 16:05:47,399][INFO] brain.language: Learned new word: 'dateless' (ID: 1247)
[2025-12-16 16:05:47,399][INFO] brain.language: Learned new word: 'weep' (ID: 1248)
[2025-12-16 16:05:47,399][INFO] brain.language: Learned new word: 'afresh' (ID: 1249)
[2025-12-16 16:05:47,399][INFO] brain.language: Learned new word: 'cancelled' (ID: 1250)
[2025-12-16 16:05:47,399][INFO] brain.language: Learned new word: 'woe,' (ID: 1251)
[2025-12-16 16:05:47,399][INFO] brain.language: Learned new word: 'moan' (ID: 1252)
[2025-12-16 16:05:47,399][INFO] brain.language: Learned new word: 'expense' (ID: 1253)
[2025-12-16 16:05:47,400][INFO] brain.language: Learned new word: 'vanished' (ID: 1254)
[2025-12-16 16:05:47,400][INFO] brain.language: Learned new word: 'grieve' (ID: 1255)
[2025-12-16 16:05:47,400][INFO] brain.language: Learned new word: 'grievances' (ID: 1256)
[2025-12-16 16:05:47,400][INFO] brain.language: Learned new word: 'foregone,' (ID: 1257)
[2025-12-16 16:05:47,400][INFO] brain.language: Learned new word: 'heavily' (ID: 1258)
[2025-12-16 16:05:47,401][INFO] brain.language: Learned new word: 'woe' (ID: 1259)
[2025-12-16 16:05:47,401][INFO] brain.language: Learned new word: 'sad' (ID: 1260)
[2025-12-16 16:05:47,401][INFO] brain.language: Learned new word: 'account' (ID: 1261)
[2025-12-16 16:05:47,401][INFO] brain.language: Learned new word: 'fore-bemoaned' (ID: 1262)
[2025-12-16 16:05:47,402][INFO] brain.language: Learned new word: 'moan,' (ID: 1263)
[2025-12-16 16:05:47,402][INFO] brain.language: Learned new word: 'paid' (ID: 1264)
[2025-12-16 16:05:47,402][INFO] brain.language: Learned new word: 'while' (ID: 1265)
[2025-12-16 16:05:47,402][INFO] brain.language: Learned new word: '(dear' (ID: 1266)
[2025-12-16 16:05:47,403][INFO] brain.language: Learned new word: 'friend)' (ID: 1267)
[2025-12-16 16:05:47,403][INFO] brain.language: Learned new word: 'losses' (ID: 1268)
[2025-12-16 16:05:47,403][INFO] brain.language: Learned new word: 'restored,' (ID: 1269)
[2025-12-16 16:05:47,403][INFO] brain.language: Learned new word: 'endeared' (ID: 1270)
[2025-12-16 16:05:47,403][INFO] brain.language: Learned new word: 'hearts,' (ID: 1271)
[2025-12-16 16:05:47,403][INFO] brain.language: Learned new word: 'lacking' (ID: 1272)
[2025-12-16 16:05:47,403][INFO] brain.language: Learned new word: 'supposed' (ID: 1273)
[2025-12-16 16:05:47,404][INFO] brain.language: Learned new word: 'dead,' (ID: 1274)
[2025-12-16 16:05:47,404][INFO] brain.language: Learned new word: 'reigns' (ID: 1275)
[2025-12-16 16:05:47,404][INFO] brain.language: Learned new word: 'loving' (ID: 1276)
[2025-12-16 16:05:47,404][INFO] brain.language: Learned new word: 'parts,' (ID: 1277)
[2025-12-16 16:05:47,404][INFO] brain.language: Learned new word: 'buried' (ID: 1278)
[2025-12-16 16:05:47,404][INFO] brain.language: Learned new word: 'holy' (ID: 1279)
[2025-12-16 16:05:47,404][INFO] brain.language: Learned new word: 'obsequious' (ID: 1280)
[2025-12-16 16:05:47,405][INFO] brain.language: Learned new word: 'tear' (ID: 1281)
[2025-12-16 16:05:47,405][INFO] brain.language: Learned new word: 'religious' (ID: 1282)
[2025-12-16 16:05:47,405][INFO] brain.language: Learned new word: 'stol'n' (ID: 1283)
[2025-12-16 16:05:47,405][INFO] brain.language: Learned new word: 'interest' (ID: 1284)
[2025-12-16 16:05:47,405][INFO] brain.language: Learned new word: 'appear,' (ID: 1285)
[2025-12-16 16:05:47,405][INFO] brain.language: Learned new word: 'hidden' (ID: 1286)
[2025-12-16 16:05:47,405][INFO] brain.language: Learned new word: 'lie' (ID: 1287)
[2025-12-16 16:05:47,405][INFO] brain.language: Learned new word: 'hung' (ID: 1288)
[2025-12-16 16:05:47,406][INFO] brain.language: Learned new word: 'trophies' (ID: 1289)
[2025-12-16 16:05:47,406][INFO] brain.language: Learned new word: 'lovers' (ID: 1290)
[2025-12-16 16:05:47,406][INFO] brain.language: Learned new word: 'give,' (ID: 1291)
[2025-12-16 16:05:47,406][INFO] brain.language: Learned new word: 'due' (ID: 1292)
[2025-12-16 16:05:47,406][INFO] brain.language: Learned new word: 'images' (ID: 1293)
[2025-12-16 16:05:47,406][INFO] brain.language: Learned new word: 'loved,' (ID: 1294)
[2025-12-16 16:05:47,406][INFO] brain.language: Learned new word: 'view' (ID: 1295)
[2025-12-16 16:05:47,406][INFO] brain.language: Learned new word: 'they)' (ID: 1296)
[2025-12-16 16:05:47,407][INFO] brain.language: Learned new word: 'survive' (ID: 1297)
[2025-12-16 16:05:47,407][INFO] brain.language: Learned new word: 'well-contented' (ID: 1298)
[2025-12-16 16:05:47,407][INFO] brain.language: Learned new word: 'bones' (ID: 1299)
[2025-12-16 16:05:47,407][INFO] brain.language: Learned new word: 'dust' (ID: 1300)
[2025-12-16 16:05:47,407][INFO] brain.language: Learned new word: 're-survey' (ID: 1301)
[2025-12-16 16:05:47,407][INFO] brain.language: Learned new word: 'rude' (ID: 1302)
[2025-12-16 16:05:47,407][INFO] brain.language: Learned new word: 'deceased' (ID: 1303)
[2025-12-16 16:05:47,407][INFO] brain.language: Learned new word: 'lover:' (ID: 1304)
[2025-12-16 16:05:47,407][INFO] brain.language: Learned new word: 'bett'ring' (ID: 1305)
[2025-12-16 16:05:47,407][INFO] brain.language: Learned new word: 'outstripped' (ID: 1306)
[2025-12-16 16:05:47,408][INFO] brain.language: Learned new word: 'reserve' (ID: 1307)
[2025-12-16 16:05:47,408][INFO] brain.language: Learned new word: 'rhyme,' (ID: 1308)
[2025-12-16 16:05:47,408][INFO] brain.language: Learned new word: 'exceeded' (ID: 1309)
[2025-12-16 16:05:47,408][INFO] brain.language: Learned new word: 'vouchsafe' (ID: 1310)
[2025-12-16 16:05:47,408][INFO] brain.language: Learned new word: ''had' (ID: 1311)
[2025-12-16 16:05:47,408][INFO] brain.language: Learned new word: 'friend's' (ID: 1312)
[2025-12-16 16:05:47,408][INFO] brain.language: Learned new word: 'muse' (ID: 1313)
[2025-12-16 16:05:47,408][INFO] brain.language: Learned new word: 'grown' (ID: 1314)
[2025-12-16 16:05:47,408][INFO] brain.language: Learned new word: 'growing' (ID: 1315)
[2025-12-16 16:05:47,409][INFO] brain.language: Learned new word: 'dearer' (ID: 1316)
[2025-12-16 16:05:47,409][INFO] brain.language: Learned new word: 'birth' (ID: 1317)
[2025-12-16 16:05:47,409][INFO] brain.language: Learned new word: 'brought' (ID: 1318)
[2025-12-16 16:05:47,409][INFO] brain.language: Learned new word: 'march' (ID: 1319)
[2025-12-16 16:05:47,409][INFO] brain.language: Learned new word: 'ranks' (ID: 1320)
[2025-12-16 16:05:47,409][INFO] brain.language: Learned new word: 'better' (ID: 1321)
[2025-12-16 16:05:47,409][INFO] brain.language: Learned new word: 'equipage:' (ID: 1322)
[2025-12-16 16:05:47,409][INFO] brain.language: Learned new word: 'died' (ID: 1323)
[2025-12-16 16:05:47,409][INFO] brain.language: Learned new word: 'poets' (ID: 1324)
[2025-12-16 16:05:47,409][INFO] brain.language: Learned new word: 'theirs' (ID: 1325)
[2025-12-16 16:05:47,410][INFO] brain.language: Learned new word: 'style' (ID: 1326)
[2025-12-16 16:05:47,410][INFO] brain.language: Learned new word: 'i'll' (ID: 1327)
[2025-12-16 16:05:47,410][INFO] brain.language: Learned new word: 'read,' (ID: 1328)
[2025-12-16 16:05:47,410][INFO] brain.language: Learned new word: 'love'' (ID: 1329)
[2025-12-16 16:05:47,410][INFO] brain.language: Learned new word: 'full' (ID: 1330)
[2025-12-16 16:05:47,410][INFO] brain.language: Learned new word: 'glorious' (ID: 1331)
[2025-12-16 16:05:47,410][INFO] brain.language: Learned new word: 'morning' (ID: 1332)
[2025-12-16 16:05:47,410][INFO] brain.language: Learned new word: 'seen,' (ID: 1333)
[2025-12-16 16:05:47,410][INFO] brain.language: Learned new word: 'mountain' (ID: 1334)
[2025-12-16 16:05:47,411][INFO] brain.language: Learned new word: 'tops' (ID: 1335)
[2025-12-16 16:05:47,411][INFO] brain.language: Learned new word: 'sovereign' (ID: 1336)
[2025-12-16 16:05:47,411][INFO] brain.language: Learned new word: 'kissing' (ID: 1337)
[2025-12-16 16:05:47,411][INFO] brain.language: Learned new word: 'meadows' (ID: 1338)
[2025-12-16 16:05:47,411][INFO] brain.language: Learned new word: 'green;' (ID: 1339)
[2025-12-16 16:05:47,411][INFO] brain.language: Learned new word: 'pale' (ID: 1340)
[2025-12-16 16:05:47,411][INFO] brain.language: Learned new word: 'streams' (ID: 1341)
[2025-12-16 16:05:47,411][INFO] brain.language: Learned new word: 'alchemy:' (ID: 1342)
[2025-12-16 16:05:47,411][INFO] brain.language: Learned new word: 'anon' (ID: 1343)
[2025-12-16 16:05:47,411][INFO] brain.language: Learned new word: 'permit' (ID: 1344)
[2025-12-16 16:05:47,411][INFO] brain.language: Learned new word: 'basest' (ID: 1345)
[2025-12-16 16:05:47,412][INFO] brain.language: Learned new word: 'ride,' (ID: 1346)
[2025-12-16 16:05:47,412][INFO] brain.language: Learned new word: 'ugly' (ID: 1347)
[2025-12-16 16:05:47,412][INFO] brain.language: Learned new word: 'rack' (ID: 1348)
[2025-12-16 16:05:47,412][INFO] brain.language: Learned new word: 'celestial' (ID: 1349)
[2025-12-16 16:05:47,412][INFO] brain.language: Learned new word: 'face,' (ID: 1350)
[2025-12-16 16:05:47,412][INFO] brain.language: Learned new word: 'forlorn' (ID: 1351)
[2025-12-16 16:05:47,412][INFO] brain.language: Learned new word: 'visage' (ID: 1352)
[2025-12-16 16:05:47,412][INFO] brain.language: Learned new word: 'hide' (ID: 1353)
[2025-12-16 16:05:47,412][INFO] brain.language: Learned new word: 'stealing' (ID: 1354)
[2025-12-16 16:05:47,412][INFO] brain.language: Learned new word: 'unseen' (ID: 1355)
[2025-12-16 16:05:47,412][INFO] brain.language: Learned new word: 'west' (ID: 1356)
[2025-12-16 16:05:47,413][INFO] brain.language: Learned new word: 'disgrace:' (ID: 1357)
[2025-12-16 16:05:47,413][INFO] brain.language: Learned new word: 'early' (ID: 1358)
[2025-12-16 16:05:47,413][INFO] brain.language: Learned new word: 'morn' (ID: 1359)
[2025-12-16 16:05:47,413][INFO] brain.language: Learned new word: 'shine,' (ID: 1360)
[2025-12-16 16:05:47,413][INFO] brain.language: Learned new word: 'triumphant' (ID: 1361)
[2025-12-16 16:05:47,413][INFO] brain.language: Learned new word: 'splendour' (ID: 1362)
[2025-12-16 16:05:47,413][INFO] brain.language: Learned new word: 'alack,' (ID: 1363)
[2025-12-16 16:05:47,413][INFO] brain.language: Learned new word: 'hour' (ID: 1364)
[2025-12-16 16:05:47,413][INFO] brain.language: Learned new word: 'mine,' (ID: 1365)
[2025-12-16 16:05:47,413][INFO] brain.language: Learned new word: 'region' (ID: 1366)
[2025-12-16 16:05:47,413][INFO] brain.language: Learned new word: 'cloud' (ID: 1367)
[2025-12-16 16:05:47,414][INFO] brain.language: Learned new word: 'masked' (ID: 1368)
[2025-12-16 16:05:47,414][INFO] brain.language: Learned new word: 'whit' (ID: 1369)
[2025-12-16 16:05:47,414][INFO] brain.language: Learned new word: 'disdaineth,' (ID: 1370)
[2025-12-16 16:05:47,414][INFO] brain.language: Learned new word: 'suns' (ID: 1371)
[2025-12-16 16:05:47,414][INFO] brain.language: Learned new word: 'stain,' (ID: 1372)
[2025-12-16 16:05:47,414][INFO] brain.language: Learned new word: 'staineth' (ID: 1373)
[2025-12-16 16:05:47,414][INFO] brain.language: Learned new word: 'didst' (ID: 1374)
[2025-12-16 16:05:47,414][INFO] brain.language: Learned new word: 'promise' (ID: 1375)
[2025-12-16 16:05:47,415][INFO] brain.language: Learned new word: 'forth' (ID: 1376)
[2025-12-16 16:05:47,415][INFO] brain.language: Learned new word: 'cloak,' (ID: 1377)
[2025-12-16 16:05:47,415][INFO] brain.language: Learned new word: 'base' (ID: 1378)
[2025-12-16 16:05:47,415][INFO] brain.language: Learned new word: 'o'ertake' (ID: 1379)
[2025-12-16 16:05:47,415][INFO] brain.language: Learned new word: 'way,' (ID: 1380)
[2025-12-16 16:05:47,415][INFO] brain.language: Learned new word: 'hiding' (ID: 1381)
[2025-12-16 16:05:47,415][INFO] brain.language: Learned new word: 'brav'ry' (ID: 1382)
[2025-12-16 16:05:47,415][INFO] brain.language: Learned new word: 'rotten' (ID: 1383)
[2025-12-16 16:05:47,415][INFO] brain.language: Learned new word: 'smoke?' (ID: 1384)
[2025-12-16 16:05:47,415][INFO] brain.language: Learned new word: 'enough' (ID: 1385)
[2025-12-16 16:05:47,415][INFO] brain.language: Learned new word: 'break,' (ID: 1386)
[2025-12-16 16:05:47,416][INFO] brain.language: Learned new word: 'dry' (ID: 1387)
[2025-12-16 16:05:47,416][INFO] brain.language: Learned new word: 'storm-beaten' (ID: 1388)
[2025-12-16 16:05:47,416][INFO] brain.language: Learned new word: 'salve' (ID: 1389)
[2025-12-16 16:05:47,416][INFO] brain.language: Learned new word: 'speak,' (ID: 1390)
[2025-12-16 16:05:47,416][INFO] brain.language: Learned new word: 'heals' (ID: 1391)
[2025-12-16 16:05:47,416][INFO] brain.language: Learned new word: 'wound,' (ID: 1392)
[2025-12-16 16:05:47,416][INFO] brain.language: Learned new word: 'cures' (ID: 1393)
[2025-12-16 16:05:47,416][INFO] brain.language: Learned new word: 'physic' (ID: 1394)
[2025-12-16 16:05:47,416][INFO] brain.language: Learned new word: 'grief,' (ID: 1395)
[2025-12-16 16:05:47,416][INFO] brain.language: Learned new word: 'repent,' (ID: 1396)
[2025-12-16 16:05:47,416][INFO] brain.language: Learned new word: 'loss,' (ID: 1397)
[2025-12-16 16:05:47,417][INFO] brain.language: Learned new word: 'offender's' (ID: 1398)
[2025-12-16 16:05:47,417][INFO] brain.language: Learned new word: 'sorrow' (ID: 1399)
[2025-12-16 16:05:47,417][INFO] brain.language: Learned new word: 'weak' (ID: 1400)
[2025-12-16 16:05:47,417][INFO] brain.language: Learned new word: 'relief' (ID: 1401)
[2025-12-16 16:05:47,417][INFO] brain.language: Learned new word: 'bears' (ID: 1402)
[2025-12-16 16:05:47,417][INFO] brain.language: Learned new word: 'offence's' (ID: 1403)
[2025-12-16 16:05:47,417][INFO] brain.language: Learned new word: 'cross' (ID: 1404)
[2025-12-16 16:05:47,417][INFO] brain.language: Learned new word: 'tears' (ID: 1405)
[2025-12-16 16:05:47,417][INFO] brain.language: Learned new word: 'pearl' (ID: 1406)
[2025-12-16 16:05:47,417][INFO] brain.language: Learned new word: 'sheds,' (ID: 1407)
[2025-12-16 16:05:47,418][INFO] brain.language: Learned new word: 'rich,' (ID: 1408)
[2025-12-16 16:05:47,418][INFO] brain.language: Learned new word: 'ransom' (ID: 1409)
[2025-12-16 16:05:47,418][INFO] brain.language: Learned new word: 'deeds' (ID: 1410)
[2025-12-16 16:05:47,418][INFO] brain.language: Learned new word: 'grieved' (ID: 1411)
[2025-12-16 16:05:47,418][INFO] brain.language: Learned new word: 'roses' (ID: 1412)
[2025-12-16 16:05:47,418][INFO] brain.language: Learned new word: 'thorns,' (ID: 1413)
[2025-12-16 16:05:47,418][INFO] brain.language: Learned new word: 'silver' (ID: 1414)
[2025-12-16 16:05:47,418][INFO] brain.language: Learned new word: 'fountains' (ID: 1415)
[2025-12-16 16:05:47,418][INFO] brain.language: Learned new word: 'mud,' (ID: 1416)
[2025-12-16 16:05:47,418][INFO] brain.language: Learned new word: 'eclipses' (ID: 1417)
[2025-12-16 16:05:47,419][INFO] brain.language: Learned new word: 'stain' (ID: 1418)
[2025-12-16 16:05:47,419][INFO] brain.language: Learned new word: 'both' (ID: 1419)
[2025-12-16 16:05:47,419][INFO] brain.language: Learned new word: 'moon' (ID: 1420)
[2025-12-16 16:05:47,419][INFO] brain.language: Learned new word: 'sun,' (ID: 1421)
[2025-12-16 16:05:47,419][INFO] brain.language: Learned new word: 'loathsome' (ID: 1422)
[2025-12-16 16:05:47,419][INFO] brain.language: Learned new word: 'canker' (ID: 1423)
[2025-12-16 16:05:47,419][INFO] brain.language: Learned new word: 'sweetest' (ID: 1424)
[2025-12-16 16:05:47,419][INFO] brain.language: Learned new word: 'faults,' (ID: 1425)
[2025-12-16 16:05:47,419][INFO] brain.language: Learned new word: 'authorizing' (ID: 1426)
[2025-12-16 16:05:47,420][INFO] brain.language: Learned new word: 'trespass' (ID: 1427)
[2025-12-16 16:05:47,420][INFO] brain.language: Learned new word: 'compare,' (ID: 1428)
[2025-12-16 16:05:47,420][INFO] brain.language: Learned new word: 'corrupting' (ID: 1429)
[2025-12-16 16:05:47,420][INFO] brain.language: Learned new word: 'salving' (ID: 1430)
[2025-12-16 16:05:47,420][INFO] brain.language: Learned new word: 'amiss,' (ID: 1431)
[2025-12-16 16:05:47,420][INFO] brain.language: Learned new word: 'excusing' (ID: 1432)
[2025-12-16 16:05:47,420][INFO] brain.language: Learned new word: 'sins' (ID: 1433)
[2025-12-16 16:05:47,420][INFO] brain.language: Learned new word: 'are:' (ID: 1434)
[2025-12-16 16:05:47,420][INFO] brain.language: Learned new word: 'sensual' (ID: 1435)
[2025-12-16 16:05:47,420][INFO] brain.language: Learned new word: 'fault' (ID: 1436)
[2025-12-16 16:05:47,421][INFO] brain.language: Learned new word: 'bring' (ID: 1437)
[2025-12-16 16:05:47,421][INFO] brain.language: Learned new word: 'sense,' (ID: 1438)
[2025-12-16 16:05:47,421][INFO] brain.language: Learned new word: 'adverse' (ID: 1439)
[2025-12-16 16:05:47,421][INFO] brain.language: Learned new word: 'party' (ID: 1440)
[2025-12-16 16:05:47,421][INFO] brain.language: Learned new word: 'advocate,' (ID: 1441)
[2025-12-16 16:05:47,421][INFO] brain.language: Learned new word: 'lawful' (ID: 1442)
[2025-12-16 16:05:47,421][INFO] brain.language: Learned new word: 'plea' (ID: 1443)
[2025-12-16 16:05:47,421][INFO] brain.language: Learned new word: 'commence:' (ID: 1444)
[2025-12-16 16:05:47,421][INFO] brain.language: Learned new word: 'civil' (ID: 1445)
[2025-12-16 16:05:47,421][INFO] brain.language: Learned new word: 'accessary' (ID: 1446)
[2025-12-16 16:05:47,421][INFO] brain.language: Learned new word: 'needs' (ID: 1447)
[2025-12-16 16:05:47,422][INFO] brain.language: Learned new word: 'thief' (ID: 1448)
[2025-12-16 16:05:47,422][INFO] brain.language: Learned new word: 'sourly' (ID: 1449)
[2025-12-16 16:05:47,422][INFO] brain.language: Learned new word: 'robs' (ID: 1450)
[2025-12-16 16:05:47,422][INFO] brain.language: Learned new word: 'confess' (ID: 1451)
[2025-12-16 16:05:47,422][INFO] brain.language: Learned new word: 'two' (ID: 1452)
[2025-12-16 16:05:47,422][INFO] brain.language: Learned new word: 'twain,' (ID: 1453)
[2025-12-16 16:05:47,422][INFO] brain.language: Learned new word: 'although' (ID: 1454)
[2025-12-16 16:05:47,422][INFO] brain.language: Learned new word: 'our' (ID: 1455)
[2025-12-16 16:05:47,422][INFO] brain.language: Learned new word: 'undivided' (ID: 1456)
[2025-12-16 16:05:47,422][INFO] brain.language: Learned new word: 'loves' (ID: 1457)
[2025-12-16 16:05:47,423][INFO] brain.language: Learned new word: 'one:' (ID: 1458)
[2025-12-16 16:05:47,423][INFO] brain.language: Learned new word: 'blots' (ID: 1459)
[2025-12-16 16:05:47,423][INFO] brain.language: Learned new word: 'remain,' (ID: 1460)
[2025-12-16 16:05:47,423][INFO] brain.language: Learned new word: 'help,' (ID: 1461)
[2025-12-16 16:05:47,423][INFO] brain.language: Learned new word: 'separable' (ID: 1462)
[2025-12-16 16:05:47,423][INFO] brain.language: Learned new word: 'spite,' (ID: 1463)
[2025-12-16 16:05:47,423][INFO] brain.language: Learned new word: 'alter' (ID: 1464)
[2025-12-16 16:05:47,423][INFO] brain.language: Learned new word: 'sole' (ID: 1465)
[2025-12-16 16:05:47,423][INFO] brain.language: Learned new word: 'effect,' (ID: 1466)
[2025-12-16 16:05:47,424][INFO] brain.language: Learned new word: 'steal' (ID: 1467)
[2025-12-16 16:05:47,424][INFO] brain.language: Learned new word: 'delight' (ID: 1468)
[2025-12-16 16:05:47,424][INFO] brain.language: Learned new word: 'evermore' (ID: 1469)
[2025-12-16 16:05:47,424][INFO] brain.language: Learned new word: 'acknowledge' (ID: 1470)
[2025-12-16 16:05:47,424][INFO] brain.language: Learned new word: 'lest' (ID: 1471)
[2025-12-16 16:05:47,424][INFO] brain.language: Learned new word: 'bewailed' (ID: 1472)
[2025-12-16 16:05:47,424][INFO] brain.language: Learned new word: 'guilt' (ID: 1473)
[2025-12-16 16:05:47,424][INFO] brain.language: Learned new word: 'kindness' (ID: 1474)
[2025-12-16 16:05:47,424][INFO] brain.language: Learned new word: 'take' (ID: 1475)
[2025-12-16 16:05:47,425][INFO] brain.language: Learned new word: 'name:' (ID: 1476)
[2025-12-16 16:05:47,425][INFO] brain.language: Learned new word: 'sort,' (ID: 1477)
[2025-12-16 16:05:47,425][INFO] brain.language: Learned new word: 'report' (ID: 1478)
[2025-12-16 16:05:47,425][INFO] brain.language: Learned new word: 'decrepit' (ID: 1479)
[2025-12-16 16:05:47,425][INFO] brain.language: Learned new word: 'father' (ID: 1480)
[2025-12-16 16:05:47,425][INFO] brain.language: Learned new word: 'delight,' (ID: 1481)
[2025-12-16 16:05:47,425][INFO] brain.language: Learned new word: 'active' (ID: 1482)
[2025-12-16 16:05:47,425][INFO] brain.language: Learned new word: 'youth,' (ID: 1483)
[2025-12-16 16:05:47,425][INFO] brain.language: Learned new word: 'lame' (ID: 1484)
[2025-12-16 16:05:47,426][INFO] brain.language: Learned new word: 'fortune's' (ID: 1485)
[2025-12-16 16:05:47,426][INFO] brain.language: Learned new word: 'dearest' (ID: 1486)
[2025-12-16 16:05:47,426][INFO] brain.language: Learned new word: 'spite' (ID: 1487)
[2025-12-16 16:05:47,426][INFO] brain.language: Learned new word: 'comfort' (ID: 1488)
[2025-12-16 16:05:47,426][INFO] brain.language: Learned new word: 'whether' (ID: 1489)
[2025-12-16 16:05:47,426][INFO] brain.language: Learned new word: 'birth,' (ID: 1490)
[2025-12-16 16:05:47,426][INFO] brain.language: Learned new word: 'wealth,' (ID: 1491)
[2025-12-16 16:05:47,426][INFO] brain.language: Learned new word: 'wit,' (ID: 1492)
[2025-12-16 16:05:47,426][INFO] brain.language: Learned new word: 'all,' (ID: 1493)
[2025-12-16 16:05:47,427][INFO] brain.language: Learned new word: 'entitled' (ID: 1494)
[2025-12-16 16:05:47,427][INFO] brain.language: Learned new word: 'crowned' (ID: 1495)
[2025-12-16 16:05:47,427][INFO] brain.language: Learned new word: 'sit,' (ID: 1496)
[2025-12-16 16:05:47,427][INFO] brain.language: Learned new word: 'engrafted' (ID: 1497)
[2025-12-16 16:05:47,427][INFO] brain.language: Learned new word: 'store:' (ID: 1498)
[2025-12-16 16:05:47,427][INFO] brain.language: Learned new word: 'lame,' (ID: 1499)
[2025-12-16 16:05:47,427][INFO] brain.language: Learned new word: 'poor,' (ID: 1500)
[2025-12-16 16:05:47,427][INFO] brain.language: Learned new word: 'despised,' (ID: 1501)
[2025-12-16 16:05:47,427][INFO] brain.language: Learned new word: 'sufficed,' (ID: 1502)
[2025-12-16 16:05:47,427][INFO] brain.language: Learned new word: 'part' (ID: 1503)
[2025-12-16 16:05:47,428][INFO] brain.language: Learned new word: 'live:' (ID: 1504)
[2025-12-16 16:05:47,428][INFO] brain.language: Learned new word: 'best,' (ID: 1505)
[2025-12-16 16:05:47,428][INFO] brain.language: Learned new word: 'have,' (ID: 1506)
[2025-12-16 16:05:47,428][INFO] brain.language: Learned new word: 'subject' (ID: 1507)
[2025-12-16 16:05:47,428][INFO] brain.language: Learned new word: 'invent' (ID: 1508)
[2025-12-16 16:05:47,428][INFO] brain.language: Learned new word: 'pour'st' (ID: 1509)
[2025-12-16 16:05:47,428][INFO] brain.language: Learned new word: 'into' (ID: 1510)
[2025-12-16 16:05:47,428][INFO] brain.language: Learned new word: 'argument,' (ID: 1511)
[2025-12-16 16:05:47,428][INFO] brain.language: Learned new word: 'excellent,' (ID: 1512)
[2025-12-16 16:05:47,429][INFO] brain.language: Learned new word: 'vulgar' (ID: 1513)
[2025-12-16 16:05:47,429][INFO] brain.language: Learned new word: 'paper' (ID: 1514)
[2025-12-16 16:05:47,429][INFO] brain.language: Learned new word: 'rehearse?' (ID: 1515)
[2025-12-16 16:05:47,429][INFO] brain.language: Learned new word: 'thanks' (ID: 1516)
[2025-12-16 16:05:47,429][INFO] brain.language: Learned new word: 'aught' (ID: 1517)
[2025-12-16 16:05:47,429][INFO] brain.language: Learned new word: 'perusal' (ID: 1518)
[2025-12-16 16:05:47,429][INFO] brain.language: Learned new word: 'who's' (ID: 1519)
[2025-12-16 16:05:47,429][INFO] brain.language: Learned new word: 'cannot' (ID: 1520)
[2025-12-16 16:05:47,429][INFO] brain.language: Learned new word: 'invention' (ID: 1521)
[2025-12-16 16:05:47,429][INFO] brain.language: Learned new word: 'light?' (ID: 1522)
[2025-12-16 16:05:47,429][INFO] brain.language: Learned new word: 'tenth' (ID: 1523)
[2025-12-16 16:05:47,430][INFO] brain.language: Learned new word: 'nine' (ID: 1524)
[2025-12-16 16:05:47,430][INFO] brain.language: Learned new word: 'rhymers' (ID: 1525)
[2025-12-16 16:05:47,430][INFO] brain.language: Learned new word: 'invocate,' (ID: 1526)
[2025-12-16 16:05:47,430][INFO] brain.language: Learned new word: 'outlive' (ID: 1527)
[2025-12-16 16:05:47,430][INFO] brain.language: Learned new word: 'slight' (ID: 1528)
[2025-12-16 16:05:47,430][INFO] brain.language: Learned new word: 'curious' (ID: 1529)
[2025-12-16 16:05:47,430][INFO] brain.language: Learned new word: 'days,' (ID: 1530)
[2025-12-16 16:05:47,430][INFO] brain.language: Learned new word: 'pain' (ID: 1531)
[2025-12-16 16:05:47,431][INFO] brain.language: Learned new word: 'manners' (ID: 1532)
[2025-12-16 16:05:47,431][INFO] brain.language: Learned new word: 'sing,' (ID: 1533)
[2025-12-16 16:05:47,431][INFO] brain.language: Learned new word: 'me?' (ID: 1534)
[2025-12-16 16:05:47,431][INFO] brain.language: Learned new word: 'bring:' (ID: 1535)
[2025-12-16 16:05:47,431][INFO] brain.language: Learned new word: 'is't' (ID: 1536)
[2025-12-16 16:05:47,431][INFO] brain.language: Learned new word: 'thee?' (ID: 1537)
[2025-12-16 16:05:47,431][INFO] brain.language: Learned new word: 'divided' (ID: 1538)
[2025-12-16 16:05:47,431][INFO] brain.language: Learned new word: 'name' (ID: 1539)
[2025-12-16 16:05:47,431][INFO] brain.language: Learned new word: 'separation' (ID: 1540)
[2025-12-16 16:05:47,431][INFO] brain.language: Learned new word: 'give:' (ID: 1541)
[2025-12-16 16:05:47,432][INFO] brain.language: Learned new word: 'deserv'st' (ID: 1542)
[2025-12-16 16:05:47,432][INFO] brain.language: Learned new word: 'alone:' (ID: 1543)
[2025-12-16 16:05:47,432][INFO] brain.language: Learned new word: 'absence' (ID: 1544)
[2025-12-16 16:05:47,432][INFO] brain.language: Learned new word: 'torment' (ID: 1545)
[2025-12-16 16:05:47,432][INFO] brain.language: Learned new word: 'sour' (ID: 1546)
[2025-12-16 16:05:47,432][INFO] brain.language: Learned new word: 'leisure' (ID: 1547)
[2025-12-16 16:05:47,432][INFO] brain.language: Learned new word: 'leave,' (ID: 1548)
[2025-12-16 16:05:47,432][INFO] brain.language: Learned new word: 'entertain' (ID: 1549)
[2025-12-16 16:05:47,432][INFO] brain.language: Learned new word: 'deceive' (ID: 1550)
[2025-12-16 16:05:47,433][INFO] brain.language: Learned new word: 'teachest' (ID: 1551)
[2025-12-16 16:05:47,433][INFO] brain.language: Learned new word: 'praising' (ID: 1552)
[2025-12-16 16:05:47,433][INFO] brain.language: Learned new word: 'remain' (ID: 1553)
[2025-12-16 16:05:47,433][INFO] brain.language: Learned new word: 'loves,' (ID: 1554)
[2025-12-16 16:05:47,433][INFO] brain.language: Learned new word: 'yea' (ID: 1555)
[2025-12-16 16:05:47,433][INFO] brain.language: Learned new word: 'hadst' (ID: 1556)
[2025-12-16 16:05:47,433][INFO] brain.language: Learned new word: 'before?' (ID: 1557)
[2025-12-16 16:05:47,433][INFO] brain.language: Learned new word: 'call,' (ID: 1558)
[2025-12-16 16:05:47,433][INFO] brain.language: Learned new word: 'more:' (ID: 1559)
[2025-12-16 16:05:47,433][INFO] brain.language: Learned new word: 'receivest,' (ID: 1560)
[2025-12-16 16:05:47,434][INFO] brain.language: Learned new word: 'blame' (ID: 1561)
[2025-12-16 16:05:47,434][INFO] brain.language: Learned new word: 'usest,' (ID: 1562)
[2025-12-16 16:05:47,434][INFO] brain.language: Learned new word: 'blamed,' (ID: 1563)
[2025-12-16 16:05:47,434][INFO] brain.language: Learned new word: 'deceivest' (ID: 1564)
[2025-12-16 16:05:47,434][INFO] brain.language: Learned new word: 'wilful' (ID: 1565)
[2025-12-16 16:05:47,434][INFO] brain.language: Learned new word: 'taste' (ID: 1566)
[2025-12-16 16:05:47,434][INFO] brain.language: Learned new word: 'refusest' (ID: 1567)
[2025-12-16 16:05:47,434][INFO] brain.language: Learned new word: 'forgive' (ID: 1568)
[2025-12-16 16:05:47,434][INFO] brain.language: Learned new word: 'robbery' (ID: 1569)
[2025-12-16 16:05:47,435][INFO] brain.language: Learned new word: 'poverty:' (ID: 1570)
[2025-12-16 16:05:47,435][INFO] brain.language: Learned new word: 'greater' (ID: 1571)
[2025-12-16 16:05:47,435][INFO] brain.language: Learned new word: 'grief' (ID: 1572)
[2025-12-16 16:05:47,435][INFO] brain.language: Learned new word: 'hate's' (ID: 1573)
[2025-12-16 16:05:47,435][INFO] brain.language: Learned new word: 'known' (ID: 1574)
[2025-12-16 16:05:47,435][INFO] brain.language: Learned new word: 'injury' (ID: 1575)
[2025-12-16 16:05:47,435][INFO] brain.language: Learned new word: 'lascivious' (ID: 1576)
[2025-12-16 16:05:47,435][INFO] brain.language: Learned new word: 'grace,' (ID: 1577)
[2025-12-16 16:05:47,435][INFO] brain.language: Learned new word: 'shows,' (ID: 1578)
[2025-12-16 16:05:47,435][INFO] brain.language: Learned new word: 'kill' (ID: 1579)
[2025-12-16 16:05:47,436][INFO] brain.language: Learned new word: 'spites' (ID: 1580)
[2025-12-16 16:05:47,436][INFO] brain.language: Learned new word: 'foes' (ID: 1581)
[2025-12-16 16:05:47,436][INFO] brain.language: Learned new word: 'pretty' (ID: 1582)
[2025-12-16 16:05:47,436][INFO] brain.language: Learned new word: 'wrongs' (ID: 1583)
[2025-12-16 16:05:47,436][INFO] brain.language: Learned new word: 'liberty' (ID: 1584)
[2025-12-16 16:05:47,436][INFO] brain.language: Learned new word: 'commits,' (ID: 1585)
[2025-12-16 16:05:47,436][INFO] brain.language: Learned new word: 'absent' (ID: 1586)
[2025-12-16 16:05:47,436][INFO] brain.language: Learned new word: 'years' (ID: 1587)
[2025-12-16 16:05:47,436][INFO] brain.language: Learned new word: 'befits,' (ID: 1588)
[2025-12-16 16:05:47,436][INFO] brain.language: Learned new word: 'temptation' (ID: 1589)
[2025-12-16 16:05:47,437][INFO] brain.language: Learned new word: 'follows' (ID: 1590)
[2025-12-16 16:05:47,437][INFO] brain.language: Learned new word: 'won,' (ID: 1591)
[2025-12-16 16:05:47,437][INFO] brain.language: Learned new word: 'assailed' (ID: 1592)
[2025-12-16 16:05:47,437][INFO] brain.language: Learned new word: 'woos,' (ID: 1593)
[2025-12-16 16:05:47,437][INFO] brain.language: Learned new word: 'son,' (ID: 1594)
[2025-12-16 16:05:47,437][INFO] brain.language: Learned new word: 'leave' (ID: 1595)
[2025-12-16 16:05:47,437][INFO] brain.language: Learned new word: 'prevailed?' (ID: 1596)
[2025-12-16 16:05:47,437][INFO] brain.language: Learned new word: 'mightst' (ID: 1597)
[2025-12-16 16:05:47,437][INFO] brain.language: Learned new word: 'seat' (ID: 1598)
[2025-12-16 16:05:47,438][INFO] brain.language: Learned new word: 'forbear,' (ID: 1599)
[2025-12-16 16:05:47,438][INFO] brain.language: Learned new word: 'straying' (ID: 1600)
[2025-12-16 16:05:47,438][INFO] brain.language: Learned new word: 'lead' (ID: 1601)
[2025-12-16 16:05:47,438][INFO] brain.language: Learned new word: 'riot' (ID: 1602)
[2025-12-16 16:05:47,438][INFO] brain.language: Learned new word: 'forced' (ID: 1603)
[2025-12-16 16:05:47,438][INFO] brain.language: Learned new word: 'twofold' (ID: 1604)
[2025-12-16 16:05:47,438][INFO] brain.language: Learned new word: 'truth:' (ID: 1605)
[2025-12-16 16:05:47,438][INFO] brain.language: Learned new word: 'hers' (ID: 1606)
[2025-12-16 16:05:47,438][INFO] brain.language: Learned new word: 'tempting' (ID: 1607)
[2025-12-16 16:05:47,438][INFO] brain.language: Learned new word: 'said' (ID: 1608)
[2025-12-16 16:05:47,438][INFO] brain.language: Learned new word: 'loved' (ID: 1609)
[2025-12-16 16:05:47,438][INFO] brain.language: Learned new word: 'dearly,' (ID: 1610)
[2025-12-16 16:05:47,439][INFO] brain.language: Learned new word: 'wailing' (ID: 1611)
[2025-12-16 16:05:47,439][INFO] brain.language: Learned new word: 'chief,' (ID: 1612)
[2025-12-16 16:05:47,439][INFO] brain.language: Learned new word: 'loss' (ID: 1613)
[2025-12-16 16:05:47,439][INFO] brain.language: Learned new word: 'nearly' (ID: 1614)
[2025-12-16 16:05:47,439][INFO] brain.language: Learned new word: 'offenders' (ID: 1615)
[2025-12-16 16:05:47,439][INFO] brain.language: Learned new word: 'excuse' (ID: 1616)
[2025-12-16 16:05:47,439][INFO] brain.language: Learned new word: 'ye,' (ID: 1617)
[2025-12-16 16:05:47,439][INFO] brain.language: Learned new word: 'her,' (ID: 1618)
[2025-12-16 16:05:47,439][INFO] brain.language: Learned new word: 'because' (ID: 1619)
[2025-12-16 16:05:47,439][INFO] brain.language: Learned new word: 'know'st' (ID: 1620)
[2025-12-16 16:05:47,439][INFO] brain.language: Learned new word: 'sake' (ID: 1621)
[2025-12-16 16:05:47,439][INFO] brain.language: Learned new word: 'abuse' (ID: 1622)
[2025-12-16 16:05:47,439][INFO] brain.language: Learned new word: 'suff'ring' (ID: 1623)
[2025-12-16 16:05:47,439][INFO] brain.language: Learned new word: 'friend' (ID: 1624)
[2025-12-16 16:05:47,439][INFO] brain.language: Learned new word: 'approve' (ID: 1625)
[2025-12-16 16:05:47,440][INFO] brain.language: Learned new word: 'gain,' (ID: 1626)
[2025-12-16 16:05:47,440][INFO] brain.language: Learned new word: 'losing' (ID: 1627)
[2025-12-16 16:05:47,440][INFO] brain.language: Learned new word: 'found' (ID: 1628)
[2025-12-16 16:05:47,440][INFO] brain.language: Learned new word: 'other,' (ID: 1629)
[2025-12-16 16:05:47,440][INFO] brain.language: Learned new word: 'lay' (ID: 1630)
[2025-12-16 16:05:47,440][INFO] brain.language: Learned new word: 'cross,' (ID: 1631)
[2025-12-16 16:05:47,440][INFO] brain.language: Learned new word: 'here's' (ID: 1632)
[2025-12-16 16:05:47,440][INFO] brain.language: Learned new word: 'joy,' (ID: 1633)
[2025-12-16 16:05:47,440][INFO] brain.language: Learned new word: 'flattery,' (ID: 1634)
[2025-12-16 16:05:47,440][INFO] brain.language: Learned new word: 'wink' (ID: 1635)
[2025-12-16 16:05:47,440][INFO] brain.language: Learned new word: 'unrespected,' (ID: 1636)
[2025-12-16 16:05:47,440][INFO] brain.language: Learned new word: 'sleep,' (ID: 1637)
[2025-12-16 16:05:47,441][INFO] brain.language: Learned new word: 'dreams' (ID: 1638)
[2025-12-16 16:05:47,441][INFO] brain.language: Learned new word: 'darkly' (ID: 1639)
[2025-12-16 16:05:47,441][INFO] brain.language: Learned new word: 'dark' (ID: 1640)
[2025-12-16 16:05:47,441][INFO] brain.language: Learned new word: 'directed' (ID: 1641)
[2025-12-16 16:05:47,441][INFO] brain.language: Learned new word: 'shadows' (ID: 1642)
[2025-12-16 16:05:47,441][INFO] brain.language: Learned new word: 'shadow's' (ID: 1643)
[2025-12-16 16:05:47,441][INFO] brain.language: Learned new word: 'form,' (ID: 1644)
[2025-12-16 16:05:47,441][INFO] brain.language: Learned new word: 'clear' (ID: 1645)
[2025-12-16 16:05:47,442][INFO] brain.language: Learned new word: 'clearer' (ID: 1646)
[2025-12-16 16:05:47,442][INFO] brain.language: Learned new word: 'light,' (ID: 1647)
[2025-12-16 16:05:47,442][INFO] brain.language: Learned new word: 'unseeing' (ID: 1648)
[2025-12-16 16:05:47,442][INFO] brain.language: Learned new word: 'shade' (ID: 1649)
[2025-12-16 16:05:47,442][INFO] brain.language: Learned new word: 'shines' (ID: 1650)
[2025-12-16 16:05:47,442][INFO] brain.language: Learned new word: 'so!' (ID: 1651)
[2025-12-16 16:05:47,442][INFO] brain.language: Learned new word: 'say)' (ID: 1652)
[2025-12-16 16:05:47,442][INFO] brain.language: Learned new word: 'made,' (ID: 1653)
[2025-12-16 16:05:47,442][INFO] brain.language: Learned new word: 'dead' (ID: 1654)
[2025-12-16 16:05:47,442][INFO] brain.language: Learned new word: 'imperfect' (ID: 1655)
[2025-12-16 16:05:47,442][INFO] brain.language: Learned new word: 'heavy' (ID: 1656)
[2025-12-16 16:05:47,443][INFO] brain.language: Learned new word: 'sleep' (ID: 1657)
[2025-12-16 16:05:47,443][INFO] brain.language: Learned new word: 'stay!' (ID: 1658)
[2025-12-16 16:05:47,443][INFO] brain.language: Learned new word: 'nights' (ID: 1659)
[2025-12-16 16:05:47,443][INFO] brain.language: Learned new word: 'dull' (ID: 1660)
[2025-12-16 16:05:47,443][INFO] brain.language: Learned new word: 'flesh' (ID: 1661)
[2025-12-16 16:05:47,443][INFO] brain.language: Learned new word: 'injurious' (ID: 1662)
[2025-12-16 16:05:47,443][INFO] brain.language: Learned new word: 'distance' (ID: 1663)
[2025-12-16 16:05:47,443][INFO] brain.language: Learned new word: 'space' (ID: 1664)
[2025-12-16 16:05:47,443][INFO] brain.language: Learned new word: 'brought,' (ID: 1665)
[2025-12-16 16:05:47,444][INFO] brain.language: Learned new word: 'limits' (ID: 1666)
[2025-12-16 16:05:47,444][INFO] brain.language: Learned new word: 'remote,' (ID: 1667)
[2025-12-16 16:05:47,444][INFO] brain.language: Learned new word: 'matter' (ID: 1668)
[2025-12-16 16:05:47,444][INFO] brain.language: Learned new word: 'foot' (ID: 1669)
[2025-12-16 16:05:47,444][INFO] brain.language: Learned new word: 'farthest' (ID: 1670)
[2025-12-16 16:05:47,444][INFO] brain.language: Learned new word: 'nimble' (ID: 1671)
[2025-12-16 16:05:47,444][INFO] brain.language: Learned new word: 'jump' (ID: 1672)
[2025-12-16 16:05:47,444][INFO] brain.language: Learned new word: 'sea' (ID: 1673)
[2025-12-16 16:05:47,444][INFO] brain.language: Learned new word: 'land,' (ID: 1674)
[2025-12-16 16:05:47,444][INFO] brain.language: Learned new word: 'soon' (ID: 1675)
[2025-12-16 16:05:47,444][INFO] brain.language: Learned new word: 'place' (ID: 1676)
[2025-12-16 16:05:47,445][INFO] brain.language: Learned new word: 'kills' (ID: 1677)
[2025-12-16 16:05:47,445][INFO] brain.language: Learned new word: 'leap' (ID: 1678)
[2025-12-16 16:05:47,445][INFO] brain.language: Learned new word: 'large' (ID: 1679)
[2025-12-16 16:05:47,445][INFO] brain.language: Learned new word: 'lengths' (ID: 1680)
[2025-12-16 16:05:47,445][INFO] brain.language: Learned new word: 'miles' (ID: 1681)
[2025-12-16 16:05:47,445][INFO] brain.language: Learned new word: 'water' (ID: 1682)
[2025-12-16 16:05:47,445][INFO] brain.language: Learned new word: 'wrought,' (ID: 1683)
[2025-12-16 16:05:47,445][INFO] brain.language: Learned new word: 'attend,' (ID: 1684)
[2025-12-16 16:05:47,446][INFO] brain.language: Learned new word: 'receiving' (ID: 1685)
[2025-12-16 16:05:47,446][INFO] brain.language: Learned new word: 'elements' (ID: 1686)
[2025-12-16 16:05:47,446][INFO] brain.language: Learned new word: 'slow,' (ID: 1687)
[2025-12-16 16:05:47,446][INFO] brain.language: Learned new word: 'tears,' (ID: 1688)
[2025-12-16 16:05:47,446][INFO] brain.language: Learned new word: 'badges' (ID: 1689)
[2025-12-16 16:05:47,446][INFO] brain.language: Learned new word: 'two,' (ID: 1690)
[2025-12-16 16:05:47,446][INFO] brain.language: Learned new word: 'air,' (ID: 1691)
[2025-12-16 16:05:47,446][INFO] brain.language: Learned new word: 'purging' (ID: 1692)
[2025-12-16 16:05:47,447][INFO] brain.language: Learned new word: 'fire,' (ID: 1693)
[2025-12-16 16:05:47,447][INFO] brain.language: Learned new word: 'wherever' (ID: 1694)
[2025-12-16 16:05:47,447][INFO] brain.language: Learned new word: 'abide,' (ID: 1695)
[2025-12-16 16:05:47,447][INFO] brain.language: Learned new word: 'desire,' (ID: 1696)
[2025-12-16 16:05:47,447][INFO] brain.language: Learned new word: 'present-absent' (ID: 1697)
[2025-12-16 16:05:47,447][INFO] brain.language: Learned new word: 'swift' (ID: 1698)
[2025-12-16 16:05:47,447][INFO] brain.language: Learned new word: 'motion' (ID: 1699)
[2025-12-16 16:05:47,447][INFO] brain.language: Learned new word: 'slide' (ID: 1700)
[2025-12-16 16:05:47,447][INFO] brain.language: Learned new word: 'quicker' (ID: 1701)
[2025-12-16 16:05:47,447][INFO] brain.language: Learned new word: 'gone' (ID: 1702)
[2025-12-16 16:05:47,448][INFO] brain.language: Learned new word: 'embassy' (ID: 1703)
[2025-12-16 16:05:47,448][INFO] brain.language: Learned new word: 'four,' (ID: 1704)
[2025-12-16 16:05:47,448][INFO] brain.language: Learned new word: 'sinks' (ID: 1705)
[2025-12-16 16:05:47,448][INFO] brain.language: Learned new word: 'down' (ID: 1706)
[2025-12-16 16:05:47,448][INFO] brain.language: Learned new word: 'death,' (ID: 1707)
[2025-12-16 16:05:47,448][INFO] brain.language: Learned new word: 'melancholy' (ID: 1708)
[2025-12-16 16:05:47,448][INFO] brain.language: Learned new word: 'until' (ID: 1709)
[2025-12-16 16:05:47,448][INFO] brain.language: Learned new word: 'life's' (ID: 1710)
[2025-12-16 16:05:47,448][INFO] brain.language: Learned new word: 'composition' (ID: 1711)
[2025-12-16 16:05:47,448][INFO] brain.language: Learned new word: 'recured,' (ID: 1712)
[2025-12-16 16:05:47,449][INFO] brain.language: Learned new word: 'messengers' (ID: 1713)
[2025-12-16 16:05:47,449][INFO] brain.language: Learned new word: 'returned' (ID: 1714)
[2025-12-16 16:05:47,449][INFO] brain.language: Learned new word: 'assured,' (ID: 1715)
[2025-12-16 16:05:47,449][INFO] brain.language: Learned new word: 'health,' (ID: 1716)
[2025-12-16 16:05:47,449][INFO] brain.language: Learned new word: 'recounting' (ID: 1717)
[2025-12-16 16:05:49,389][INFO] dw_backend: [Upload][BG] Saved shakespeare.txt for demo (5436475 bytes)
[2025-12-16 16:05:49,390][INFO] cognitive_loop: [CognitiveLoop] File queued: shakespeare.txt
[2025-12-16 16:05:49,390][INFO] dw_backend: [Upload][BG] Queued shakespeare.txt for cognitive processing
[2025-12-16 16:05:51,672][INFO] dw_backend: [Upload][BG] Saved shakespeare.txt for demo (5436475 bytes)
[2025-12-16 16:05:51,672][INFO] cognitive_loop: [CognitiveLoop] File queued: shakespeare.txt
[2025-12-16 16:05:51,672][INFO] dw_backend: [Upload][BG] Queued shakespeare.txt for cognitive processing
[2025-12-16 16:05:52,917][INFO] brain.language: Language update 10: word_loss=5.1625, context_loss=0.0525
[2025-12-16 16:05:52,917][INFO] brain.language: Language stage: 0 → 2
[2025-12-16 16:05:52,922][INFO] cognitive_loop: [demo] ✅ File processed: Learned from text: 4214 words, 77872 sentences. Stage: 2, Vocab: 1718
[2025-12-16 16:05:52,968][INFO] cognitive_loop: [Thinking] File queued: shakespeare.txt
[2025-12-16 16:05:52,968][INFO] cognitive_loop: [demo] 📄 Processing file: shakespeare.txt
[2025-12-16 16:05:54,917][INFO] dw_backend: [Chat Binary] demo: hi
[2025-12-16 16:05:55,526][ERROR] dw_backend: Error in websocket receive: one of the variables needed for gradient computation has been modified by an inplace operation: [torch.FloatTensor [256, 512]], which is output 0 of AsStridedBackward0, is at version 30; expected version 28 instead. Hint: enable anomaly detection to find the operation that failed to compute its gradient, with torch.autograd.set_detect_anomaly(True).
Traceback (most recent call last):
  File "/home/devlord/divine-world-core/py_backend/main.py", line 406, in agent_binary_websocket
    response = agent.brain.process_language_input(user_message, context)
  File "/home/devlord/divine-world-core/py_backend/ai_core/brain_language.py", line 264, in process_language_input
    self._train_step()
    ~~~~~~~~~~~~~~~~^^
  File "/home/devlord/divine-world-core/py_backend/ai_core/brain_language.py", line 357, in _train_step
    total_loss.backward()
    ~~~~~~~~~~~~~~~~~~~^^
  File "/home/devlord/divine-world-core/py_backend/dw_env/lib/python3.13/site-packages/torch/_tensor.py", line 625, in backward
    torch.autograd.backward(
    ~~~~~~~~~~~~~~~~~~~~~~~^
        self, gradient, retain_graph, create_graph, inputs=inputs
        ^^^^^^^^^^^^^^^^^^^^^^^^^^^^^^^^^^^^^^^^^^^^^^^^^^^^^^^^^
    )
    ^
  File "/home/devlord/divine-world-core/py_backend/dw_env/lib/python3.13/site-packages/torch/autograd/__init__.py", line 354, in backward
    _engine_run_backward(
    ~~~~~~~~~~~~~~~~~~~~^
        tensors,
        ^^^^^^^^
    ...<5 lines>...
        accumulate_grad=True,
        ^^^^^^^^^^^^^^^^^^^^^
    )
    ^
  File "/home/devlord/divine-world-core/py_backend/dw_env/lib/python3.13/site-packages/torch/autograd/graph.py", line 841, in _engine_run_backward
    return Variable._execution_engine.run_backward(  # Calls into the C++ engine to run the backward pass
           ~~~~~~~~~~~~~~~~~~~~~~~~~~~~~~~~~~~~~~~^^^^^^^^^^^^^^^^^^^^^^^^^^^^^^^^^^^^^^^^^^^^^^^^^^^^^^^
        t_outputs, *args, **kwargs
        ^^^^^^^^^^^^^^^^^^^^^^^^^^
    )  # Calls into the C++ engine to run the backward pass
    ^
RuntimeError: one of the variables needed for gradient computation has been modified by an inplace operation: [torch.FloatTensor [256, 512]], which is output 0 of AsStridedBackward0, is at version 30; expected version 28 instead. Hint: enable anomaly detection to find the operation that failed to compute its gradient, with torch.autograd.set_detect_anomaly(True).
[2025-12-16 16:05:55,553][INFO] dw_backend: 🔌 Binary WebSocket disconnected: demo
[2025-12-16 16:05:57,601][INFO] brain.language: Language update 20: word_loss=5.5668, context_loss=0.0345
[2025-12-16 16:05:57,601][INFO] brain.language: Language stage: 2 → 3
[2025-12-16 16:05:57,606][INFO] cognitive_loop: [demo] ✅ File processed: Learned from text: 4214 words, 77872 sentences. Stage: 3, Vocab: 1718
[2025-12-16 16:05:57,637][INFO] cognitive_loop: [Thinking] File queued: shakespeare.txt
[2025-12-16 16:05:57,638][INFO] cognitive_loop: [demo] 📄 Processing file: shakespeare.txt
[2025-12-16 16:06:02,429][INFO] brain.language: Language update 30: word_loss=4.5767, context_loss=0.0250
[2025-12-16 16:06:02,434][INFO] cognitive_loop: [demo] ✅ File processed: Learned from text: 4214 words, 77872 sentences. Stage: 3, Vocab: 1718
[2025-12-16 16:06:02,498][INFO] cognitive_loop: 💬 demo deciding to speak: desire=0.73, reason=urgent_situation
[2025-12-16 16:06:02,536][INFO] cognitive_loop: [demo] 💬 SPOKE: "although..."
[2025-12-16 16:06:17,966][INFO] cognitive_loop: 💬 demo deciding to speak: desire=0.83, reason=urgent_situation
[2025-12-16 16:06:18,001][INFO] cognitive_loop: [demo] 💬 SPOKE: "did thy the..."
[2025-12-16 16:06:24,206][INFO] dw_backend: [Upload][BG] Saved shakespeare.txt for demo (5436475 bytes)
[2025-12-16 16:06:24,207][INFO] cognitive_loop: [CognitiveLoop] File queued: shakespeare.txt
[2025-12-16 16:06:24,207][INFO] dw_backend: [Upload][BG] Queued shakespeare.txt for cognitive processing
[2025-12-16 16:06:24,479][INFO] cognitive_loop: [Thinking] File queued: shakespeare.txt
[2025-12-16 16:06:24,480][INFO] cognitive_loop: [demo] 📄 Processing file: shakespeare.txt
[2025-12-16 16:06:29,607][INFO] brain.language: Language update 40: word_loss=3.6354, context_loss=0.0224
[2025-12-16 16:06:29,613][INFO] cognitive_loop: [demo] ✅ File processed: Learned from text: 4214 words, 77872 sentences. Stage: 3, Vocab: 1718
[2025-12-16 16:06:33,146][INFO] cognitive_loop: 💬 demo deciding to speak: desire=0.84, reason=urgent_situation
[2025-12-16 16:06:33,184][INFO] cognitive_loop: [demo] 💬 SPOKE: "gone thee unseeing would..."
[2025-12-16 16:06:48,641][INFO] cognitive_loop: 💬 demo deciding to speak: desire=0.85, reason=urgent_situation
[2025-12-16 16:06:48,668][INFO] cognitive_loop: [demo] 💬 SPOKE: "soon both the other love alone..."
[2025-12-16 16:06:55,146][INFO] cognitive_loop: [demo] Cycle 100: Focus=survival, Speeches=4
[2025-12-16 16:07:03,684][INFO] cognitive_loop: 💬 demo deciding to speak: desire=0.85, reason=urgent_situation
[2025-12-16 16:07:03,774][INFO] cognitive_loop: [demo] 💬 SPOKE: "not doth embassy two..."
[2025-12-16 16:07:19,152][INFO] cognitive_loop: 💬 demo deciding to speak: desire=0.83, reason=urgent_situation
[2025-12-16 16:07:19,179][INFO] cognitive_loop: [demo] 💬 SPOKE: "the nine account the..."
[2025-12-16 16:07:34,665][INFO] cognitive_loop: 💬 demo deciding to speak: desire=0.85, reason=urgent_situation
[2025-12-16 16:07:34,704][INFO] cognitive_loop: [demo] 💬 SPOKE: "form with where-through eyes absent art..."
[2025-12-16 16:07:45,165][INFO] cognitive_loop: [demo] Cycle 200: Focus=survival, Speeches=7
[2025-12-16 16:07:50,164][INFO] cognitive_loop: 💬 demo deciding to speak: desire=0.83, reason=urgent_situation
[2025-12-16 16:07:50,192][INFO] cognitive_loop: [demo] 💬 SPOKE: "doth thy days directed judgement bounty..."
[2025-12-16 16:07:53,867][ERROR] dw_backend: Error in websocket receive: Cannot call "receive" once a disconnect message has been received.
Traceback (most recent call last):
  File "/home/devlord/divine-world-core/py_backend/main.py", line 295, in agent_binary_websocket
  File "/home/devlord/divine-world-core/py_backend/dw_env/lib/python3.13/site-packages/starlette/websockets.py", line 57, in receive
    raise RuntimeError('Cannot call "receive" once a disconnect message has been received.')
RuntimeError: Cannot call "receive" once a disconnect message has been received.
[2025-12-16 16:07:53,873][INFO] dw_backend: 🔌 Binary WebSocket disconnected: demo
[2025-12-16 16:08:05,684][INFO] cognitive_loop: 💬 demo deciding to speak: desire=0.85, reason=urgent_situation
[2025-12-16 16:08:05,721][INFO] cognitive_loop: [demo] 💬 SPOKE: "large thy even eyes with time..."
[2025-12-16 16:08:20,783][INFO] cognitive_loop: 💬 demo deciding to speak: desire=0.85, reason=urgent_situation
[2025-12-16 16:08:21,023][INFO] cognitive_loop: [demo] 💬 SPOKE: "woman the clearer for curious..."
[2025-12-16 16:08:21,787][INFO] dw_backend: 🔌 Binary WebSocket connected: demo (v2.1.0)
[2025-12-16 16:08:21,788][INFO] dw_backend: 📡 Switching to binary protocol for demo
[2025-12-16 16:08:21,789][INFO] dw_backend: ✅ WebSocket handler registered for demo, ready to receive messages
[2025-12-16 16:08:21,789][INFO] dw_backend: 🎯 Current handlers: ['demo']
[2025-12-16 16:08:25,555][INFO] dw_backend: [Chat Binary] demo: hi
[2025-12-16 16:08:26,490][INFO] dw_backend: 🔌 Binary WebSocket connected: demo (v2.1.0)
[2025-12-16 16:08:26,491][INFO] dw_backend: 📡 Switching to binary protocol for demo
[2025-12-16 16:08:26,491][INFO] dw_backend: ✅ WebSocket handler registered for demo, ready to receive messages
[2025-12-16 16:08:26,492][INFO] dw_backend: 🎯 Current handlers: ['demo']
[2025-12-16 16:08:30,019][INFO] dw_backend: [Chat Binary] demo: ok
[2025-12-16 16:08:36,012][INFO] cognitive_loop: [demo] Cycle 300: Focus=survival, Speeches=10
[2025-12-16 16:08:36,522][INFO] cognitive_loop: 💬 demo deciding to speak: desire=0.84, reason=urgent_situation
[2025-12-16 16:08:36,601][INFO] cognitive_loop: [demo] 💬 SPOKE: "say not stop swift and mind: for..."
[2025-12-16 16:17:27,785][INFO] root: Logging initialized at INFO level. Log file: data/logs/divine_world.log
[2025-12-16 16:17:27,792][INFO] frontend_builder: Using npm at: /usr/bin/npm
[2025-12-16 16:17:27,941][WARNING] agent_spawner: Client jar not found: DWClientBot.jar (chat-only mode)
[2025-12-16 16:17:27,941][INFO] agent_spawner: AgentSpawner initialized in CHAT-ONLY mode
[2025-12-16 16:17:27,941][INFO] packager: ✅ Found frontend at: /home/devlord/divine-world-core/dw_agent/electron/react-app
[2025-12-16 16:17:27,942][INFO] auto_packager: 📦 Packaging worker started
[2025-12-16 16:17:27,942][INFO] auto_packager: AutoPackaging system initialized (output: /home/devlord/divine-world-core/npc_applications)
[2025-12-16 16:17:27,942][INFO] auto_packager: Auto-packaging enabled
[2025-12-16 16:17:27,942][INFO] dw_backend: Enhanced Agent Manager initialized with binary protocol
[2025-12-16 16:17:33,754][WARNING] dw_backend: S3 client initialization failed: Could not connect to the endpoint URL: "http://127.0.0.1:9000/divine-world"
[2025-12-16 16:17:33,888][INFO] root: Logging initialized at INFO level. Log file: data/logs/divine_world.log
[2025-12-16 16:17:33,889][WARNING] agent_spawner: Client jar not found: DWClientBot.jar (chat-only mode)
[2025-12-16 16:17:33,889][INFO] agent_spawner: AgentSpawner initialized in CHAT-ONLY mode
[2025-12-16 16:17:33,889][INFO] packager: ✅ Found frontend at: /home/devlord/divine-world-core/dw_agent/electron/react-app
[2025-12-16 16:17:33,890][INFO] auto_packager: 📦 Packaging worker started
[2025-12-16 16:17:33,890][INFO] auto_packager: AutoPackaging system initialized (output: /home/devlord/divine-world-core/npc_applications)
[2025-12-16 16:17:33,891][INFO] auto_packager: Auto-packaging enabled
[2025-12-16 16:17:33,891][INFO] dw_backend: Enhanced Agent Manager initialized with binary protocol
[2025-12-16 16:17:44,783][WARNING] dw_backend: S3 client initialization failed: Could not connect to the endpoint URL: "http://127.0.0.1:9000/divine-world"
[2025-12-16 16:22:55,829][ERROR] dw_backend: WebSocket error: (<CloseCode.ABNORMAL_CLOSURE: 1006>, '')
[2025-12-16 16:22:55,829][INFO] dw_backend: 🔌 Binary WebSocket disconnected: None
[2025-12-16 16:22:56,043][INFO] dw_backend: 🔌 Binary WebSocket connected: demo (v2.1.0)
[2025-12-16 16:22:56,043][INFO] dw_backend: Creating demo agent: demo
[2025-12-16 16:22:56,044][ERROR] cassandra.cluster: Compression is enabled, but no compression libraries are available. Disabling compression, consider installing one of the Python packages: lz4 and/or python-snappy.
[2025-12-16 16:22:56,045][WARNING] cassandra.cluster: [control connection] Error connecting to 127.0.0.1:9042:
Traceback (most recent call last):
  File "cassandra/cluster.py", line 3547, in cassandra.cluster.ControlConnection._connect_host_in_lbp
  File "cassandra/cluster.py", line 3593, in cassandra.cluster.ControlConnection._try_connect
  File "cassandra/cluster.py", line 1648, in cassandra.cluster.Cluster.connection_factory
  File "cassandra/connection.py", line 858, in cassandra.connection.Connection.factory
  File "/home/devlord/divine-world-core/py_backend/dw_env/lib/python3.13/site-packages/cassandra/io/libevreactor.py", line 272, in __init__
    self._connect_socket()
    ~~~~~~~~~~~~~~~~~~~~^^
  File "cassandra/connection.py", line 980, in cassandra.connection.Connection._connect_socket
ConnectionRefusedError: [Errno 111] Tried connecting to [('127.0.0.1', 9042)]. Last error: Connection refused
[2025-12-16 16:22:56,046][WARNING] cassandra.cluster: [control connection] Error connecting to 127.0.0.1:9042:
Traceback (most recent call last):
  File "cassandra/cluster.py", line 3547, in cassandra.cluster.ControlConnection._connect_host_in_lbp
  File "cassandra/cluster.py", line 3593, in cassandra.cluster.ControlConnection._try_connect
  File "cassandra/cluster.py", line 1648, in cassandra.cluster.Cluster.connection_factory
  File "cassandra/connection.py", line 858, in cassandra.connection.Connection.factory
  File "/home/devlord/divine-world-core/py_backend/dw_env/lib/python3.13/site-packages/cassandra/io/libevreactor.py", line 272, in __init__
    self._connect_socket()
    ~~~~~~~~~~~~~~~~~~~~^^
  File "cassandra/connection.py", line 980, in cassandra.connection.Connection._connect_socket
ConnectionRefusedError: [Errno 111] Tried connecting to [('127.0.0.1', 9042)]. Last error: Connection refused
[2025-12-16 16:22:56,047][ERROR] cassandra.cluster: Control connection failed to connect, shutting down Cluster:
Traceback (most recent call last):
  File "cassandra/cluster.py", line 1723, in cassandra.cluster.Cluster.connect
  File "cassandra/cluster.py", line 3521, in cassandra.cluster.ControlConnection.connect
  File "cassandra/cluster.py", line 3582, in cassandra.cluster.ControlConnection._reconnect_internal
cassandra.cluster.NoHostAvailable: ('Unable to connect to any servers', {'127.0.0.1:9042': ConnectionRefusedError(111, "Tried connecting to [('127.0.0.1', 9042)]. Last error: Connection refused")})
[2025-12-16 16:22:56,047][ERROR] unified_memory: ScyllaDB initialization failed: ('Unable to connect to any servers', {'127.0.0.1:9042': ConnectionRefusedError(111, "Tried connecting to [('127.0.0.1', 9042)]. Last error: Connection refused")})
[2025-12-16 16:22:56,047][INFO] unified_memory: UnifiedMemoryStore initialized for demo (In-Memory)
[2025-12-16 16:22:57,217][INFO] brain.language: Language Intelligence initialized on cpu
[2025-12-16 16:22:57,261][INFO] brain.language: Language Intelligence initialized on cpu
[2025-12-16 16:22:57,261][INFO] brain.language: Language capabilities added to BrainCore
[2025-12-16 16:22:57,262][INFO] agent: [demo] Transformer language learning initialized
[2025-12-16 16:22:57,264][INFO] world_model: Integrating WorldModel with agent demo...
[2025-12-16 16:22:57,449][INFO] world_model: WorldModel initialized: 21.29M parameters
[2025-12-16 16:22:57,449][INFO] world_model: WorldModelReplayBuffer initialized: capacity=50000, seq_len=64
[2025-12-16 16:22:57,449][INFO] world_model: WorldModelTrainer initialized
[2025-12-16 16:22:57,449][INFO] world_model: ✅ WorldModel integrated with demo
[2025-12-16 16:22:57,449][INFO] agent: [demo] World model integrated
[2025-12-16 16:22:57,738][INFO] audio_processor: AudioCapture initialized: 16000Hz, chunk=1024
[2025-12-16 16:22:57,738][INFO] audio_processor: SpeechRecognizer initialized
[2025-12-16 16:22:57,738][INFO] audio_processor: AudioProcessor initialized for demo
[2025-12-16 16:22:57,738][INFO] audio_processor: ✅ Audio processing added to demo
[2025-12-16 16:22:57,739][INFO] agent: [demo] Audio processing initialized
[2025-12-16 16:22:57,739][INFO] cognitive_loop: CognitiveLoop initialized for demo
[2025-12-16 16:22:57,739][INFO] agent: 🧠 Cognitive loop initialized for demo
[2025-12-16 16:22:57,739][INFO] agent: NPCAgent initialized: demo (gender: female, autonomous: True)
[2025-12-16 16:22:57,739][INFO] web_browser: WebBrowser initialized for demo
[2025-12-16 16:22:57,739][INFO] web_browser: ✅ Web browsing added to demo
[2025-12-16 16:22:57,739][INFO] agent: [demo] Web browsing initialized
[2025-12-16 16:22:57,739][ERROR] cassandra.cluster: Compression is enabled, but no compression libraries are available. Disabling compression, consider installing one of the Python packages: lz4 and/or python-snappy.
[2025-12-16 16:22:57,743][WARNING] cassandra.cluster: [control connection] Error connecting to 127.0.0.1:9042:
Traceback (most recent call last):
  File "cassandra/cluster.py", line 3547, in cassandra.cluster.ControlConnection._connect_host_in_lbp
  File "cassandra/cluster.py", line 3593, in cassandra.cluster.ControlConnection._try_connect
  File "cassandra/cluster.py", line 1648, in cassandra.cluster.Cluster.connection_factory
  File "cassandra/connection.py", line 858, in cassandra.connection.Connection.factory
  File "/home/devlord/divine-world-core/py_backend/dw_env/lib/python3.13/site-packages/cassandra/io/libevreactor.py", line 272, in __init__
    self._connect_socket()
    ~~~~~~~~~~~~~~~~~~~~^^
  File "cassandra/connection.py", line 980, in cassandra.connection.Connection._connect_socket
ConnectionRefusedError: [Errno 111] Tried connecting to [('127.0.0.1', 9042)]. Last error: Connection refused
[2025-12-16 16:22:57,745][WARNING] cassandra.cluster: [control connection] Error connecting to 127.0.0.1:9042:
Traceback (most recent call last):
  File "cassandra/cluster.py", line 3547, in cassandra.cluster.ControlConnection._connect_host_in_lbp
  File "cassandra/cluster.py", line 3593, in cassandra.cluster.ControlConnection._try_connect
  File "cassandra/cluster.py", line 1648, in cassandra.cluster.Cluster.connection_factory
  File "cassandra/connection.py", line 858, in cassandra.connection.Connection.factory
  File "/home/devlord/divine-world-core/py_backend/dw_env/lib/python3.13/site-packages/cassandra/io/libevreactor.py", line 272, in __init__
    self._connect_socket()
    ~~~~~~~~~~~~~~~~~~~~^^
  File "cassandra/connection.py", line 980, in cassandra.connection.Connection._connect_socket
ConnectionRefusedError: [Errno 111] Tried connecting to [('127.0.0.1', 9042)]. Last error: Connection refused
[2025-12-16 16:22:57,746][ERROR] cassandra.cluster: Control connection failed to connect, shutting down Cluster:
Traceback (most recent call last):
  File "cassandra/cluster.py", line 1723, in cassandra.cluster.Cluster.connect
  File "cassandra/cluster.py", line 3521, in cassandra.cluster.ControlConnection.connect
  File "cassandra/cluster.py", line 3582, in cassandra.cluster.ControlConnection._reconnect_internal
cassandra.cluster.NoHostAvailable: ('Unable to connect to any servers', {'127.0.0.1:9042': ConnectionRefusedError(111, "Tried connecting to [('127.0.0.1', 9042)]. Last error: Connection refused")})
[2025-12-16 16:22:57,747][ERROR] unified_memory: ScyllaDB initialization failed: ('Unable to connect to any servers', {'127.0.0.1:9042': ConnectionRefusedError(111, "Tried connecting to [('127.0.0.1', 9042)]. Last error: Connection refused")})
[2025-12-16 16:22:57,747][INFO] unified_memory: UnifiedMemoryStore initialized for demo (In-Memory)
[2025-12-16 16:22:57,747][INFO] dw_backend: ✅ UnifiedMemory attached for demo
[2025-12-16 16:22:57,747][INFO] dw_backend: ✅ Language already initialized for demo
[2025-12-16 16:22:57,747][INFO] dw_backend: 📡 Switching to binary protocol for demo
[2025-12-16 16:22:57,747][INFO] dw_backend: ✅ WebSocket handler registered for demo, ready to receive messages
[2025-12-16 16:23:01,220][INFO] dw_backend: 🔌 Binary WebSocket connected: demo (v2.1.0)
[2025-12-16 16:23:01,220][INFO] dw_backend: 📡 Switching to binary protocol for demo
[2025-12-16 16:23:01,220][INFO] dw_backend: ✅ WebSocket handler registered for demo, ready to receive messages
